{"type":"FeatureCollection","name":"henan-routes-expressway","features":[{"type":"Feature","properties":{"level":"expressway","ref":"G30","name":"连霍高速","routeKey":"expressway-G30","chainIndex":0,"sourceSegmentCount":980,"visualLengthKm":395.29,"sourceOsmCount":980},"geometry":{"type":"LineString","coordinates":[[115.2457567,34.510793],[115.2434754,34.512037],[115.2415854,34.5131237],[115.2399406,34.5142093],[115.2379394,34.5157136],[115.2362694,34.517178],[115.2340386,34.5195536],[115.2293594,34.525262],[115.2261615,34.5292222],[115.2247021,34.5310325],[115.2232698,34.5326835],[115.2219198,34.5342735],[115.2196398,34.5366435],[115.2168598,34.5391235],[115.2138198,34.5414035],[115.2119198,34.5426335],[115.2092698,34.5441435],[115.2075698,34.5450235],[115.2051698,34.5461835],[115.2033503,34.5469561],[115.2015121,34.5477348],[115.1974157,34.5494644],[115.1932908,34.5512076],[115.1896728,34.5525531],[115.1879033,34.5533001],[115.184703,34.5546764],[115.1822074,34.5560851],[115.1804709,34.5569845],[115.1774374,34.5586906],[115.1748998,34.5602505],[115.1730902,34.5614194],[115.1701102,34.5633727],[115.1677313,34.5649583],[115.1653542,34.5665234],[115.1630284,34.5680252],[115.1605795,34.5694452],[115.1578524,34.5708611],[115.1557543,34.5718194],[115.1535108,34.5727763],[115.1509786,34.5737251],[115.1486357,34.5745136],[115.1468644,34.5750371],[115.1450376,34.5755648],[115.1397688,34.577089],[115.1351524,34.5784388],[115.1327246,34.5791487],[115.1306308,34.5797452],[115.1272869,34.5807095],[115.1193698,34.5829834],[115.1165998,34.5838534],[115.1133898,34.5850434],[115.1112898,34.5858934],[115.1096098,34.5866334],[115.1077381,34.5875684],[115.104811,34.5890228],[115.10296,34.5899271],[115.1013316,34.5908488],[115.0992707,34.592166],[115.0974051,34.5934178],[115.0958446,34.5947595],[115.0932206,34.596832],[115.0913956,34.5984357],[115.0898782,34.5995913],[115.0792931,34.6091962],[115.0776392,34.6109171],[115.0741809,34.614127],[115.0719205,34.6160824],[115.070401,34.6174393],[115.0689051,34.6187311],[115.0663827,34.6206649],[115.0642976,34.6221854],[115.0622199,34.6236137],[115.04761777499999,34.631469824999996],[115.03727805,34.637780449999994],[115.0318803,34.6416348],[115.0292346,34.6435629],[115.0276989,34.6446833],[115.0256775,34.6461781],[115.0226447,34.6485946],[115.01856,34.65243],[115.0161193,34.6548187],[115.0147639,34.6562342],[115.013119,34.6579592],[115.0114329,34.6597044],[115.0098494,34.6615354],[115.0079679,34.6632567],[115.0054663,34.6653881],[115.0034147,34.6670194],[115.0019133,34.6681304],[115.0000721,34.6694412],[114.9981905,34.6707023],[114.9954199,34.672462],[114.9913425,34.6748874],[114.989424,34.6760787],[114.9824165,34.6805598],[114.9804196,34.6818237],[114.9777246,34.6833808],[114.9756584,34.6844958],[114.9740175,34.6853106],[114.96943,34.68725],[114.96588,34.68864],[114.958148,34.6912787],[114.9522299,34.6935135],[114.9485692,34.6947882],[114.9459726,34.6959267],[114.9434941,34.697126],[114.9417957,34.6980051],[114.9368268,34.7007545],[114.9326175,34.7031241],[114.9296972,34.7048343],[114.9277368,34.7059145],[114.9240675,34.7079841],[114.920447,34.7101044],[114.9186452,34.7110754],[114.9166741,34.712076],[114.9149727,34.7129166],[114.9100983,34.7149886],[114.9079167,34.7158091],[114.90053,34.7185559],[114.8977692,34.7195342],[114.8957033,34.7201804],[114.8904002,34.7220459],[114.8867715,34.723192],[114.8846315,34.723992],[114.8816868,34.7252009],[114.8796886,34.7260797],[114.8776028,34.7272635],[114.8757857,34.728208],[114.8723531,34.7301148],[114.8694092,34.7319548],[114.8675293,34.733255],[114.8659078,34.7344096],[114.8637822,34.7360751],[114.8603532,34.7390103],[114.8442885,34.7539422],[114.8395755,34.7583236],[114.8377909,34.7600252],[114.8361162,34.761384],[114.8332,34.763368],[114.83134,34.7645085],[114.8297446,34.7653577],[114.8272774,34.7664542],[114.8253844,34.7672013],[114.8187403,34.7692226],[114.8071891,34.7725718],[114.8053363,34.7731039],[114.8032622,34.7737921],[114.79966,34.77489],[114.7979771,34.7755706],[114.7948192,34.7769423],[114.7919328,34.7783518],[114.7891084,34.7798123],[114.783973,34.7824388],[114.7818277,34.7834532],[114.7786768,34.7847545],[114.7760342,34.7857668],[114.7742211,34.786309],[114.7725019,34.7869807],[114.77073,34.7874712],[114.7686081,34.7880017],[114.7664576,34.7885126],[114.7620605,34.7892764],[114.751142,34.7909429],[114.7457653,34.7918359],[114.7433187,34.7923019],[114.7412217,34.7928429],[114.738348,34.7938347],[114.7350022,34.7954358],[114.7333736,34.7964312],[114.7317201,34.7976575],[114.7296222,34.799561],[114.7280584,34.8011357],[114.7264604,34.8027878],[114.7250116,34.8039971],[114.7230625,34.805974],[114.721598,34.8074378],[114.7189052,34.8095026],[114.7160242,34.8111036],[114.7136893,34.812036],[114.7075696,34.8136696],[114.7050901,34.8142793],[114.7006508,34.8156298],[114.6978033,34.8163306],[114.6929515,34.8174873],[114.6908029,34.817955],[114.6887195,34.8183564],[114.6856283,34.818765],[114.6825067,34.8191017],[114.6800874,34.8193117],[114.67540075,34.81953365],[114.6674481,34.8202061],[114.6645875,34.8204616],[114.6609989,34.8210401],[114.6584237,34.8217099],[114.6551265,34.8229077],[114.6528273,34.8240016],[114.6507277,34.8252267],[114.6479594,34.8271484],[114.641608,34.8322207],[114.6399669,34.8335012],[114.6375493,34.8352261],[114.6356695,34.8361938],[114.63372,34.83728],[114.63086,34.83862],[114.62699,34.8401],[114.6241,34.84096],[114.6211,34.84161],[114.61929,34.84192],[114.61715,34.84221],[114.61311,34.84252],[114.6091541,34.8425037],[114.6037046,34.8422537],[114.6004877,34.8420703],[114.580030275,34.841086399999995],[114.5777868,34.8411012],[114.5719386,34.8408209],[114.5672543,34.8405816],[114.5629865,34.8403513],[114.5506973,34.8397462],[114.5461397,34.8395063],[114.5369535,34.8390156],[114.5309789,34.8387308],[114.5286635,34.838596],[114.5247135,34.8384008],[114.5162935,34.8380022],[114.5142828,34.8378799],[114.5109735,34.8375717],[114.48992985000001,34.83446935],[114.4865473,34.8340906],[114.481002,34.8332661],[114.4766705,34.8326312],[114.474425,34.8322909],[114.467355,34.8312707],[114.4610635,34.8302854],[114.4572835,34.8298354],[114.4547735,34.8296354],[114.451762,34.8295089],[114.4491035,34.8294854],[114.4469661,34.8293582],[114.444301,34.8294995],[114.4419665,34.82969],[114.4389517,34.8300555],[114.4363759,34.830419],[114.433582,34.8309808],[114.4317194,34.831383],[114.428735,34.8321505],[114.4256504,34.8330708],[114.4209755,34.834599],[114.41444,34.83678],[114.41143,34.83776],[114.40732,34.83907],[114.40207,34.8407879],[114.4001,34.84145],[114.3927488,34.8438363],[114.3903981,34.8445842],[114.388107,34.8452334],[114.3849855,34.8459905],[114.3826676,34.8464686],[114.3798682,34.846929],[114.377439,34.8472323],[114.3725637,34.8476185],[114.3703648,34.8476856],[114.3680806,34.8476882],[114.3644471,34.8475016],[114.3610998,34.847249],[114.35873,34.8471406],[114.3558643,34.8469211],[114.35311,34.8467],[114.34914,34.84643],[114.34619,34.84616],[114.34369,34.84599],[114.33922,34.84569],[114.3331,34.84528],[114.33,34.84506],[114.32787,34.8449],[114.3256503,34.8448476],[114.32151,34.84475],[114.31817,34.8448],[114.31489,34.84481],[114.31061,34.84487],[114.3011458,34.84487],[114.2992654,34.8450134],[114.2944941,34.8450428],[114.290042275,34.844977325],[114.28747,34.84489],[114.27693,34.84491],[114.2742304,34.8449443],[114.2714502,34.8449553],[114.269477,34.8449563],[114.2670051,34.8449145],[114.2648433,34.8448092],[114.262222,34.8446129],[114.2599078,34.8443627],[114.2576226,34.8440462],[114.2547852,34.8435794],[114.252327,34.8431862],[114.2498778,34.8428086],[114.2477819,34.8424785],[114.2455105,34.8421246],[114.2429405,34.8417245],[114.2408112,34.8413888],[114.2387042,34.8410542],[114.2353954,34.8405434],[114.2333875,34.8402326],[114.2315455,34.8399832],[114.229154,34.8397085],[114.2270561,34.8395099],[114.224085,34.8392666],[114.2212741,34.8390344],[114.2185423,34.8389896],[114.2148261,34.8386825],[114.2124228,34.8384876],[114.2105748,34.8383313],[114.2082888,34.838144],[114.2053619,34.8379262],[114.2030941,34.8377138],[114.2006654,34.8375179],[114.1978692,34.8372845],[114.1954364,34.8371282],[114.1928856,34.8369169],[114.1906714,34.8367353],[114.1885981,34.8365955],[114.1862726,34.8365041],[114.183809,34.8364722],[114.1817075,34.8365129],[114.1794189,34.8366219],[114.1770847,34.8367991],[114.1749054,34.837027],[114.1724378,34.837333],[114.1691025,34.8377568],[114.1658825,34.8381618],[114.1615172,34.8387111],[114.1552502,34.8395064],[114.1526547,34.8398328],[114.1498536,34.840185],[114.1472277,34.8405141],[114.1445133,34.8408564],[114.1417989,34.8411976],[114.1383348,34.8416302],[114.1351283,34.8420374],[114.1321778,34.8424095],[114.1290571,34.8428024],[114.1270472,34.8428811],[114.1249691,34.8431251],[114.1227335,34.8433213],[114.1199048,34.8434694],[114.1173006,34.8435144],[114.1147706,34.8434596],[114.1125548,34.8435203],[114.1107443,34.8433759],[114.1082887,34.8431128],[114.1065024,34.8428596],[114.1047087,34.842563],[114.10085,34.8416],[114.0948749,34.8401037],[114.0924653,34.8394748],[114.08529,34.83752],[114.08334,34.83704],[114.08151,34.83663],[114.07801,34.836],[114.07579,34.83566],[114.07141,34.83533],[114.06854,34.83519],[114.06093,34.83519],[114.05583,34.83523],[114.04307,34.83521],[114.04022,34.83513],[114.03771,34.83518],[114.035564,34.8351597],[114.0331222,34.8351674],[114.031322,34.8351574],[114.0282485,34.8352486],[114.0243831,34.8351251],[114.0194931,34.8347551],[114.0147631,34.8342051],[114.0100231,34.8337151],[114.0076631,34.8334151],[114.0030831,34.8329051],[114.0004931,34.8325751],[113.9910631,34.8315251],[113.9891697,34.8313027],[113.9867645,34.8310552],[113.9846255,34.8308768],[113.982351,34.8307216],[113.9788225,34.8305686],[113.9758209,34.8303075],[113.9722219,34.8302121],[113.9698184,34.8301515],[113.9646609,34.8300227],[113.9606616,34.8299269],[113.9574224,34.8298488],[113.9546884,34.8297797],[113.9491886,34.8298232],[113.9458346,34.8295617],[113.943145,34.8294976],[113.9407226,34.8294371],[113.9365035,34.8295095],[113.9319228,34.8292092],[113.9292945,34.8291452],[113.9268363,34.8290853],[113.92138875,34.829042375],[113.9193727,34.8288845],[113.9171961,34.8289823],[113.9152931,34.828859],[113.9129021,34.8284891],[113.9103607,34.8282439],[113.9077225,34.8281434],[113.9033934,34.8274614],[113.8977931,34.8270851],[113.8941531,34.8266851],[113.8772431,34.8247951],[113.8748331,34.8246141],[113.8729456,34.8245257],[113.8691018,34.8244719],[113.8668021,34.8244697],[113.86434,34.82445],[113.8622412,34.8246074],[113.85292,34.82556],[113.84646,34.82614],[113.84399,34.82637],[113.84204,34.82648],[113.839895,34.826547],[113.83756,34.82662],[113.8345233,34.8266101],[113.8265781,34.8265947],[113.8228132,34.8265873],[113.819042,34.82658],[113.81408,34.82662],[113.8104681,34.8265807],[113.805859,34.8265807],[113.8026402,34.8265757],[113.7986539,34.8265666],[113.793199,34.8265666],[113.7897314,34.8265666],[113.7869518,34.8267488],[113.774994,34.8267731],[113.7718872,34.8268343],[113.7698273,34.8270034],[113.7658876,34.8274403],[113.762978,34.8279123],[113.760034,34.8285323],[113.7570814,34.8292298],[113.7552618,34.8297582],[113.7533649,34.8303289],[113.7507986,34.8311955],[113.744018,34.8338938],[113.7414602,34.8349153],[113.7331003,34.8383251],[113.7312725,34.8391251],[113.7292227,34.8399819],[113.7266022,34.8408418],[113.7240163,34.8418925],[113.722274,34.8425171],[113.7200712,34.8432421],[113.7182688,34.8437986],[113.7164148,34.8443199],[113.7127278,34.8452235],[113.7106127,34.8456301],[113.7087931,34.84594],[113.7041754,34.8465458],[113.7021755,34.8467149],[113.7001928,34.8468276],[113.6972917,34.8469403],[113.69363,34.8470436],[113.6910483,34.8471164],[113.6870983,34.8472328],[113.6851639,34.8472784],[113.6815398,34.8475746],[113.6768474,34.8477167],[113.6734156,34.8478142],[113.6667542,34.8479962],[113.662335,34.8481151],[113.656594,34.8482723],[113.64524185,34.8483287],[113.6431664,34.8483221],[113.6391581,34.8480122],[113.636156,34.8476451],[113.6326522,34.8471387],[113.6300687,34.8466527],[113.6171769,34.843666],[113.6112289,34.8422668],[113.6093494,34.8416335],[113.6060135,34.840838],[113.6029307,34.8402858],[113.6003694,34.839679],[113.5985897,34.8392566],[113.5948254,34.8384414],[113.591102,34.837839],[113.5881494,34.8374726],[113.5861407,34.8373305],[113.5825091,34.8371873],[113.5804848,34.8371556],[113.5779613,34.8371908],[113.5739788,34.8374022],[113.5632585,34.8379517],[113.5527872,34.8383885],[113.5509268,34.8386114],[113.5488733,34.8387407],[113.5466246,34.838945],[113.54429,34.8391845],[113.5419554,34.8394874],[113.5378506,34.8402256],[113.5328931,34.8411722],[113.5309983,34.8415933],[113.5235268,34.8435083],[113.5203518,34.8441649],[113.5167856,34.8451293],[113.51485830000001,34.845694933333334],[113.4934696,34.85138135],[113.4875301,34.8528852],[113.4820455,34.8543502],[113.4784922,34.855294],[113.4750844,34.8562243],[113.4728692,34.8569864],[113.470763,34.8575514],[113.4690091,34.857999],[113.4645469,34.8591726],[113.4627028,34.8596363],[113.4603209,34.8602622],[113.4569695,34.8610238],[113.4551728,34.8613721],[113.450464,34.8622983],[113.4473091,34.8626841],[113.4438766,34.8629144],[113.4400915,34.8632243],[113.4378084,34.863337],[113.434049,34.8634426],[113.4315771,34.8634285],[113.4285387,34.8633652],[113.4255089,34.8632314],[113.4236807,34.8629778],[113.4125141,34.8619285],[113.408729,34.8615341],[113.4057536,34.8612993],[113.4034082,34.8610716],[113.4014301,34.8608702],[113.3986486,34.8606072],[113.3967206,34.860428],[113.3948149,34.86032],[113.3922336,34.860281],[113.389796,34.8603343],[113.387665,34.8604366],[113.3853274,34.8606237],[113.383342,34.8608328],[113.3813732,34.8610903],[113.3788566,34.861493],[113.376161,34.8620119],[113.3735056,34.8625758],[113.3712029,34.8630864],[113.3690585,34.8635167],[113.3670764,34.863948],[113.3652422,34.8643601],[113.3630667,34.8651434],[113.3611862,34.8655574],[113.3586023,34.8657652],[113.3565353,34.8661103],[113.3546242,34.8663799],[113.3528285,34.8665911],[113.3490473,34.8669054],[113.3472415,34.8669846],[113.3453399,34.8670256],[113.34286,34.8670082],[113.3405201,34.8669263],[113.3385836,34.8668008],[113.3367822,34.8666462],[113.3348939,34.8664343],[113.3320916,34.8660338],[113.3297117,34.8656111],[113.3278712,34.8652373],[113.3257525,34.8647417],[113.3238529,34.8642368],[113.3215486,34.8635591],[113.3197629,34.8629819],[113.3177807,34.8623145],[113.3156718,34.8615998],[113.3137103,34.8609375],[113.3109511,34.8600218],[113.3082287,34.8591942],[113.3056551,34.8584921],[113.3032519,34.8579012],[113.3014159,34.8574885],[113.2989871,34.8570032],[113.2971874,34.8566752],[113.2947882,34.8562956],[113.2929991,34.856048],[113.2907713,34.8559309],[113.2879583,34.8557291],[113.2856282,34.8555675],[113.2823887,34.855416],[113.2796431,34.8553048],[113.2774101,34.8552068],[113.2747852,34.8550445],[113.272185,34.8548215],[113.269887,34.8545621],[113.2674244,34.854231],[113.2652161,34.8538817],[113.263061,34.8534921],[113.2606837,34.8530066],[113.2574003,34.8522739],[113.2552881,34.8518018],[113.2528782,34.8512636],[113.2510274,34.8508498],[113.2488869,34.850371],[113.2466049,34.8498616],[113.2412969,34.8484531],[113.2392248,34.8479875],[113.2374497,34.8475888],[113.2355556,34.8471643],[113.2329927,34.8465908],[113.230918,34.8461253],[113.2286851,34.8456234],[113.2266681,34.845182],[113.2237807,34.8445293],[113.2217315,34.8440484],[113.2199564,34.8437385],[113.217956,34.8428418],[113.216241,34.8418228],[113.2146049,34.8405933],[113.211256,34.8380415],[113.209097,34.8363577],[113.207111,34.835176],[113.205192,34.83439],[113.2029987,34.8339088],[113.2002228,34.833849],[113.19644,34.8345181],[113.194042,34.8350117],[113.19184,34.8352875],[113.189362,34.8353269],[113.187292,34.8351102],[113.180664,34.833795],[113.178128,34.833289],[113.176187,34.832897],[113.173526,34.83236],[113.170322,34.831712],[113.168035,34.831248],[113.165916,34.830741],[113.162695,34.829673],[113.1592441,34.8281643],[113.1571798,34.8270435],[113.1554952,34.8261614],[113.1527983,34.8248172],[113.1499728,34.823441],[113.1472357,34.8221107],[113.1451389,34.8214535],[113.1408425,34.8209846],[113.1385003,34.8209357],[113.13637,34.8205686],[113.1342315,34.8200813],[113.1286589,34.8194957],[113.1268649,34.8186194],[113.1227181,34.817765],[113.1169692,34.8171462],[113.1104218,34.8157737],[113.1077095,34.8147917],[113.1045745,34.8130149],[113.1006456,34.8125782],[113.097526,34.8121428],[113.0949108,34.8117517],[113.0924544,34.8111996],[113.090054,34.8104327],[113.0880965,34.8095391],[113.0861047,34.8083026],[113.0841367,34.8069221],[113.0826192,34.805819],[113.0770342,34.801686],[113.0741636,34.8002181],[113.0717243,34.7993769],[113.0699694,34.7988855],[113.0675866,34.7984451],[113.0655448,34.7982043],[113.0629519,34.7980283],[113.0589103,34.7976852],[113.055934,34.7974519],[113.0516726,34.7971143],[113.0489522,34.797109],[113.0466392,34.7969279],[113.0435103,34.7966843],[113.0417153,34.7963068],[113.0374607,34.7960311],[113.0348477,34.7960423],[113.0308465,34.796157],[113.0249535,34.7963054],[113.022199,34.7962758],[113.020078,34.7960692],[113.0178799,34.7957156],[113.0137524,34.7944197],[113.0118492,34.7935059],[113.0052396,34.7899663],[113.0025075,34.7886827],[112.9990082,34.7873374],[112.9966413,34.7865507],[112.990996,34.7850257],[112.9879869,34.7841177],[112.9855973,34.7831581],[112.9839654,34.7823617],[112.9814157,34.7811408],[112.9788909,34.7799004],[112.9764751,34.778692],[112.9736388,34.7772843],[112.9709354,34.775923],[112.968633,34.7747148],[112.9671277,34.7736985],[112.9643711,34.771779],[112.9627878,34.7708061],[112.9602463,34.7699015],[112.956964,34.769494],[112.9544114,34.7694765],[112.948572,34.769424],[112.9462501,34.7693073],[112.9441937,34.7691502],[112.9395188,34.7682262],[112.9344575,34.7671356],[112.91967894999999,34.7620043],[112.9164726,34.7607935],[112.9125941,34.758332],[112.9101426,34.7570033],[112.9082544,34.7563158],[112.9061612,34.7558363],[112.9037053,34.755593],[112.9015263,34.7556247],[112.8995737,34.7558715],[112.8974986,34.7563751],[112.8936148,34.7576004],[112.8910764,34.7583925],[112.8885709,34.7590489],[112.8863018,34.7594859],[112.8835233,34.7598557],[112.8807553,34.7599438],[112.8775581,34.7599086],[112.8624103,34.759522],[112.83972926666667,34.75999766666666],[112.8333611,34.7607034],[112.8253145,34.7620079],[112.8226966,34.7624486],[112.8196711,34.7630127],[112.8169031,34.7635063],[112.8108305,34.7641585],[112.8078776,34.7643942],[112.8018609,34.7644756],[112.798763,34.764478],[112.794043,34.7645722],[112.7907803,34.7647796],[112.7879384,34.765048],[112.7848983,34.7655815],[112.7810408,34.7662396],[112.7784774,34.7667559],[112.7752854,34.7674342],[112.7673979,34.7689224],[112.763145,34.7695055],[112.7601244,34.7697424],[112.7554681,34.7701069],[112.7526358,34.7702758],[112.7501485,34.7707166],[112.7470951,34.7709319],[112.7373946,34.7715319],[112.7332386,34.7718329],[112.729012,34.772114],[112.726667,34.772083],[112.723525,34.771735],[112.720603,34.771124],[112.718287,34.770652],[112.715671,34.770331],[112.713098,34.770238],[112.710462,34.770439],[112.707848,34.77091],[112.704884,34.771773],[112.702475,34.77264],[112.699779,34.773592],[112.696297,34.774794],[112.689487,34.777101],[112.6826501,34.7787363],[112.675811,34.779807],[112.672477,34.780323],[112.669594,34.78093],[112.666384,34.781778],[112.664535,34.782296],[112.662615,34.7827274],[112.6597952,34.7834407],[112.6559542,34.7841289],[112.6539876,34.7843315],[112.6517232,34.7845149],[112.6495143,34.7846037],[112.6474463,34.7845977],[112.6444219,34.7844853],[112.6419929,34.7842883],[112.6398409,34.7841183],[112.6365596,34.7838442],[112.6342016,34.783686],[112.6317864,34.7834838],[112.6294292,34.7832385],[112.6266074,34.7828126],[112.6242404,34.7823339],[112.6219,34.7818072],[112.6128403,34.7794208],[112.6102331,34.7787317],[112.6070863,34.7776212],[112.6052183,34.777093],[112.6030933,34.7765551],[112.6010889,34.7761269],[112.5988556,34.775951],[112.5948975,34.7751355],[112.5921055,34.7748167],[112.5875279,34.774294],[112.584075,34.7739456],[112.5816309,34.773699],[112.5768822,34.7733867],[112.57206264999999,34.77323285],[112.5674234,34.7732701],[112.5628799,34.773521],[112.5543795,34.7739851],[112.5447434,34.7745257],[112.5356917,34.7750607],[112.5333379,34.7751506],[112.5312856,34.7753327],[112.5290246,34.7754385],[112.5259675,34.7755554],[112.5229521,34.7755693],[112.5162393,34.7753347],[112.5141309,34.7751898],[112.5071314,34.7748347],[112.5043987,34.7746797],[112.5022567,34.7745608],[112.5003921,34.7744428],[112.4934782,34.7740388],[112.486612,34.7736847],[112.4832239,34.7734978],[112.4796734,34.7732918],[112.4776489,34.7731738],[112.4753985,34.773026],[112.4727155,34.7727901],[112.4702566,34.7724583],[112.4680987,34.7720957],[112.466187,34.7717313],[112.4630286,34.7709503],[112.4611584,34.7704469],[112.4593817,34.7699226],[112.456912,34.7691241],[112.454659,34.7683468],[112.4519782,34.7674629],[112.4498039,34.766741],[112.4474449,34.7659341],[112.4448089,34.7650472],[112.4352146,34.7620201],[112.4327748,34.7613589],[112.4297733,34.7606073],[112.4237382,34.7589977],[112.4219532,34.7583971],[112.4131769,34.7556577],[112.4109507,34.7549614],[112.4092031,34.7544681],[112.4072143,34.7539741],[112.4042902,34.753418],[112.4013323,34.7529824],[112.3985983,34.7527864],[112.3959571,34.7526937],[112.393814,34.7527268],[112.3908502,34.7529361],[112.3886838,34.7531632],[112.3863092,34.7535488],[112.3818809,34.7543598],[112.3754283,34.7555895],[112.3723352,34.7561065],[112.3698884,34.7563476],[112.3661154,34.7565081],[112.3640539,34.7565263],[112.3621181,34.7564653],[112.3588096,34.7561638],[112.3567464,34.7558765],[112.3545001,34.7554964],[112.3515433,34.754969],[112.3474005,34.7542258],[112.3447416,34.7537349],[112.3412589,34.7529305],[112.3317722,34.7511923],[112.3296902,34.7507833],[112.32784065,34.750526425000004],[112.3236312,34.7498366],[112.3206134,34.7491381],[112.3183862,34.7483909],[112.3164902,34.7477845],[112.3139464,34.746933],[112.3119028,34.746164],[112.3043504,34.7433722],[112.3007665,34.7422702],[112.2984115,34.741598],[112.2957666,34.7411918],[112.2927116,34.7408198],[112.2903278,34.7407173],[112.2879716,34.7408358],[112.2732046,34.7423408],[112.2692266,34.7429228],[112.2654996,34.7436528],[112.2613536,34.7446798],[112.2586466,34.7455038],[112.2436106,34.7505498],[112.2384376,34.7519478],[112.2344312,34.752801],[112.2326206,34.7531045],[112.2299216,34.7533167],[112.2247764,34.7537648],[112.2122925,34.7546483],[112.2095878,34.7545541],[112.2074606,34.7542792],[112.2056533,34.7539227],[112.2033335,34.7532318],[112.2015451,34.7525767],[112.1989279,34.7513865],[112.1928657,34.7477525],[112.188093,34.7449637],[112.1845073,34.7428159],[112.1827633,34.7418406],[112.1810382,34.7408462],[112.1792104,34.7400859],[112.1769516,34.7395124],[112.1748475,34.7389941],[112.1723899,34.738592],[112.1703298,34.7384429],[112.1681762,34.7383301],[112.1657007,34.7381979],[112.1633671,34.7378351],[112.1607841,34.7377161],[112.1585108,34.7378439],[112.1560543,34.7377195],[112.1527789,34.7375794],[112.1509566,34.7374939],[112.1469333,34.7372527],[112.1441785,34.7371944],[112.1414853,34.7374005],[112.1396156,34.7377],[112.1373431,34.7382436],[112.1353035,34.738782],[112.1330207,34.7394017],[112.1307009,34.7399995],[112.1280649,34.7406832],[112.1242268,34.7417104],[112.1215431,34.7424119],[112.1187165,34.7431382],[112.116457,34.7437726],[112.1144964,34.7442799],[112.1109626,34.7452053],[112.1077606,34.7460344],[112.1049259,34.7468061],[112.102723,34.747465],[112.1005428,34.7482239],[112.0974274,34.7493855],[112.0956766,34.7500601],[112.0939706,34.750791],[112.09229,34.7515928],[112.0888748,34.7531604],[112.0864118,34.7543218],[112.0839597,34.7554475],[112.0808415,34.7567515],[112.0790488,34.7576907],[112.0764112,34.7587138],[112.0742859,34.7592776],[112.0723122,34.7597248],[112.0703857,34.760032],[112.0684498,34.7602498],[112.0661944,34.7603237],[112.05960693333333,34.759976],[112.0574922,34.7600034],[112.0525222,34.7597758],[112.0497928,34.7596508],[112.0463566,34.7595257],[112.0440077,34.7594408],[112.0411261,34.7592845],[112.0385543,34.7591817],[112.0361403,34.759079],[112.0331988,34.7589673],[112.0309641,34.7589763],[112.0283108,34.759079],[112.0259494,34.7593173],[112.023924,34.7596074],[112.0213079,34.7600617],[112.0188737,34.7606099],[112.0140833,34.7616162],[112.0122006,34.7620039],[112.010407,34.7624515],[112.0079786,34.7627545],[112.0059565,34.7629233],[112.0039253,34.7627463],[112.0012608,34.7627385],[111.9991183,34.7626427],[111.9962325,34.7623539],[111.9935084,34.7620913],[111.9913413,34.7616434],[111.9885137,34.7609271],[111.9859038,34.7601238],[111.98383,34.7594896],[111.981467,34.7585266],[111.9790199,34.7573602],[111.9768108,34.7563213],[111.9744092,34.7551877],[111.9719716,34.7541458],[111.9697224,34.7533224],[111.9679146,34.7527597],[111.9652949,34.752044],[111.9628116,34.7515225],[111.9595609,34.7510481],[111.9573387,34.7508061],[111.9542354,34.7506977],[111.9507923,34.7506437],[111.9418777,34.7505037],[111.9384463,34.7504498],[111.9359838,34.7503565],[111.9340119,34.750478],[111.9317073,34.7507312],[111.9291439,34.7511666],[111.9262908,34.7519861],[111.9230876,34.7530168],[111.9204842,34.7540701],[111.918224,34.7550984],[111.9151317,34.7563685],[111.9120858,34.7576545],[111.9084918,34.7591569],[111.9063472,34.7601478],[111.9039228,34.7611858],[111.9019302,34.7619912],[111.8999377,34.762849],[111.8980442,34.7636485],[111.8958795,34.7645436],[111.8933142,34.7655288],[111.8913587,34.7661968],[111.8889479,34.7668714],[111.8871672,34.7672889],[111.8850812,34.7677036],[111.883131,34.7681086],[111.8811001,34.768348],[111.8792309,34.7684929],[111.8724194,34.768815],[111.8684516,34.768974],[111.8652143,34.769115],[111.8622882,34.7692471],[111.8597122,34.7693467],[111.8541949,34.7695957],[111.8522118,34.7696804],[111.8494322,34.769867],[111.8469559,34.7701296],[111.84362,34.7703396],[111.8406743,34.7708502],[111.8385411,34.7712132],[111.8338626,34.7722456],[111.8310156,34.7729478],[111.8285012,34.7734242],[111.8237116,34.7743316],[111.8198544,34.7749763],[111.8158989,34.7758316],[111.8139598,34.7762267],[111.811631,34.7767629],[111.8086258,34.7773827],[111.8069681,34.7780913],[111.8046433,34.7788713],[111.8021354,34.7798187],[111.7996619,34.7808162],[111.7969658,34.7818844],[111.7936737,34.7832175],[111.7916189,34.784033],[111.7896668,34.7848033],[111.7858446,34.7859866],[111.7840268,34.786453],[111.7819055,34.7868593],[111.7795289,34.7871945],[111.7775963,34.787374],[111.7751289,34.7874846],[111.7724147,34.7872213],[111.7702641,34.7871445],[111.7684102,34.7869609],[111.7656884,34.7866298],[111.7631211,34.7863195],[111.7610727,34.7859348],[111.7587996,34.7855162],[111.7564067,34.7850714],[111.7541438,34.7846527],[111.7509233,34.784054],[111.7443694,34.7827714],[111.7416891,34.7821673],[111.7386206,34.7809688],[111.7342627,34.7794298],[111.7273076,34.7767435],[111.7194379,34.7736494],[111.717366,34.7730972],[111.7112184,34.7707793],[111.7074311,34.7692458],[111.6997545,34.7662441],[111.692624,34.7634559],[111.6856876,34.76068],[111.6831611,34.7594792],[111.6811483,34.7589],[111.6761225,34.7569621],[111.6733107,34.7557493],[111.6694584,34.7540743],[111.6656062,34.7521684],[111.6574236,34.7473744],[111.652269,34.744501],[111.6426636,34.738924],[111.6398827,34.7369364],[111.6366435,34.7343008],[111.6346404,34.7321905],[111.6337021,34.7304634],[111.6318217,34.7278368],[111.6287119,34.7229762],[111.6255354,34.7170301],[111.6241929,34.7147442],[111.621998,34.7120903],[111.6197851,34.7099858],[111.6161988,34.7078684],[111.6139681,34.7069768],[111.6054891,34.7039778],[111.602408,34.703066],[111.6003622,34.7025087],[111.5962254,34.7018245],[111.5933867,34.7016374],[111.5908788,34.7012622],[111.5886805,34.7011658],[111.5845099,34.7014312],[111.5819411,34.7013469],[111.5794739,34.7016764],[111.5769668,34.7021071],[111.5707838,34.7032895],[111.5684608,34.7037095],[111.5652109,34.7039989],[111.5628469,34.7040844],[111.559571,34.7038429],[111.5568745,34.7034547],[111.5527151,34.702788],[111.5493329,34.7025246],[111.544933,34.7024776],[111.5410016,34.7029086],[111.53777,34.7035382],[111.5353149,34.7041215],[111.5326946,34.7049188],[111.5277266,34.7065716],[111.5252662,34.707118],[111.5224442,34.7078568],[111.5185162,34.7087151],[111.5147895,34.7092504],[111.5125353,34.709649],[111.5080339,34.7105848],[111.5039462,34.7115462],[111.5008621,34.7123248],[111.4981871,34.7131204],[111.4960015,34.7136425],[111.4941709,34.7139496],[111.49107,34.7141953],[111.484476,34.7140724],[111.4806092,34.7137653],[111.4785918,34.7134736],[111.4767908,34.7131851],[111.4720592,34.7124559],[111.4673839,34.7118887],[111.4651255,34.7117364],[111.46184,34.7117969],[111.4582702,34.7119027],[111.4524867,34.7125058],[111.4460206,34.7131533],[111.4412879,34.7137807],[111.4383177,34.7139189],[111.4342642,34.7139649],[111.4311798,34.7140798],[111.4209454,34.7150244],[111.4138283,34.7158997],[111.4078192,34.7166891],[111.4056936,34.7169433],[111.4032152,34.7171505],[111.3993394,34.7172321],[111.3959116,34.7171748],[111.3936477,34.7170733],[111.3912438,34.7168433],[111.3888083,34.7165533],[111.3840411,34.7159784],[111.3787041,34.7152505],[111.3768051,34.7150564],[111.3743857,34.7149374],[111.3716912,34.7150538],[111.3686601,34.7155004],[111.3661196,34.7161146],[111.360142,34.7178957],[111.3546501,34.7194465],[111.3524458,34.7197382],[111.3496438,34.7198918],[111.3476184,34.7197071],[111.3444536,34.7193079],[111.3422449,34.7191426],[111.3403755,34.7192419],[111.3379658,34.7193724],[111.334949,34.7194492],[111.3328942,34.7192803],[111.3310199,34.7189859],[111.3278413,34.7180443],[111.3224366,34.7160067],[111.319477,34.7151245],[111.3162639,34.7146553],[111.3142362,34.7144798],[111.303009,34.7143219],[111.2998713,34.7143921],[111.2961574,34.7146553],[111.2920806,34.7151115],[111.28969,34.715515],[111.283308,34.7166203],[111.2781853,34.7172168],[111.2716166,34.7175718],[111.2688289,34.7179116],[111.2666495,34.7181118],[111.263526,34.7189461],[111.2595577,34.7204285],[111.256838,34.7217501],[111.2549599,34.7228282],[111.2520755,34.7248798],[111.2502937,34.7264917],[111.2486189,34.7277483],[111.2466003,34.7292907],[111.2393728,34.7346594],[111.2372287,34.7363111],[111.2341019,34.7385879],[111.2311662,34.7404145],[111.2286993,34.7417267],[111.2186075,34.7462706],[111.2152145,34.7473725],[111.2122098,34.7479919],[111.2103678,34.748296]]}},{"type":"Feature","properties":{"level":"expressway","ref":"G45","name":"大广高速","routeKey":"expressway-G45","chainIndex":0,"sourceSegmentCount":746,"visualLengthKm":293.88,"sourceOsmCount":746},"geometry":{"type":"LineString","coordinates":[[114.5949703,34.0003874],[114.5954143,33.9975163],[114.5957056,33.9930939],[114.5957752,33.986344],[114.5963318,33.9814399],[114.5976538,33.9752661],[114.5979321,33.9697843],[114.5978799,33.9679343],[114.5977875,33.9651406],[114.5974708,33.9618752],[114.597276,33.9590976],[114.5972234,33.957239],[114.600278825,33.94167105],[114.6012306,33.9395458],[114.6038245,33.9338533],[114.6048939,33.931505],[114.6058749,33.9292431],[114.6064905,33.9270141],[114.6070641,33.9252199],[114.6076867,33.9227989],[114.6086477,33.9187592],[114.6091213,33.916473],[114.6097585,33.91381],[114.6104693,33.9111971],[114.6112327,33.9087712],[114.611994,33.9067228],[114.619827,33.886961299999996],[114.620893,33.884499],[114.6217529,33.8822469],[114.6229517,33.8788427],[114.6238607,33.8757713],[114.6242499,33.8736768],[114.6247482,33.8715937],[114.6254174,33.8678828],[114.6258182,33.8652715],[114.6260584,33.8631275],[114.6264898,33.8578367],[114.6268815,33.8528179],[114.6273851,33.8487747],[114.6278328,33.8439412],[114.6283924,33.8396652],[114.6292317,33.8359003],[114.630311,33.8325042],[114.6314512,33.8296656],[114.6325813,33.827065],[114.6344234,33.8236467],[114.636258,33.8206768],[114.6374017,33.8190723],[114.6403761,33.814617],[114.6414263,33.8127635],[114.6424751,33.8107919],[114.6434727,33.8090062],[114.6442054,33.8071901],[114.6448116,33.8054599],[114.6457752,33.8020674],[114.6463598,33.7999678],[114.6471041,33.797208],[114.6481142,33.7939963],[114.6491842,33.7911659],[114.6504224,33.7884731],[114.6517775,33.7859125],[114.6526968,33.7843645],[114.6538925,33.7825124],[114.6552337,33.7806133],[114.6566566,33.7787583],[114.6578506,33.7773486],[114.6600736,33.7747813],[114.6622439,33.772334],[114.6644629,33.7697625],[114.6664969,33.7672324],[114.6678272,33.7653991],[114.6692278,33.7633085],[114.6708997,33.7605748],[114.6729168,33.7574631],[114.6746456,33.755195],[114.6762965,33.7533367],[114.6777158,33.7518105],[114.6798094,33.7497216],[114.6820675,33.7476926],[114.6838864,33.7462531],[114.6859017,33.7447447],[114.6879559,33.7432257],[114.6904259,33.7414406],[114.6935421,33.7391374],[114.6961772,33.7371837],[114.6980994,33.7356412],[114.6995351,33.7343532],[114.700922,33.7329765],[114.7024638,33.7312542],[114.7043871,33.7287365],[114.7056228,33.7268666],[114.7070035,33.724389],[114.7105951,33.714036],[114.7113151,33.7119306],[114.7121568,33.709998],[114.7130934,33.7077774],[114.7145929,33.7047601],[114.7156719,33.7028957],[114.716580975,33.701292525],[114.72360851666666,33.691039133333334],[114.7249293,33.6893397],[114.7265812,33.6874466],[114.7288299,33.6849012],[114.7301183,33.6834054],[114.7316416,33.6819326],[114.7334985,33.6798198],[114.7352643,33.6777988],[114.7369101,33.6759367],[114.7382635,33.6744293],[114.74259344999999,33.6691584],[114.7442226,33.6668484],[114.7459055,33.6643412],[114.7470907,33.6624283],[114.7483443,33.6602087],[114.7495067,33.6582072],[114.7513271,33.6554026],[114.7553092,33.65035185],[114.7564927,33.6487935],[114.7579135,33.6470479],[114.7595432,33.6450619],[114.7607588,33.6435565],[114.7622403,33.6417128],[114.7634103,33.6402169],[114.7650666,33.6378006],[114.766264,33.6361775],[114.7675404,33.6338238],[114.7684699,33.6319017],[114.7695586,33.6292995],[114.770321,33.6271666],[114.77179055,33.620633475],[114.772294,33.6176878],[114.7725651,33.6158036],[114.772988,33.6129122],[114.7733102,33.6109043],[114.773807,33.6080603],[114.7744506,33.6062783],[114.7751174,33.6043537],[114.7759436,33.6022196],[114.7767769,33.6003711],[114.7776141,33.598322],[114.7785954,33.5966473],[114.7796009,33.5949679],[114.7806911,33.5933509],[114.781827,33.5918289],[114.7829666,33.5903827],[114.7842506,33.5887087],[114.7856904,33.5868353],[114.7868756,33.5851138],[114.7881938,33.5830504],[114.7891093,33.5814395],[114.7902641,33.5791735],[114.7910505,33.5774391],[114.792684,33.5732423],[114.7934741,33.571128],[114.794711,33.5678385],[114.7956295,33.5653956],[114.7964178,33.5632748],[114.7974282,33.5606538],[114.7985147,33.5577573],[114.7996044,33.5552974],[114.8003391,33.5530607],[114.801162,33.5498793],[114.8015202,33.5480596],[114.8019771,33.5445818],[114.8021294,33.5418271],[114.8021275,33.5395757],[114.8019691,33.5371311],[114.8017243,33.5351065],[114.8013319,33.5325856],[114.8010139,33.5300889],[114.8008603,33.5279081],[114.8008219,33.5240386],[114.8008891,33.5221618],[114.8011051,33.5197727],[114.8014843,33.5172155],[114.8020651,33.5142619],[114.80267,33.5119447],[114.803846,33.5082866],[114.8051535,33.5050644],[114.806022,33.5026294],[114.8075198,33.4991747],[114.8083176,33.4973422],[114.8091998,33.4953158],[114.8101733,33.4931052],[114.8114364,33.4901405],[114.8122467,33.4882371],[114.8131596,33.4856741],[114.8136374,33.4837414],[114.8140384,33.4804037],[114.814024,33.4780406],[114.8138474,33.476193],[114.8133263,33.4726418],[114.8127839,33.4701272],[114.8122559,33.4677487],[114.8118359,33.4657322],[114.8113531,33.4635276],[114.81098,33.4617222],[114.8106367,33.4596636],[114.8103326,33.4570966],[114.8101884,33.4551434],[114.8101221,33.4533221],[114.8101538,33.4509359],[114.8103191,33.448077],[114.8108327,33.4442464],[114.8111951,33.4420712],[114.811677,33.4393706],[114.8119971,33.4374566],[114.8123032,33.4355602],[114.8127183,33.4323133],[114.8129047,33.4296064],[114.8129716,33.4263387],[114.8128238,33.4224896],[114.8126339,33.4203814],[114.8124298,33.4185081],[114.8122328,33.416714],[114.8118536,33.414033],[114.8117686,33.4117793],[114.8118498,33.4084375],[114.8120331,33.4063281],[114.8125831,33.402701],[114.8135802,33.3991678],[114.8142802,33.3966626],[114.8149521,33.3942278],[114.8155431,33.3917635],[114.8160779,33.3889732],[114.8165305,33.3856378],[114.8167622,33.3832005],[114.8168558,33.3812004],[114.8167395,33.3783585],[114.8166344,33.3752508],[114.8164703,33.3732199],[114.8162766,33.3706915],[114.8160618,33.368162],[114.815888,33.3658803],[114.8155563,33.3618299],[114.8153373,33.3589839],[114.8151362,33.3564927],[114.8151279,33.3534934],[114.8150774,33.3513542],[114.8151701,33.3470582],[114.8154817,33.3430011],[114.8157429,33.3400559],[114.8159409,33.3377158],[114.8161346,33.3354003],[114.816264,33.3322515],[114.8164873,33.3295135],[114.8167103,33.3271186],[114.8168322,33.3243977],[114.8168028,33.3222774],[114.81610785000001,33.31572765],[114.8152736,33.3125432],[114.8143944,33.3096501],[114.8137881,33.3077181],[114.8131267,33.3056548],[114.8124149,33.3033598],[114.8116693,33.3010505],[114.8108095,33.2982181],[114.8102444,33.2962229],[114.8097802,33.294278],[114.809509,33.2922251],[114.8091805,33.2902358],[114.8089573,33.2883275],[114.8087677,33.2863733],[114.8086245,33.2845776],[114.808407,33.2822807],[114.8081022,33.2800458],[114.8075167,33.276933],[114.8066659,33.2735594],[114.8059583,33.2712739],[114.8052212,33.2692102],[114.8043914,33.2670513],[114.8036838,33.2651742],[114.802656,33.2624764],[114.8016662,33.2593206],[114.8008214,33.2555706],[114.8004942,33.2533418],[114.8002288,33.2507305],[114.8001866,33.2487587],[114.8000552,33.2465554],[114.8002866,33.2432639],[114.8004675,33.2406863],[114.800526,33.2374566],[114.8004462,33.2354653],[114.8002531,33.2334009],[114.7999906,33.2306114],[114.799561,33.2284633],[114.7990134,33.2263951],[114.7984406,33.2240731],[114.7979643,33.2215793],[114.7974816,33.2192409],[114.7974465,33.2171632],[114.7973497,33.2141609],[114.797455,33.2109963],[114.7976515,33.2089289],[114.7979056,33.2070281],[114.7982449,33.2041243],[114.7986552,33.2019247],[114.7990376,33.1989073],[114.7992436,33.1960936],[114.7993024,33.1937332],[114.799252,33.191271],[114.7990292,33.1882957],[114.7987058,33.185722],[114.7982726,33.1832156],[114.7977286,33.1807695],[114.7971054,33.1779062],[114.7964146,33.1758226],[114.795648,33.1736192],[114.7943043,33.1697586],[114.7929565,33.1659472],[114.7922036,33.1637358],[114.7912544,33.1614829],[114.7903471,33.1582997],[114.7899207,33.1565291],[114.7892117,33.1526039],[114.7888998,33.1503596],[114.7886007,33.1481834],[114.7883038,33.1460177],[114.7877751,33.1420752],[114.7874508,33.1397725],[114.7870142,33.1366309],[114.7864704,33.132167],[114.7862531,33.1292857],[114.7861577,33.1273616],[114.7861362,33.1253635],[114.7863898,33.1212543],[114.7864559,33.1176097],[114.786717,33.1138566],[114.7868132,33.1104313],[114.786957,33.1085573],[114.7867869,33.1062695],[114.7864444,33.1035401],[114.7861344,33.1017243],[114.7856919,33.0997335],[114.7851785,33.0977491],[114.783813,33.0938],[114.7818904,33.0890807],[114.7797758,33.084],[114.7785725,33.0809005],[114.777536,33.0778559],[114.7764196,33.0745007],[114.7758167,33.0721718],[114.7751431,33.0691246],[114.7746744,33.0668144],[114.7741613,33.0637985],[114.7734454,33.0611218],[114.7725951,33.0575331],[114.7720132,33.0554727],[114.7708887,33.0522119],[114.7695211,33.0488027],[114.7680819,33.0457021],[114.7666629,33.042922],[114.7654375,33.0405218],[114.7644178,33.0385367],[114.7634701,33.0366969],[114.7624377,33.034648],[114.7611003,33.0318503],[114.7603066,33.0300062],[114.7592558,33.0272395],[114.7581503,33.0238432],[114.7572474,33.0203835],[114.7561728,33.015419],[114.755322,33.0115373],[114.7545638,33.0079978],[114.7541535,33.0060816],[114.753772,33.0042998],[114.7530096,33.0008381],[114.751500725,32.993455499999996],[114.7490976,32.9826976],[114.7484653,32.9797692],[114.7481358,32.977778],[114.7477952,32.9751123],[114.7477554,32.9699427],[114.7478686,32.9669992],[114.7477812,32.9650526],[114.7479152,32.9615829],[114.7481786,32.9589393],[114.7483509,32.9542267],[114.7484194,32.9523543],[114.7484963,32.9502647],[114.7486875,32.9456302],[114.7487758,32.9428518],[114.7489852,32.940298],[114.7496413,32.9369827],[114.7506254,32.9340832],[114.7524051,32.9304396],[114.7543384,32.9275339],[114.7563973,32.9250442],[114.7579956,32.9231753],[114.7595465,32.9212632],[114.7606835,32.9197335],[114.7629491,32.9166138],[114.7641007,32.9147507],[114.7656013,32.9117625],[114.7667599,32.9087801],[114.7673461,32.906911],[114.7679805,32.9039206],[114.7683803,32.9008253],[114.768679,32.897458],[114.7689696,32.8943354],[114.7692278,32.8918974],[114.7695558,32.8893832],[114.7699964,32.8872053],[114.7705662,32.8851707],[114.7715363,32.8823632],[114.7725623,32.8798136],[114.7734853,32.8779696],[114.7748177,32.8756148],[114.7767782,32.8727795],[114.7782491,32.8707998],[114.7800634,32.8684503],[114.7813349,32.8671157],[114.7827378,32.8656971],[114.7848386,32.8639384],[114.7870804,32.8621267],[114.7908548,32.8593714],[114.7923468,32.8581792],[114.7948588,32.8558617],[114.7965713,32.8540418],[114.7983214,32.8519516],[114.8002647,32.8494968],[114.8021754,32.8462801],[114.8032157,32.844164],[114.8045022,32.8409351],[114.805724,32.836978],[114.8068993,32.8341021],[114.8077214,32.832356],[114.8087504,32.8303124],[114.8105546,32.8269636],[114.8116736,32.8252685],[114.8130743,32.8233623],[114.815238,32.8202484],[114.8166051,32.8179641],[114.817644,32.8159737],[114.8185964,32.8143555],[114.820152,32.8105936],[114.820936,32.8083928],[114.8216896,32.8056481],[114.8222682,32.8029928],[114.8230294,32.7994609],[114.8235698,32.7968567],[114.8243158,32.7933693],[114.8250846,32.789773],[114.8258459,32.7861766],[114.8265157,32.7830024],[114.8271323,32.7794953],[114.8274901,32.7758792],[114.8275662,32.7738183],[114.8275129,32.771271],[114.8274677,32.7690785],[114.8274501,32.7663571],[114.8274977,32.7644349],[114.8277006,32.7618153],[114.8280153,32.758597],[114.8285405,32.7553578],[114.8293474,32.7516063],[114.8298301,32.7497897],[114.8308484,32.7463909],[114.8319657,32.7429824],[114.833025,32.739765],[114.8345506,32.7348798],[114.8352572,32.7320754],[114.8356739,32.7299213],[114.8361692,32.7263343],[114.8364591,32.7233468],[114.8368758,32.7202728],[114.8375764,32.716909],[114.838138,32.7148867],[114.8387267,32.7130084],[114.8402513,32.7090847],[114.8421815,32.7048686],[114.8437702,32.7008366],[114.8444705,32.6988097],[114.8450374,32.6969103],[114.8456951,32.6938629],[114.8464388,32.6902474],[114.8468658,32.6873937],[114.847216,32.6842882],[114.8473612,32.6819591],[114.84758,32.6778626],[114.8475462,32.6755162],[114.8474607,32.671562],[114.8474229,32.6696105],[114.8473503,32.6674643],[114.8473631,32.6643294],[114.8476123,32.6619171],[114.8479838,32.6600466],[114.8486119,32.6579695],[114.8495752,32.6555721],[114.8514488,32.6515074],[114.8529686,32.6477453],[114.8540676,32.6449031],[114.8546462,32.643139],[114.8553714,32.6403892],[114.8558472,32.6381033],[114.8563123,32.6357727],[114.8565053,32.6336613],[114.8565644,32.6287697],[114.856001,32.623825],[114.8556085,32.6218412],[114.8550106,32.6193741],[114.8544127,32.6173648],[114.8522309,32.6116371],[114.8513854,32.6092969],[114.8507452,32.6072161],[114.8501654,32.6047435],[114.8497245,32.6023116],[114.849483,32.6003324],[114.8493259,32.5984244],[114.8492632,32.5963246],[114.8493111,32.5942142],[114.8497723,32.5897238],[114.8501738,32.5874714],[114.8512026,32.5827751],[114.8519868,32.5791341],[114.8526139,32.5753341],[114.8529727,32.572671],[114.8532563,32.5696256],[114.8532801,32.5653867],[114.8529812,32.5626729],[114.8524491,32.5592337],[114.8520194,32.5566475],[114.8515612,32.5536663],[114.8512288,32.54878],[114.8514136,32.5460605],[114.8515883,32.5435699],[114.8520681,32.5400795],[114.8530068,32.5355297],[114.8537572,32.5319517],[114.8545265,32.5282243],[114.8552614,32.5246336],[114.8560758,32.5207824],[114.85683073333331,32.51504033333333],[114.857014,32.510697],[114.8569148,32.5079151],[114.8567003,32.5054725],[114.8562954,32.5023085],[114.8549142,32.496],[114.8535197,32.4900735],[114.8526267,32.4861694],[114.8520835,32.4832439],[114.8515661,32.4807116],[114.8510798,32.4766643],[114.8509582,32.4746687],[114.8508769,32.4726593],[114.8511682,32.4619094],[114.8511189,32.4570407],[114.8510336,32.4512671],[114.8508218,32.4489685],[114.8488747,32.4379479],[114.8481498,32.4338764],[114.8475016,32.4306367],[114.8463639,32.4232654],[114.8463319,32.420254],[114.8463155,32.4177934],[114.8463849,32.4158339],[114.8465436,32.4135295],[114.846808,32.4113257],[114.8472084,32.4080613],[114.8480569,32.4020304],[114.8484304,32.3994068],[114.8487685,32.3967667],[114.8489928,32.3934054],[114.848972,32.3900743],[114.8488114,32.3878383],[114.848353,32.3844372],[114.8470017,32.3760402],[114.8467018,32.3732036],[114.8463517,32.3708741],[114.8462972,32.3670989],[114.8482483,32.3414572],[114.8487962,32.3368877],[114.8497615,32.3324492],[114.8514483,32.3267267],[114.8528337,32.3217165],[114.853371,32.3198298],[114.8539155,32.3178338],[114.854767,32.3147498],[114.8556502,32.3110615],[114.8558819,32.3091655],[114.8558857,32.30732],[114.8560933,32.3028962],[114.8559745,32.3007053],[114.8555622,32.2964294],[114.8548354,32.2899746],[114.854575,32.2856364],[114.8547845,32.2813109],[114.8551689,32.2780771],[114.8561077,32.2738465],[114.8573149,32.2696231],[114.8590789,32.2633224],[114.8599158,32.2604262],[114.8608135,32.2570246],[114.8612658,32.2546367],[114.8616573,32.2515188],[114.8619977,32.2471257],[114.8620129,32.2421371],[114.8619952,32.238882],[114.8619964,32.2361382],[114.8621083,32.2336124],[114.8625017,32.2303255],[114.8630717,32.2274258],[114.8633382,32.2256419],[114.8643558,32.2224998],[114.8662345,32.2172348],[114.8673319,32.2134386],[114.8680421,32.210082],[114.8683541,32.2076471],[114.8685864,32.2042135],[114.8692839,32.1982626],[114.8697035,32.1946802],[114.8699318,32.1910868],[114.8699279,32.188619],[114.8698259,32.185589],[114.8694663,32.1803054],[114.8692811,32.1777442],[114.8692353,32.1751759],[114.8693293,32.1732945],[114.8695359,32.1713851],[114.8699679,32.1684818],[114.8704237,32.1662903],[114.8709879,32.1641801],[114.8716038,32.1622282],[114.8723406,32.1602063],[114.874646,32.1550483],[114.8763208,32.1520581],[114.879405,32.1474777],[114.8814663,32.1446316],[114.8833298,32.1425035],[114.8848244,32.1409774],[114.886159,32.1396421],[114.8915876,32.1349377],[114.8929933,32.1337281],[114.8944681,32.1325582],[114.90023,32.1276825],[114.9031538,32.1251242],[114.9052401,32.1229266],[114.9068803,32.1211368],[114.9093092,32.1183824],[114.9114133,32.1152388],[114.9135899,32.1112492],[114.9154945,32.1068922],[114.9177192,32.1014758],[114.919212,32.0980209],[114.9210525,32.094622],[114.9230884,32.0912299],[114.9264671,32.0860705],[114.9285642,32.0830601],[114.9301179,32.0802387],[114.9319462,32.0760093],[114.9329593,32.0731122],[114.9340502,32.0709276],[114.9348876,32.0672978],[114.935457,32.0644481],[114.9359651,32.0625862],[114.9371781,32.0583105],[114.9381387,32.0558177],[114.9391283,32.053621],[114.9413938,32.0487618],[114.9429824,32.0452405],[114.9435837,32.0433293],[114.9441851,32.039826],[114.9442175,32.0374687],[114.9440242,32.0327271],[114.9436913,32.0273938],[114.9435353,32.0252055],[114.943546,32.022895],[114.9433222,32.0198466],[114.9430216,32.0146953],[114.9426499,32.0115738],[114.94149575,32.0002383],[114.941111,31.9979437],[114.9404802,31.9954492],[114.9398871,31.9930452],[114.9391141,31.990259],[114.9380191,31.9865257],[114.9372789,31.9837654],[114.9361081,31.9794594],[114.9355498,31.9772738],[114.9349971,31.9755416],[114.9342409,31.9736854],[114.9333592,31.9720065],[114.9318241,31.9697813],[114.9299174,31.967374],[114.9285207,31.9652424],[114.9276982,31.9632015],[114.9266753,31.9596572],[114.926582,31.957712],[114.9266994,31.955642],[114.9272721,31.9521863],[114.9276386,31.9497997],[114.927663,31.9478836],[114.927374,31.9454598],[114.9270371,31.9430735],[114.9271938,31.9405741],[114.9276638,31.9386796],[114.9287332,31.9359471],[114.9294712,31.9337718],[114.9296883,31.931441],[114.929502,31.929577],[114.9286284,31.9265795],[114.9281808,31.9244529],[114.9278909,31.9223254],[114.9279458,31.9197656],[114.9282904,31.9177709],[114.9292524,31.9138709],[114.9296573,31.9112468],[114.9296573,31.9086641],[114.9291516,31.9059693],[114.9282948,31.903582],[114.9262278,31.8995008],[114.9251961,31.8968796],[114.9245519,31.8939989],[114.9238246,31.890752],[114.9230395,31.8886732],[114.9213028,31.885299],[114.9201884,31.88316],[114.9193929,31.8811333],[114.91877,31.8789298],[114.9185492,31.876613],[114.9186984,31.8737104],[114.9193878,31.8652409],[114.9198107,31.8601535],[114.9198497,31.8576716],[114.9196551,31.855404],[114.9191106,31.8530518],[114.9183782,31.850967],[114.9174999,31.8491516],[114.9163466,31.8472121],[114.9150484,31.8454753],[114.909527025,31.8389708],[114.9067816,31.8342621],[114.9055142,31.8318761],[114.903754,31.8291642],[114.9015401,31.8262263],[114.9004057,31.8245845],[114.8992792,31.8227499],[114.8979498,31.8201984],[114.8967735,31.8178595],[114.8957546,31.8148292],[114.8952131,31.812622],[114.8947272,31.8097715],[114.8944997,31.807771],[114.8943744,31.8047795],[114.8945621,31.800879],[114.8944066,31.7986009],[114.8939092,31.7964675],[114.8929127,31.7939933],[114.8906373,31.7890486],[114.8893774,31.7862882],[114.8886928,31.7843551],[114.8885523,31.7823704],[114.8885068,31.7802807],[114.8887817,31.7783669],[114.8894311,31.7763293],[114.8903976,31.7743696],[114.8917279,31.7722141],[114.8927075,31.7705327],[114.8934535,31.7686693],[114.8941106,31.7667056],[114.8945649,31.7648054],[114.8948291,31.7626891],[114.8948942,31.7607063],[114.8947243,31.7586056],[114.8943139,31.7566224],[114.8934451,31.7539133],[114.8928416,31.7521868],[114.8922086,31.7503097],[114.8917749,31.7485117],[114.8913713,31.7464586],[114.8912321,31.7445881],[114.8912599,31.7424939],[114.8914141,31.7406233],[114.8917754,31.7382256],[114.8921424,31.7361316],[114.8926155,31.7342321],[114.8931779,31.7323278],[114.8943475,31.7286279],[114.8954619,31.7249997],[114.8960195,31.7231756],[114.8963348,31.7212675],[114.8963974,31.7188153],[114.8961317,31.716921],[114.8950915,31.7134242],[114.8945416,31.7114927],[114.8939989,31.7090561],[114.8937608,31.707072],[114.8938024,31.7049868],[114.8941958,31.7030754],[114.8948605,31.7012364],[114.8958302,31.6993904],[114.897057,31.6976615],[114.8982295,31.6962348],[114.9004273,31.6942104],[114.9025528,31.6920243],[114.9036522,31.690425],[114.9046999,31.6882533],[114.9055255,31.6866167],[114.9063497,31.684918],[114.9074113,31.6832876],[114.9085357,31.6817777],[114.9099778,31.680274],[114.9111685,31.6787366],[114.9121964,31.6770043],[114.9131136,31.6753385],[114.9161465,31.6719193],[114.9172407,31.6701671],[114.917895,31.6683192],[114.9178267,31.6663687],[114.9171285,31.6644345],[114.9161468,31.662751],[114.9151696,31.6601685],[114.914972,31.6575672],[114.9148133,31.6557245],[114.9141517,31.6540078],[114.9129603,31.6523126],[114.9102128,31.6495816],[114.9090507,31.648137],[114.9078008,31.6465593],[114.9066008,31.6449151],[114.9057225,31.643169],[114.9051049,31.6411889],[114.904251,31.6386297],[114.9037514,31.6363291],[114.9032883,31.6341776],[114.9027442,31.6322338],[114.9004113,31.6277948],[114.8972297,31.622681],[114.8956527,31.6204864],[114.8946369,31.6174867],[114.8944436,31.6155492],[114.8945277,31.6135741],[114.8951428,31.6114084],[114.8957987,31.6096592],[114.8962761,31.6077763],[114.8964326,31.6059735],[114.8963051,31.6040518],[114.8959238,31.6020445],[114.89130728333335,31.59416505],[114.889473,31.5913205],[114.8883686,31.5894328],[114.8871086,31.5869235],[114.8865637,31.5852047],[114.8863915,31.5833916],[114.8865985,31.5815868],[114.8876735,31.5785196],[114.88968,31.5730256],[114.8904646,31.5708657],[114.8910981,31.568787],[114.8923199,31.5653178],[114.8928146,31.563314],[114.8930623,31.5613957],[114.8931119,31.559509],[114.8930128,31.557412],[114.892687,31.5553314],[114.8922013,31.5533534],[114.8915483,31.5513628],[114.8908219,31.5496047],[114.889352,31.5464583],[114.8878244,31.5430176],[114.8868847,31.5409253],[114.886171,31.5390697],[114.8856161,31.5370998],[114.885226,31.5351972],[114.8847762,31.5331573],[114.8847118,31.5310609],[114.8848171,31.528951],[114.8852509,31.5258573],[114.8857404,31.5239757],[114.8864311,31.5221191],[114.8867744,31.5200979],[114.8867819,31.5181032],[114.8864294,31.5160963],[114.8857425,31.5140031],[114.8848662,31.5119006],[114.8842061,31.5098251],[114.8836523,31.5066662],[114.8832169,31.504463],[114.8826883,31.50273],[114.8817874,31.5004721],[114.8811454,31.49859],[114.8807174,31.4967905],[114.8806745,31.4946988],[114.8809706,31.4928927],[114.8821175,31.489319],[114.8840463,31.4834472],[114.8845026,31.481271],[114.8849099,31.4786059],[114.8854356,31.4746418],[114.8857176,31.4727219],[114.8858169,31.4710883]]}},{"type":"Feature","properties":{"level":"expressway","ref":"G4","name":"京港澳高速","routeKey":"expressway-G4","chainIndex":0,"sourceSegmentCount":821,"visualLengthKm":419.52,"sourceOsmCount":821},"geometry":{"type":"LineString","coordinates":[[114.090026,32.7200227],[114.0888485,32.7241223],[114.088304,32.726582],[114.086961,32.733844],[114.085922,32.740023],[114.085699,32.744575],[114.085781,32.747357],[114.086157,32.751004],[114.087469,32.75694],[114.088361,32.759973],[114.088946,32.762235],[114.089505,32.76502],[114.090005,32.768669],[114.090167,32.771106],[114.090218,32.77389],[114.090031,32.777381],[114.0890592,32.7901556],[114.0888193,32.7926748],[114.0888341,32.7947535],[114.0889526,32.7974443],[114.0892538,32.8004611],[114.090282,32.805318],[114.0909819,32.808658],[114.0964879,32.825771],[114.0975759,32.829613],[114.0987169,32.835321],[114.0991667,32.8402724],[114.0990909,32.846592],[114.0989119,32.848635],[114.0983439,32.852492],[114.097214,32.8576419],[114.0969249,32.8594796],[114.0964314,32.8616593],[114.0956539,32.8649429],[114.0953849,32.8671319],[114.0951436,32.8697283],[114.0949959,32.8729979],[114.0950449,32.8750399],[114.095235,32.8781279],[114.0956329,32.8813299],[114.0961359,32.8844549],[114.0974922,32.8913095],[114.097966,32.89331],[114.0990724,32.8992436],[114.0991597,32.9010526],[114.0993334,32.9040251],[114.099277,32.9061361],[114.099054,32.9082471],[114.0986675,32.9104204],[114.0981115,32.9126295],[114.0969014,32.9164084],[114.0959708,32.9192448],[114.0944929,32.9236895],[114.091031,32.9341171],[114.0898415,32.9381045],[114.0892208,32.9413717],[114.0889132,32.9435742],[114.088768,32.946594],[114.0887984,32.9497248],[114.0890685,32.9530938],[114.089611,32.956919],[114.0903694,32.9597843],[114.091549,32.963367],[114.0954773,32.9734625],[114.0967898,32.9772749],[114.0974255,32.9796059],[114.0978835,32.9813913],[114.0986775,32.9862703],[114.0988955,32.9916613],[114.0982885,32.9977063],[114.0977245,33.0003633],[114.0973375,33.0025813],[114.0970391,33.0047537],[114.0953243,33.0134877],[114.09432684999999,33.018169925],[114.0937635,33.0212551],[114.093692,33.023916],[114.093602,33.027324],[114.094073,33.033179],[114.09488,33.039557],[114.094986,33.042098],[114.094913,33.045746],[114.094117,33.051747],[114.092269,33.057988],[114.09158,33.059715],[114.0873814,33.0685201],[114.0860281,33.0710534],[114.0844525,33.0743386],[114.083101,33.0772921],[114.0820935,33.0795913],[114.0810855,33.0823083],[114.0803615,33.0846423],[114.0791245,33.0922843],[114.0790222,33.0951851],[114.079189,33.097763],[114.079618,33.101863],[114.0800447,33.1047829],[114.082137,33.1191003],[114.083149,33.1260248],[114.0835422,33.1297453],[114.0839795,33.1339933],[114.0839845,33.1361963],[114.0836515,33.1414883],[114.082686,33.146984],[114.0821513,33.1487979],[114.0810485,33.1535943],[114.0786099,33.164457],[114.0777164,33.1688713],[114.0775897,33.1706737],[114.0773785,33.1725294],[114.077219,33.178024],[114.077728,33.183449],[114.078511,33.187428],[114.080569,33.193768],[114.0847343,33.2055372],[114.085835,33.208721],[114.086724,33.211369],[114.087954,33.215908],[114.0883291,33.2183531],[114.0888424,33.2212348],[114.0894222,33.2279603],[114.0894196,33.229804],[114.0893635,33.2329963],[114.0889595,33.2378043],[114.0886208,33.2396236],[114.0878737,33.2445478],[114.0874354,33.246443],[114.0866793,33.2487382],[114.0862534,33.2515548],[114.0852875,33.256472],[114.084763,33.260541],[114.084618,33.267398],[114.084828,33.270401],[114.0850719,33.2726679],[114.0854239,33.2759382],[114.0856466,33.2779637],[114.0859735,33.2814849],[114.0864443,33.2862463],[114.0869216,33.2919805],[114.087076,33.294394],[114.087147,33.296193],[114.087105,33.30013],[114.086917,33.303395],[114.0861238,33.3113042],[114.0855485,33.3161924],[114.085077,33.320441],[114.0849618,33.3223398],[114.0847178,33.324492],[114.0847828,33.3273613],[114.0849796,33.3302789],[114.0852443,33.33271],[114.0856286,33.335284],[114.0860131,33.3375271],[114.0879068,33.3465689],[114.0883225,33.3493652],[114.0885082,33.3516433],[114.0887241,33.355528],[114.0886745,33.359114],[114.0886006,33.3614389],[114.0883011,33.3643837],[114.08744573333333,33.369752299999995],[114.0868789,33.3733036],[114.0866861,33.3753756],[114.0865825,33.3774476],[114.0865385,33.3794736],[114.0865845,33.3827033],[114.0867548,33.3847709],[114.0873363,33.390713],[114.0876512,33.3932937],[114.0860927,33.420170549999995],[114.0853817,33.4256823],[114.0851522,33.429977],[114.085305,33.43527],[114.0862277,33.4421459],[114.0867821,33.4448513],[114.089072,33.4541179],[114.089279,33.4560753],[114.0902532,33.4594116],[114.0909195,33.4635017],[114.0913722,33.4675412],[114.0915885,33.471355],[114.0920204,33.4860408],[114.0923514,33.491263125],[114.0928205,33.4946043],[114.0936293,33.4970354],[114.095089,33.5014251],[114.0961004,33.5038586],[114.0972511,33.5062505],[114.099475,33.5101977],[114.1021397,33.5143031],[114.1045349,33.5179488],[114.105659,33.5201282],[114.1104135,33.5274753],[114.1115005,33.5292443],[114.1126298,33.5313407],[114.1138437,33.5339333],[114.1156325,33.5387303],[114.1163843,33.5417021],[114.1171125,33.5458243],[114.1174025,33.5486555],[114.1174421,33.5508059],[114.1173824,33.5534777],[114.1172622,33.5561189],[114.116945,33.558099],[114.1163632,33.5613133],[114.1152705,33.5675402],[114.1143412,33.5718311],[114.1130184,33.5800356],[114.1119423,33.58405],[114.1107048,33.588307],[114.1085658,33.5934102],[114.1034995,33.6045983],[114.101516,33.6089777],[114.0983383,33.6158738],[114.09685315,33.6194656],[114.0949281,33.6242264],[114.0938919,33.6278093],[114.0934476,33.6296502],[114.0914392,33.6387471],[114.090672,33.6433553],[114.0883213,33.6531074],[114.08740997500001,33.657398425],[114.0866365,33.6596992],[114.0855202,33.6626683],[114.0847774,33.6644783],[114.0829875,33.6680712],[114.07717,33.678111],[114.07391784999999,33.68399885],[114.0726271,33.6859841],[114.0689345,33.6927661],[114.065759,33.698261],[114.0643614,33.7007241],[114.0618077,33.7051296],[114.0594425,33.7094867],[114.0585838,33.7112717],[114.0576706,33.713531],[114.056825,33.7159762],[114.0560621,33.718557],[114.0554037,33.7216285],[114.0540548,33.7288008],[114.0518031,33.7409371],[114.0513198,33.7435161],[114.04845284999999,33.75604715],[114.04739,33.7586762],[114.046031,33.7618002],[114.0446785,33.7644082],[114.0433375,33.7666602],[114.0418521,33.7689062],[114.038756,33.773217],[114.0362231,33.7759973],[114.0330343,33.7792243],[114.0294329,33.7831764],[114.0275395,33.7851566],[114.0223806,33.7909938],[114.013947,33.800583],[114.009898,33.805566],[114.008865,33.8071058],[114.0069565,33.8095737],[114.0053173,33.8128443],[114.0024959,33.8189949],[113.9975513,33.8295406],[113.9966059,33.8316159],[113.9957849,33.8334246],[113.994381,33.8369527],[113.9930703,33.8395776],[113.9920675,33.8413337],[113.9908455,33.8432703],[113.9894914,33.8451882],[113.987557,33.8477027],[113.9853285,33.8501939],[113.9825247,33.8526772],[113.980445,33.8544939],[113.9780737,33.856359],[113.9756414,33.8581531],[113.9731213,33.8599335],[113.9605069,33.8688535],[113.9521943,33.8750138],[113.9479429,33.8777761],[113.9379887,33.8848813],[113.9357305,33.886768],[113.9322051,33.8901575],[113.92937,33.892977],[113.924558,33.898508],[113.9211291,33.903329],[113.9197178,33.9055714],[113.917707,33.909138],[113.9164941,33.9116347],[113.9134989,33.9181065],[113.9098756,33.9254815],[113.906983,33.931823],[113.903632,33.936988],[113.899416,33.94221],[113.8977352,33.9442434],[113.8882108,33.9574641],[113.8867254,33.9605854],[113.885682,33.9625337],[113.884692,33.9657951],[113.8840288,33.9681645],[113.8835753,33.9704656],[113.8831574,33.9742023],[113.8830508,33.9771402],[113.8831542,33.9799697],[113.8837674,33.9830478],[113.8846278,33.9873992],[113.8848287,33.989201],[113.8857737,33.9925211],[113.8870961,33.9981664],[113.8875967,34.0015437],[113.888023,34.0034075],[113.8888453,34.0070082],[113.8892794,34.0094272],[113.8896585,34.0124722],[113.8898099,34.0143774],[113.8898872,34.016354],[113.8899017,34.0186339],[113.8897906,34.021116],[113.889545,34.023853],[113.8893546,34.0258446],[113.8879113,34.0399352],[113.8875654,34.0433751],[113.887048,34.0505345],[113.8866755,34.0541879],[113.8864069,34.0568851],[113.885989,34.0599569],[113.8855889,34.0620826],[113.8849275,34.064855],[113.8841857,34.0674246],[113.8833187,34.069352],[113.8823918,34.071745],[113.8815773,34.0736076],[113.8806449,34.0755516],[113.8790617,34.078498],[113.8772429,34.081889],[113.8737111,34.0876551],[113.8712109,34.0913514],[113.8700881,34.0931781],[113.8675689,34.0976582],[113.865647,34.1004097],[113.864236,34.1027164],[113.8618924,34.1065469],[113.8606318,34.1086024],[113.8591677,34.1112676],[113.8577049,34.1143497],[113.8567538,34.1167369],[113.85276835,34.135949483333334],[113.852371,34.138979],[113.849701,34.156583],[113.8494256,34.1586987],[113.849071,34.161042],[113.8484376,34.165316],[113.8480201,34.1676983],[113.8476336,34.1694737],[113.8468469,34.1725825],[113.8459691,34.1752341],[113.8451863,34.1772679],[113.8443981,34.1791198],[113.8427038,34.1825248],[113.840285,34.186761],[113.838177,34.190413],[113.8371156,34.1922742],[113.8348239,34.1962568],[113.833973,34.197904],[113.8329622,34.2000654],[113.8316662,34.2033495],[113.830636,34.206629],[113.829441,34.211822],[113.828578,34.215897],[113.827608,34.220422],[113.8268132,34.2240134],[113.8257054,34.22885839999999],[113.8250605,34.2313567],[113.8242875,34.2359237],[113.8238475,34.2407397],[113.8236845,34.2442598],[113.8237395,34.2487598],[113.8238119,34.2529729],[113.8238344,34.2554686],[113.8239284,34.2620609],[113.8238441,34.2642938],[113.8236588,34.266323],[113.8231605,34.2696648],[113.8225735,34.2717908],[113.8217115,34.2747028],[113.8204895,34.2779128],[113.8189245,34.2812268],[113.8178573,34.283102],[113.8154585,34.2868909],[113.8139424,34.2890422],[113.8128022,34.2906603],[113.811671,34.292116],[113.809738,34.294544],[113.8043862,34.3011013],[113.8025258,34.3033685],[113.800931,34.305163],[113.798709,34.30841],[113.797445,34.310771],[113.796649,34.312626],[113.795249,34.317419],[113.794829,34.32153],[113.79529,34.327367],[113.796377,34.331968],[113.797873,34.337978],[113.798995,34.344019],[113.799382,34.349556],[113.799326,34.354538],[113.799134,34.360047],[113.799032,34.365344],[113.7988907,34.3707296],[113.798803,34.373847],[113.798706,34.3758904],[113.7984959,34.3776978],[113.7986057,34.3797045],[113.7985355,34.3817316],[113.7984655,34.3882876],[113.7984896,34.3921082],[113.7986725,34.3950712],[113.7990055,34.3982396],[113.7993755,34.4006876],[113.7997724,34.402773],[113.8014797,34.4103609],[113.80318946666665,34.41859133333333],[113.8043725,34.4234046],[113.8050985,34.4264786],[113.8056535,34.4289666],[113.8067122,34.4336251],[113.8070894,34.4356934],[113.8071525,34.4375212],[113.8075003,34.4408444],[113.8076996,34.4446651],[113.8075584,34.4483175],[113.8073783,34.4508195],[113.8072922,34.4534333],[113.8068937,34.4585717],[113.8065612,34.4619002],[113.8061783,34.4669533],[113.8060152,34.4693034],[113.8056975,34.473187],[113.8052242,34.4783666],[113.8049904,34.4813382],[113.8047782,34.4841994],[113.8045266,34.4871978],[113.8043518,34.4893005],[113.8041677,34.491443],[113.8037947,34.4956384],[113.8036181,34.4979856],[113.8033745,34.5012075],[113.803261,34.5030291],[113.803181,34.506275],[113.8032048,34.5089461],[113.8033418,34.5111607],[113.8037434,34.5141929],[113.80426,34.516732],[113.805097,34.519805],[113.806554,34.523882],[113.808295,34.527559],[113.8095984,34.5298102],[113.811877,34.533596],[113.8132413,34.5357883],[113.8154138,34.5388803],[113.817313,34.5421067],[113.8183165,34.5440997],[113.8191909,34.546101],[113.8198851,34.5477618],[113.8205291,34.5498402],[113.8210483,34.5516287],[113.8217752,34.5549576],[113.8221694,34.5575973],[113.8224178,34.561377],[113.822719,34.5659699],[113.8230503,34.5714663],[113.8233966,34.5767142],[113.8237204,34.5821052],[113.8241757,34.5852702],[113.8241897,34.5880822],[113.8243238,34.5906014],[113.8243721,34.5927836],[113.8243238,34.5947047],[113.824171,34.5968006],[113.8239323,34.5987703],[113.823565,34.6008129],[113.8227618,34.6042575],[113.8223111,34.6062251],[113.8219341,34.6082755],[113.8216256,34.6107953],[113.821633,34.6130489],[113.8216103,34.6149873],[113.8216866,34.617194],[113.8218446,34.6190618],[113.8220889,34.6216439],[113.8221776,34.6234774],[113.8221897,34.625684],[113.8221117,34.6275528],[113.821853,34.6301784],[113.821354,34.634366],[113.8210622,34.6372339],[113.8205637,34.6389779],[113.8202235,34.6409098],[113.8194537,34.6446479],[113.8187027,34.6473973],[113.8178176,34.6502526],[113.8166978,34.6539899],[113.8160676,34.6559837],[113.8143361,34.6617482],[113.8129958,34.6662884],[113.8112039,34.6722064],[113.8105865,34.6743975],[113.8099314,34.6772812],[113.8095324,34.6794798],[113.8093065,34.6812943],[113.8091443,34.6852214],[113.808735,34.6907182],[113.8086395,34.6935471],[113.8086395,34.6961397],[113.8088009,34.6986876],[113.8089969,34.7016312],[113.8095581,34.7053002],[113.8111621,34.7145365],[113.8114532,34.7170351],[113.8115987,34.7195248],[113.8115441,34.7224464],[113.8113656,34.7299268],[113.8114854,34.7319381],[113.8113309,34.7383992],[113.811195,34.7420157],[113.8109017,34.7447696],[113.8113051,34.7480827],[113.8115197,34.7505581],[113.8118201,34.752709],[113.8127222,34.7568541],[113.8138188,34.7614064],[113.8146271,34.7654115],[113.8155194,34.7683684],[113.8163758,34.7707049],[113.8180611,34.7744025],[113.81909693333334,34.776274533333336],[113.82094065,34.7797042],[113.82193,34.7813684],[113.8229256,34.7839351],[113.823638,34.7857048],[113.8245841,34.7882215],[113.8251293,34.7901257],[113.8256571,34.7923835],[113.8262935,34.7971282],[113.826621,34.800353],[113.8263861,34.8031775],[113.8261721,34.8057305],[113.8259181,34.8081538],[113.8256571,34.8106445],[113.8257473,34.8130109],[113.8258401,34.816622],[113.8260522,34.8188456],[113.8269102,34.8240902],[113.8278505,34.829134],[113.8281317,34.8318225],[113.8283097,34.833945],[113.8281894,34.8364293],[113.8278881,34.8384534],[113.8271161,34.8410924],[113.8259571,34.8437104],[113.8242515,34.8461957],[113.8204577,34.8512529],[113.817651,34.855177],[113.816171,34.857194],[113.814411,34.860241],[113.8136962,34.8619296],[113.812716,34.864683],[113.812201,34.867344],[113.811986,34.870906],[113.8128421,34.8829536],[113.81351,34.891913],[113.813961,34.897406],[113.814905,34.910903],[113.815484,34.917512],[113.816557,34.931953],[113.816814,34.934742],[113.817244,34.937532],[113.817801,34.940321],[113.818574,34.943068],[113.8243243,34.9588951],[113.8260657,34.9641781],[113.827479,34.966865],[113.828938,34.969611],[113.8306487,34.9723494],[113.8325077,34.9752757],[113.8348108,34.9779965],[113.8360947,34.9793763],[113.8390222,34.9823253],[113.8412997,34.9845708],[113.8429974,34.9866342],[113.8446047,34.9886908],[113.8459739,34.9904657],[113.847349,34.992635],[113.848765,34.995296],[113.8503396,34.9986387],[113.8523143,35.0041415],[113.8531007,35.0059749],[113.8539925,35.0079972],[113.8554406,35.0106854],[113.8563705,35.0122324],[113.857434,35.0139],[113.859622,35.016947],[113.861682,35.01935],[113.867464,35.0255747],[113.869445,35.0276769],[113.873677,35.032139],[113.8755272,35.0343234],[113.8765977,35.0358338],[113.8786367,35.0385368],[113.8804387,35.0412838],[113.8821127,35.0440298],[113.8840734,35.0474166],[113.886679,35.0515782],[113.890071,35.057437],[113.8910169,35.0591524],[113.892408,35.061937],[113.8933492,35.0643974],[113.8947218,35.0680475],[113.8957167,35.0715608],[113.8962493,35.0732904],[113.897624,35.07971],[113.898354,35.084109],[113.900843,35.098228],[113.90168,35.101898],[113.902709,35.105417],[113.903997,35.108914],[113.9067004,35.1156654],[113.9085524,35.1202901],[113.9133662,35.1323096],[113.914905,35.1365723],[113.9158543,35.1392122],[113.9169004,35.1427172],[113.9174004,35.14494],[113.918304,35.151928549999994],[113.9186921,35.1581644],[113.91912745,35.1628791],[113.9192025,35.1651845],[113.9195306,35.1681116],[113.9203071,35.1717393],[113.921048,35.1742889],[113.9216164,35.176075],[113.9223453,35.1778451],[113.9240566,35.1814557],[113.926284,35.185064],[113.932514,35.196183],[113.933759,35.198672],[113.935411,35.202255],[113.936334,35.204659],[113.937192,35.207233],[113.9409369,35.2202483],[113.9429743,35.2279632],[113.9436957,35.2307547],[113.9441677,35.2332867],[113.9444897,35.2358617],[113.9446646,35.2388917],[113.9452837,35.2506027],[113.9457987,35.2542077],[113.9467936,35.258176],[113.948028,35.261393],[113.949273,35.264397],[113.951504,35.268559],[113.952749,35.270469],[113.9586576,35.2790791],[113.9606687,35.2825106],[113.9624717,35.2856866],[113.9639517,35.2889046],[113.9652446,35.2921773],[113.9669009,35.2962667],[113.967562,35.2979808],[113.9689673,35.3021702],[113.9704763,35.3052078],[113.9727709,35.3086969],[113.974314,35.310895],[113.9770014,35.3144445],[113.9798379,35.3173663],[113.9817194,35.3190712],[113.9831142,35.3202552],[113.9861075,35.3225247],[113.9876337,35.3235729],[113.9906968,35.3255118],[113.9949749,35.3281028],[114.0000878,35.3311593],[114.0033955,35.3331465],[114.0053242,35.3342965],[114.0085873,35.3362691],[114.0104844,35.3371747],[114.023795,35.3452033],[114.0254296,35.3461851],[114.0289616,35.3485417],[114.0329122,35.3506816],[114.0351225,35.3519975],[114.0377369,35.3534328],[114.0403658,35.3547795],[114.0431492,35.3561426],[114.0491287,35.3588608],[114.05511,35.3616082],[114.0625667,35.3649878],[114.067007,35.3670423],[114.0696152,35.3684665],[114.0714228,35.3693935],[114.0742291,35.3711557],[114.0757654,35.3722789],[114.0781466,35.3743626],[114.0796073,35.375921],[114.0812396,35.37793],[114.0829043,35.3805209],[114.0842805,35.3832993],[114.0857277,35.3867923],[114.0876587,35.3915416],[114.0887855,35.3941901],[114.089871,35.3968826],[114.0910462,35.3997347],[114.091837,35.4016128],[114.092607,35.4033387],[114.0935695,35.4053844],[114.0944636,35.4069898],[114.0957239,35.4090895],[114.0967086,35.4106402],[114.0985742,35.4131021],[114.1004029,35.4153225],[114.1050685,35.420608],[114.1118307,35.4284011],[114.1136434,35.4304546],[114.1240879,35.4424826],[114.1284879,35.4472022],[114.1305868,35.449605],[114.1321697,35.4515534],[114.1340315,35.454331],[114.1352936,35.4569097],[114.1359003,35.4595225],[114.136477,35.4615738],[114.1365976,35.4638389],[114.1363605,35.4667524],[114.1356144,35.4699668],[114.134949,35.4723344],[114.1327196,35.4791128],[114.1313862,35.48365],[114.1308748,35.4861243],[114.1295027,35.4900012],[114.1289244,35.4927239],[114.1281986,35.4953299],[114.1277224,35.4977595],[114.1273143,35.5010516],[114.1277153,35.5038182],[114.1282713,35.5067082],[114.1292978,35.5096212],[114.130695,35.5124181],[114.1319639,35.5146172],[114.1338085,35.5176649],[114.135163,35.5198697],[114.1360897,35.521471],[114.1380072,35.524633],[114.1394328,35.5273598],[114.1408159,35.529251],[114.142762,35.532459],[114.1445013,35.5353305],[114.1455206,35.5374363],[114.147531,35.5404178],[114.1502826,35.5449421],[114.1515584,35.547094],[114.1526277,35.5488804],[114.1543813,35.5520934],[114.1563127,35.5552817],[114.1578601,35.5577073],[114.1589293,35.5591803],[114.1610964,35.5618827],[114.1624294,35.5634426],[114.1639051,35.5649155],[114.165901,35.5668233],[114.1674764,35.5681686],[114.1690091,35.5694094],[114.1709124,35.5705923],[114.1737496,35.5724941],[114.1754747,35.5735958],[114.1785485,35.5754774],[114.1854356,35.5797739],[114.1895297,35.5823065],[114.1939803,35.5850753],[114.1980631,35.587827],[114.2008879,35.589371],[114.202449,35.5904028],[114.203946,35.5914752],[114.2054502,35.5926114],[114.2084299,35.5951234],[114.2107823,35.5976138],[114.2122563,35.5992039],[114.213926,35.600854],[114.2161358,35.6037172],[114.2176542,35.605995],[114.2203588,35.6103205],[114.2227281,35.6140217],[114.2242969,35.6164805],[114.2262224,35.6195119],[114.2304837,35.62622],[114.2337144,35.6312851],[114.24275263333334,35.6454677],[114.2444212,35.6475402],[114.2457045,35.6490734],[114.2470541,35.6505701],[114.2486608,35.6522515],[114.2517356,35.655233],[114.2548735,35.6581777],[114.2584654,35.6616444],[114.2604189,35.6634761],[114.2622343,35.6652046],[114.2644862,35.6673648],[114.2661764,35.6689556],[114.2677352,35.6704442],[114.2714067,35.6739539],[114.2732504,35.6759489],[114.2757806,35.67836],[114.2772389,35.6798334],[114.2793259,35.6821606],[114.2817017,35.6851906],[114.2830443,35.6869498],[114.2862386,35.6911135],[114.2877006,35.6930761],[114.2898415,35.6955648],[114.290895,35.6972397],[114.2920373,35.6987547],[114.2940738,35.7010751],[114.2962802,35.7038951],[114.2990759,35.7076025],[114.3009174,35.7100209],[114.303532,35.7134395],[114.3059679,35.7166177],[114.3079009,35.719324],[114.3091435,35.7216787],[114.3103323,35.7237851],[114.3113563,35.7259201],[114.3124335,35.7285269],[114.3133192,35.731094],[114.3139859,35.7334921],[114.3144381,35.7355992],[114.3148495,35.7378769],[114.315425,35.7412608],[114.3157247,35.7431134],[114.3160332,35.7449807],[114.3164622,35.747416],[114.3168843,35.7498677],[114.3173215,35.7522338],[114.3177201,35.7546348],[114.3184413,35.7588457],[114.3188448,35.7611601],[114.3193228,35.7638705],[114.3197832,35.7666366],[114.3204169,35.7703531],[114.3207504,35.7723226],[114.32411465,35.78932325],[114.3250626,35.7924502],[114.3259891,35.7946885],[114.3267613,35.7964911],[114.3278288,35.7984951],[114.3293798,35.8011526],[114.3309912,35.8035921],[114.3334284,35.8067667],[114.3346369,35.8082151],[114.3363356,35.8102678],[114.3377993,35.8120047],[114.3400217,35.8146617],[114.3431773,35.818462],[114.3454856,35.8211986],[114.3476845,35.8235661],[114.3515184,35.8281258],[114.3536314,35.8306236],[114.3555704,35.8329295],[114.3574966,35.8353767],[114.3593324,35.8379647],[114.360424,35.8395879],[114.3615499,35.841483],[114.3624431,35.8430859],[114.3638872,35.8464916],[114.3653559,35.8490696],[114.3660881,35.8510845],[114.3676609,35.8543479],[114.3685484,35.8561781],[114.3694614,35.8580774],[114.3704809,35.8601246],[114.3713787,35.8620156],[114.373378,35.8661555],[114.379487025,35.878573125],[114.3804927,35.8808781],[114.3817613,35.8836124],[114.3826462,35.8858684],[114.3842368,35.8899951],[114.3848806,35.8925506],[114.3855962,35.8963551],[114.3862039,35.9004007],[114.3862719,35.9022465],[114.3867705,35.9055083],[114.3875087,35.9102706],[114.3878893,35.9126817],[114.3883754,35.9160899],[114.3888289,35.9191405],[114.3893678,35.9210628],[114.3900826,35.9257889],[114.3906405,35.9291742],[114.3911908,35.9327062],[114.3917145,35.9359685],[114.3920882,35.937775],[114.39271,35.940448],[114.3934436,35.9430233],[114.3943668,35.9456958],[114.3957319,35.9491465],[114.3973546,35.9529093],[114.3989301,35.9565161],[114.4005982,35.9609806],[114.4023262,35.9649618],[114.4032956,35.9666658],[114.4046165,35.9697251],[114.4066108,35.9743101],[114.4083323,35.9782827],[114.4098678,35.9819258],[114.4114561,35.9857749],[114.4124357,35.9885252],[114.4133199,35.991229],[114.4139893,35.9935882],[114.414878,35.997209],[114.4155891,36.0015324],[114.4160495,36.0044662],[114.416875,36.0100584],[114.4174713,36.0141472],[114.4179565,36.0173348],[114.4190933,36.0248021],[114.4201267,36.0317227],[114.4204385,36.0353686],[114.4208108,36.0377763],[114.4212179,36.0405478],[114.4216645,36.0435498],[114.4220368,36.046052],[114.4233912,36.0550608],[114.4247856,36.0644461],[114.4251212,36.0665638],[114.4253289,36.0684188],[114.4254719,36.0706126],[114.4255558,36.0728762],[114.4254116,36.077113],[114.4251232,36.0799309],[114.4246617,36.0827346],[114.4240541,36.0855801],[114.423259,36.0884447],[114.4226195,36.0904824],[114.4216619,36.0929586],[114.4203746,36.0959331],[114.4155605,36.1063126],[114.4133757,36.1115897],[114.4099607,36.1189414],[114.4079242,36.1234313],[114.4068078,36.1264564],[114.406194,36.1284516],[114.4056604,36.1306997],[114.4052965,36.132548],[114.4050013,36.1346273],[114.404773,36.1375546],[114.4047549,36.1399147],[114.4048826,36.1428085],[114.4051293,36.1449163],[114.4055039,36.147243],[114.4059842,36.1499117],[114.4076561,36.1595938],[114.4080131,36.1629596],[114.409799,36.1733843],[114.4101257,36.1762087],[114.4102169,36.1780449],[114.410156,36.1817018],[114.4099368,36.1840462],[114.4093309,36.1876438],[114.4089107,36.1894382],[114.4080685,36.1922895],[114.4073408,36.1942454],[114.4064397,36.196359],[114.4050609,36.1991327],[114.4036385,36.201524],[114.4025993,36.2031427],[114.3985862,36.2088267],[114.39681,36.2113884],[114.3952118,36.2140416],[114.3943404,36.2158526],[114.393714,36.2177782],[114.3929764,36.2197081],[114.3923116,36.2221508],[114.3913287,36.2247503],[114.3908604,36.2269287],[114.3905265,36.2291889],[114.3902789,36.2317791],[114.3902207,36.2346993],[114.3902724,36.2365934],[114.3904619,36.2428861],[114.3904813,36.2456253],[114.390337,36.2483991],[114.3900899,36.2512269],[114.3899418,36.2521767]]}},{"type":"Feature","properties":{"level":"expressway","ref":"G40","name":"沪陕高速","routeKey":"expressway-G40","chainIndex":0,"sourceSegmentCount":1092,"visualLengthKm":404.91,"sourceOsmCount":1092},"geometry":{"type":"LineString","coordinates":[[114.7273476,32.0907567],[114.7251113,32.0913635],[114.7223298,32.0924582],[114.7203577,32.093489],[114.71829,32.0947558],[114.7161265,32.095985],[114.7141176,32.0966907],[114.7121892,32.0971744],[114.7098211,32.0974743],[114.7076537,32.0976035],[114.7045091,32.0977251],[114.7026056,32.0978209],[114.7005431,32.0979858],[114.6983335,32.0983215],[114.6960259,32.0988541],[114.6940736,32.0993747],[114.6906655,32.1004309],[114.6876361,32.101356],[114.684908,32.1021891],[114.6831281,32.1027982],[114.6812497,32.1033763],[114.6791178,32.1042137],[114.6759151,32.1057174],[114.6742242,32.1065462],[114.6721991,32.1074921],[114.6693299,32.1087683],[114.6662029,32.1096803],[114.663622,32.1101697],[114.660505,32.1106976],[114.6575483,32.1112383],[114.6546517,32.1118673],[114.6526054,32.1125965],[114.6507408,32.1132276],[114.6489798,32.1140054],[114.6465002,32.1152171],[114.6440294,32.1164615],[114.6396103,32.1185458],[114.6361241,32.1203328],[114.63001335,32.122976050000005],[114.6272027,32.1239066],[114.6234702,32.1250696],[114.6209071,32.126125],[114.6186936,32.1273107],[114.6166929,32.1287812],[114.6118817,32.1327276],[114.607386,32.1363647],[114.6046655,32.1382965],[114.600808,32.1405778],[114.5980229,32.1420063],[114.5941636,32.143766],[114.5914849,32.1449782],[114.5884026,32.1463899],[114.5867344,32.1472421],[114.5838618,32.1490123],[114.5808744,32.1511648],[114.5783977,32.1531074],[114.5764296,32.1547167],[114.5732595,32.1572094],[114.5698178,32.1590565],[114.5671757,32.1599806],[114.5646765,32.1605219],[114.5596971,32.1610149],[114.5504879,32.1617926],[114.5469083,32.1620917],[114.5446064,32.1622997],[114.542789,32.1625695],[114.535329375,32.165935475],[114.531738,32.1683136],[114.529113,32.1699794],[114.5270947,32.1710278],[114.5251676,32.1720181],[114.523461,32.1726683],[114.5203251,32.1734809],[114.5179169,32.1739902],[114.5155614,32.1743424],[114.5135282,32.1746089],[114.5110389,32.1746851],[114.5075976,32.1747434],[114.5042907,32.1749753],[114.5019898,32.1752565],[114.4998529,32.1756353],[114.4978177,32.1760688],[114.4958222,32.1764975],[114.4928536,32.1771353],[114.4896756,32.1777084],[114.4847696,32.1786707],[114.4813246,32.1792995],[114.4784426,32.1795983],[114.4744423,32.1798679],[114.470299,32.1799701],[114.4654809,32.179829],[114.461234,32.1794774],[114.4496882,32.1781258],[114.4430393,32.1774008],[114.4389189,32.1769719],[114.4371021,32.1768203],[114.433725,32.1767872],[114.4306693,32.1768054],[114.4265442,32.1770276],[114.4236517,32.1772229],[114.4211745,32.1773465],[114.4177647,32.1773638],[114.4158267,32.1773093],[114.413633,32.1771911],[114.4104071,32.1769043],[114.4060823,32.1762541],[114.4027011,32.1757317],[114.3992292,32.1751557],[114.3953764,32.1746704],[114.3920095,32.174385],[114.3892036,32.1742581],[114.386046,32.17419],[114.3821651,32.173996],[114.3800515,32.1739143],[114.3765593,32.1736419],[114.3701434,32.1729244],[114.365868,32.1724159],[114.3635881,32.1721571],[114.3617642,32.1719663],[114.3599188,32.171821],[114.3580949,32.1717075],[114.3562909,32.1717608],[114.3544902,32.1717426],[114.3514477,32.1717698],[114.3493617,32.171762],[114.3475776,32.1720009],[114.3440487,32.1723862],[114.3416782,32.172735],[114.3364327,32.1737419],[114.3330272,32.1744636],[114.3271154,32.175617],[114.3238592,32.1762981],[114.3205708,32.1769837],[114.318468,32.1773697],[114.3158968,32.1778666],[114.3130858,32.1781715],[114.3109296,32.1783353],[114.3087905,32.1784354],[114.3055826,32.1783686],[114.3036675,32.1783232],[114.301393,32.1782096],[114.2989576,32.1780099],[114.2969245,32.1777874],[114.2950147,32.177524],[114.2892802,32.1764843],[114.2861527,32.1759303],[114.2837495,32.1755989],[114.2792304,32.1752429],[114.277153,32.1750934],[114.2748884,32.1749982],[114.2725527,32.1749665],[114.2699604,32.1749631],[114.2612559,32.1749256],[114.252658,32.1749041],[114.2491097,32.174876],[114.24722,32.174849],[114.2445585,32.1749098],[114.2419191,32.1750528],[114.2400531,32.1752455],[114.2375489,32.1755401],[114.2347983,32.1759751],[114.2327078,32.1764057],[114.2306417,32.1768723],[114.2285868,32.1774372],[114.2260033,32.1782252],[114.2234674,32.1791229],[114.2204488,32.1803703],[114.2172844,32.1817178],[114.2141596,32.1833091],[114.2112781,32.1848612],[114.2083051,32.1862964],[114.2047542,32.1877203],[114.2023031,32.1885293],[114.2000914,32.1891374],[114.1972908,32.1897184],[114.194749,32.190076],[114.1928395,32.1904153],[114.1907196,32.1906035],[114.1879232,32.1908769],[114.1852334,32.1912383],[114.1829785,32.1916256],[114.1803521,32.1922],[114.1783023,32.1926933],[114.1762514,32.1932512],[114.1744176,32.1937173],[114.1708886,32.1950889],[114.1651204,32.1976764],[114.1608169,32.1996015],[114.1577147,32.2005874],[114.1542895,32.201566],[114.1504837,32.2022728],[114.1477245,32.2026126],[114.1446934,32.2028609],[114.1428008,32.2030197],[114.1408932,32.2032023],[114.1384695,32.203497],[114.134353,32.2043996],[114.1306954,32.2052636],[114.1280132,32.2060554],[114.1255181,32.2069277],[114.1211142,32.2086947],[114.1173085,32.2106112],[114.1132308,32.2130577],[114.1109671,32.2145756],[114.1090101,32.2159917],[114.1055617,32.2183931],[114.1035957,32.2197533],[114.1012845,32.2214306],[114.0994188,32.2225196],[114.0977201,32.223441],[114.0959538,32.2243349],[114.0936038,32.2254266],[114.0906787,32.2265889],[114.0882485,32.2275062],[114.0845786,32.2285936],[114.0790874,32.2298712],[114.0744168,32.2310723],[114.0725428,32.2315064],[114.06651575000001,32.23378975],[114.0630151,32.2353574],[114.0592735,32.2372989],[114.057314,32.2384595],[114.054954,32.2399756],[114.0532881,32.2411466],[114.0517545,32.2422717],[114.0490457,32.244492],[114.0472912,32.2460599],[114.0452196,32.247711],[114.0426562,32.2499726],[114.0413227,32.2513549],[114.0389319,32.253321],[114.036121,32.2558299],[114.0345986,32.2571719],[114.032918,32.2585926],[114.0309562,32.2601877],[114.0295268,32.2613275],[114.0279143,32.2624965],[114.0234621,32.2656437],[114.0219528,32.2668438],[114.0200999,32.2681484],[114.01527665,32.271891249999996],[114.0135317,32.273593],[114.0118205,32.2753006],[114.0099192,32.2772455],[114.0074814,32.280594],[114.0045435,32.2850055],[114.0035183,32.2865806],[114.0016644,32.2891295],[114.0003778,32.2910717],[113.9990506,32.2931166],[113.9973953,32.2956121],[113.9963311,32.2971747],[113.994122,32.3001398],[113.9926639,32.3019143],[113.9904136,32.3042917],[113.9885932,32.3060321],[113.9859879,32.308642],[113.9842586,32.310282],[113.9823487,32.3120735],[113.9809456,32.3136957],[113.9786072,32.316592],[113.9775278,32.3181302],[113.9762177,32.3205523],[113.9752541,32.3221525],[113.9741925,32.3241984],[113.9730578,32.3266287],[113.9710002,32.3318465],[113.9687779,32.3372367],[113.9676185,32.3401845],[113.9649324,32.3471401],[113.9637186,32.3498371],[113.9627116,32.3519733],[113.9613368,32.3543821],[113.9601452,32.3564056],[113.9590464,32.3582013],[113.9580352,32.3597235],[113.9566349,32.3616616],[113.9554204,32.3632683],[113.9536331,32.3656328],[113.9520329,32.3677304],[113.9504323,32.3699104],[113.9490038,32.371878],[113.9473606,32.3743801],[113.9461743,32.3763155],[113.9441552,32.3799855],[113.9427628,32.3825977],[113.9418884,32.3842092],[113.9409652,32.3859635],[113.9396793,32.3882592],[113.9383034,32.3908611],[113.936441,32.3936651],[113.9345369,32.3963068],[113.9333847,32.39782],[113.9313791,32.4002171],[113.9282648,32.4036904],[113.9248438,32.4071729],[113.922353,32.4096584],[113.9197275,32.4120941],[113.9163529,32.4154567],[113.9137298,32.4180725],[113.9119054,32.4199214],[113.9077341,32.4242959],[113.9033669,32.4286836],[113.88813515,32.451451000000006],[113.8854228,32.4542933],[113.8797172,32.4594544],[113.8749398,32.4637561],[113.8717314,32.4659296],[113.8696571,32.4668998],[113.8672319,32.4678636],[113.8646319,32.4686872],[113.8615947,32.4695223],[113.8578949,32.4700044],[113.855406,32.4702805],[113.8528086,32.4703895],[113.8506627,32.4703781],[113.8406361,32.4697465],[113.8378876,32.4695356],[113.8351752,32.4693435],[113.8269534,32.4691224],[113.8221481,32.4691224],[113.8139421,32.4694033],[113.8116589,32.4693061],[113.8072164,32.4694566],[113.804376,32.4695982],[113.8011798,32.4694981],[113.7928946,32.4688276],[113.7864773,32.4678972],[113.7708821,32.4659844],[113.7598892,32.4655749],[113.7579971,32.4655932],[113.7559468,32.4659463],[113.7536801,32.4660534],[113.7512436,32.4664471],[113.7481403,32.4670455],[113.7432752,32.4684956],[113.7412193,32.4691612],[113.7167711,32.4799853],[113.7137663,32.4814434],[113.7098481,32.4832473],[113.7072972,32.4842296],[113.7047032,32.4853598],[113.69841825,32.487426],[113.6922809,32.4894219],[113.6899037,32.4902229],[113.6882032,32.4909915],[113.6854425,32.4922014],[113.6832234,32.4933652],[113.6802071,32.4952179],[113.6771068,32.4975602],[113.6748843,32.4996047],[113.6729291,32.5014997],[113.6704335,32.5042689],[113.6686961,32.506175],[113.6669205,32.5081281],[113.6604051,32.5155096],[113.6572854,32.5189989],[113.6545352,32.5228876],[113.65007,32.5300142],[113.6464919,32.5358102],[113.644225,32.5396163],[113.6430027,32.5414214],[113.6419521,32.5431172],[113.6387484,32.5471108],[113.6350076,32.5508368],[113.6309563,32.55406],[113.6267013,32.557002],[113.6248115,32.5582756],[113.6206762,32.5609457],[113.6126477,32.5664903],[113.6069377,32.5704785],[113.6027632,32.5740312],[113.6011539,32.5757439],[113.5976639,32.5792588],[113.5930457,32.5841156],[113.5901467,32.5869581],[113.5866805,32.5906312],[113.5836313,32.593758],[113.5813206,32.5958978],[113.5789657,32.597791],[113.5762016,32.5999002],[113.5733518,32.6015157],[113.5713479,32.6027735],[113.5685244,32.6041581],[113.5656718,32.6054416],[113.5634983,32.6064669],[113.5610231,32.6078204],[113.5590142,32.6089143],[113.5562527,32.6109094],[113.5539258,32.6129192],[113.5521289,32.6147438],[113.5507768,32.6165687],[113.5496449,32.6184574],[113.5473168,32.6222302],[113.5460071,32.6237145],[113.5433847,32.6259892],[113.5416882,32.6270075],[113.5395085,32.6280549],[113.5373728,32.6288887],[113.5352554,32.629655],[113.5315829,32.6313067],[113.5280049,32.6332357],[113.5244644,32.6351873],[113.522678,32.6360953],[113.5208391,32.6369575],[113.5182095,32.6381055],[113.5153878,32.6392303],[113.5124567,32.640295],[113.5094936,32.6412716],[113.5069846,32.6419803],[113.5033659,32.6430016],[113.5002275,32.6435444],[113.4979916,32.6439299],[113.4954773,32.6443178],[113.492084,32.6446834],[113.4900664,32.6450361],[113.4868381,32.6452745],[113.4845214,32.6455515],[113.4811819,32.6460644],[113.4776873,32.6468353],[113.4756545,32.6473964],[113.4728159,32.648049],[113.4706951,32.6489137],[113.4684262,32.649782],[113.4646933,32.6514046],[113.4622294,32.6527],[113.4601888,32.6538233],[113.4576148,32.6554575],[113.4558983,32.656638],[113.4538912,32.6580183],[113.4520899,32.6591976],[113.4500271,32.6603707],[113.4478042,32.6614764],[113.4452282,32.6624666],[113.4432674,32.66321],[113.4408916,32.6640063],[113.4381739,32.664723],[113.4355033,32.6653119],[113.4328952,32.6657855],[113.4292864,32.6664407],[113.426363,32.6669396],[113.4235885,32.667491],[113.4189781,32.668352],[113.4166636,32.6688844],[113.4102093,32.6700852],[113.4063009,32.6708414],[113.4024428,32.6714187],[113.399188,32.6719774],[113.3969556,32.6722715],[113.393685,32.6726223],[113.3903959,32.6728467],[113.3872852,32.6730027],[113.3842084,32.6731358],[113.3814682,32.673286],[113.3787665,32.6735009],[113.3761704,32.6740269],[113.3732133,32.6744861],[113.3710878,32.6749041],[113.3691696,32.6753744],[113.3663915,32.6761035],[113.3639468,32.6768191],[113.361988,32.6772325],[113.3589669,32.6782141],[113.3566691,32.6787692],[113.3541199,32.6793076],[113.3516111,32.6797796],[113.3483847,32.6802281],[113.3465354,32.68042],[113.3436975,32.6806789],[113.3411238,32.680797],[113.3388954,32.6808394],[113.3364926,32.6808391],[113.3310519,32.6805853],[113.3150171,32.6795504],[113.3121476,32.679464],[113.3099764,32.679458],[113.30353550000001,32.6796245],[113.3009335,32.6796875],[113.2982494,32.679837],[113.28608795,32.679620650000004],[113.283727,32.6792854],[113.2811893,32.6789177],[113.2774245,32.6783121],[113.2744126,32.6776539],[113.2725723,32.6774142],[113.2687661,32.6768507],[113.2669456,32.6766205],[113.264186,32.6763707],[113.2610798,32.6762382],[113.2571383,32.6762788],[113.2534141,32.6764817],[113.2510207,32.6767322],[113.2485438,32.6770816],[113.2413816,32.6786584],[113.236057,32.6802334],[113.2325912,32.6810854],[113.2277351,32.6820973],[113.2229675,32.6828041],[113.2207315,32.6830645],[113.218371,32.6832966],[113.2159765,32.6834494],[113.2123484,32.6836151],[113.2081702,32.6834943],[113.2062603,32.6834712],[113.204092,32.6835963],[113.1998999,32.6837721],[113.1967469,32.6840268],[113.191539,32.6846891],[113.187752,32.6853627],[113.1830115,32.6862619],[113.1797351,32.6870638],[113.1777607,32.6876327],[113.1751783,32.6882426],[113.1725424,32.6886506],[113.1698238,32.6890654],[113.1677656,32.6893264],[113.165489,32.6894974],[113.1636246,32.6896414],[113.1599067,32.6898517],[113.1571216,32.6896375],[113.1543523,32.6894702],[113.1524491,32.6892622],[113.1459699,32.688329],[113.1431962,32.687995],[113.14128595,32.68792056666666],[113.1277951,32.688176766666665],[113.125195,32.6884422],[113.1233636,32.6887639],[113.1214859,32.6891244],[113.1181812,32.6898849],[113.113647,32.6912103],[113.1100468,32.6924387],[113.1058557,32.6938655],[113.1035822,32.6945946],[113.1010019,32.6952604],[113.0989306,32.6957467],[113.0957298,32.6963468],[113.0936541,32.6966944],[113.0911428,32.6969939],[113.086771,32.6974816],[113.0837864,32.697551],[113.0811525,32.6974026],[113.0781733,32.6972705],[113.074543,32.6969767],[113.0720971,32.6968542],[113.070113,32.6969114],[113.0666854,32.6969382],[113.0642637,32.6970503],[113.062003,32.6972293],[113.0585433,32.6976087],[113.0561312,32.6978237],[113.0528784,32.6979837],[113.0503942,32.6979087],[113.0482013,32.6978843],[113.04078390000001,32.69751685],[113.0359158,32.6968047],[113.0331651,32.6963775],[113.0288159,32.6957767],[113.0247989,32.6951964],[113.0228617,32.694977],[113.0210572,32.6947835],[113.0191372,32.6946253],[113.0172884,32.6945249],[113.0153036,32.6944418],[113.0134379,32.6944016],[113.0115605,32.6944105],[113.0083405,32.694461],[113.006457,32.6945404],[113.0046463,32.6945423],[113.0008317,32.6948473],[112.9989176,32.6951003],[112.9914767,32.6956808],[112.9859878,32.6960902],[112.9813599,32.6962897],[112.9788408,32.6964352],[112.9770272,32.6966343],[112.9718136,32.6966575],[112.9666215,32.6963304],[112.9636895,32.6960634],[112.9601079,32.6956508],[112.9484674,32.6941683],[112.9424812,32.6935198],[112.9403849,32.6933438],[112.9383472,32.6932438],[112.9359663,32.6931816],[112.9335579,32.6931892],[112.9310804,32.6932932],[112.928751,32.6934611],[112.9251726,32.6938534],[112.9215301,32.6944378],[112.9179933,32.6953436],[112.9152019,32.6960366],[112.912331,32.6969028],[112.9104217,32.6975934],[112.9075213,32.6985471],[112.9033415,32.7003218],[112.899907,32.7017009],[112.897842,32.7026377],[112.8957489,32.7033267],[112.8934085,32.7040104],[112.8888961,32.7050517],[112.8762743,32.70767815],[112.8727919,32.7087333],[112.8704402,32.709624],[112.8686779,32.7103528],[112.8654722,32.7118356],[112.8634092,32.71304],[112.8610996,32.7142697],[112.8589403,32.7153982],[112.8570217,32.7164204],[112.8550799,32.7173772],[112.8518866,32.7188233],[112.8500899,32.7195752],[112.8473286,32.7205789],[112.8454651,32.7210321],[112.8420952,32.7219965],[112.8389865,32.7227771],[112.8371929,32.7231653],[112.8347234,32.7236827],[112.8319157,32.7243811],[112.8274983,32.72581475],[112.8250778,32.7267436],[112.8231484,32.727344],[112.8208165,32.7283569],[112.8182581,32.7295925],[112.8159041,32.7309471],[112.813901,32.7320806],[112.8107744,32.734109],[112.8077041,32.7363036],[112.8059243,32.7376396],[112.8043553,32.7386484],[112.8026325,32.7399388],[112.7996991,32.7421939],[112.7971302,32.7440223],[112.7953434,32.7449378],[112.7923666,32.7465982],[112.7907454,32.7474232],[112.7886984,32.7484018],[112.7855509,32.7498586],[112.7836782,32.7505391],[112.78197,32.7511342],[112.7785423,32.7521658],[112.7756934,32.7529379],[112.7726984,32.7537676],[112.7705948,32.7543869],[112.768711,32.7550056],[112.7669321,32.755635],[112.7634644,32.7568481],[112.7616892,32.7576253],[112.759533,32.7586478],[112.7576929,32.7595749],[112.7559583,32.7605156],[112.7535706,32.7619238],[112.7491898,32.7645714],[112.7469606,32.765921],[112.7450182,32.7670743],[112.7425591,32.7685657],[112.7408811,32.7695676],[112.7391221,32.77059],[112.7374442,32.7714829],[112.7338289,32.7732822],[112.7306028,32.7746931],[112.7287486,32.775577],[112.7259417,32.7765806],[112.7230966,32.7774465],[112.7207527,32.7782989],[112.7188093,32.7791186],[112.7153627,32.78018],[112.7118222,32.7814365],[112.7097065,32.782193],[112.7076832,32.7830067],[112.7054249,32.7839608],[112.7032582,32.7849535],[112.7012063,32.7859847],[112.699074,32.7871123],[112.6966781,32.7884904],[112.694053,32.790148],[112.690912,32.7921332],[112.68886,32.7934148],[112.6861334,32.795157],[112.684127,32.7964103],[112.6817004,32.7979635],[112.6797337,32.79917],[112.6776323,32.8005565],[112.6747774,32.8026828],[112.67186896666665,32.805223766666664],[112.6701541,32.8067088],[112.6685097,32.8084154],[112.6668866,32.8104101],[112.6653979,32.8122947],[112.66250738333333,32.81636666666667],[112.6612783,32.8186004],[112.6597584,32.8215942],[112.6588384,32.8234604],[112.6567932,32.827247],[112.6550476,32.8307472],[112.65401463333332,32.83302736666666],[112.65181668,32.83743412],[112.6502412,32.8403065],[112.6492975,32.8419397],[112.647807,32.8442665],[112.6466809,32.8458722],[112.6455805,32.8473381],[112.6441564,32.8492889],[112.6419071,32.8516276],[112.6404685,32.8531011],[112.6387816,32.854905],[112.6368359,32.8566316],[112.6348437,32.8582711],[112.6329731,32.8595068],[112.631003,32.8609012],[112.6292901,32.862007],[112.6259753,32.8640053],[112.6217182,32.8661936],[112.6191454,32.8673791],[112.6169918,32.8684842],[112.6150882,32.869336],[112.6125029,32.8704683],[112.6095815,32.8717723],[112.6078374,32.8726482],[112.6044445,32.87447],[112.6023794,32.8757141],[112.5997582,32.8774409],[112.59435748333334,32.88160945],[112.5926911,32.8830264],[112.5908479,32.8848645],[112.5888894,32.8869974],[112.5875674,32.8885361],[112.5859753,32.8905643],[112.5844392,32.8923169],[112.5827565,32.8939865],[112.5813958,32.8955056],[112.5785243,32.8982566],[112.577135,32.8994954],[112.5748407,32.9015086],[112.5725702,32.9031924],[112.5700966,32.9048123],[112.5684417,32.9058579],[112.563771475,32.908307925],[112.5615661,32.9096143],[112.5593161,32.9106433],[112.5573625,32.9116936],[112.5527516,32.9141723],[112.5498275,32.9155511],[112.5477826,32.9164242],[112.5456568,32.917384],[112.5436568,32.9180626],[112.540793,32.9189234],[112.5386821,32.9194817],[112.5366497,32.919947],[112.5338598,32.9204782],[112.52374395,32.92140875],[112.5171337,32.9216099],[112.5123212,32.9218275],[112.5086342,32.9219724],[112.5045111,32.9221283],[112.4993101,32.9223737],[112.4942318,32.9229495],[112.491933,32.9233408],[112.48653923333335,32.924574783333334],[112.4804828,32.9263387],[112.4751585,32.9279389],[112.4699122,32.9295986],[112.4676164,32.9303076],[112.4659618,32.9310326],[112.4638847,32.9320625],[112.4608072,32.9338735],[112.4590501,32.9350691],[112.4569477,32.9366801],[112.4538605,32.939569],[112.4523587,32.9412526],[112.4503898,32.94387],[112.448883,32.9463277],[112.4475772,32.948048],[112.4460469,32.9497473],[112.4443604,32.9513708],[112.442526,32.9529837],[112.440151,32.9546848],[112.438263,32.9558076],[112.4363102,32.9567039],[112.4344824,32.9575644],[112.4314604,32.9587694],[112.428277,32.9597247],[112.422759,32.9611858],[112.4191891,32.9622407],[112.4167644,32.9630955],[112.413871,32.9643264],[112.4113131,32.9655926],[112.4076586,32.9677336],[112.4040198,32.9701127],[112.3991853,32.9728389],[112.396877,32.9741657],[112.3939274,32.9754235],[112.3921756,32.976145],[112.3894415,32.9771086],[112.3853722,32.9782969],[112.3820227,32.9791233],[112.3779301,32.9798808],[112.3758585,32.9802992],[112.3690428,32.9809298],[112.366367,32.9812169],[112.362175,32.9816568],[112.3581585,32.9821646],[112.355965,32.9825106],[112.3525503,32.9831946],[112.3467647,32.9846878],[112.3441502,32.9851692],[112.3418886,32.9856309],[112.3398745,32.9859975],[112.336769,32.9864663],[112.3327978,32.987041],[112.3307278,32.987411],[112.3275878,32.988061],[112.3235578,32.989101],[112.3216078,32.9897009],[112.3155178,32.9918609],[112.3133578,32.9925009],[112.3100978,32.9933309],[112.3049478,32.9943108],[112.2991478,32.9950108],[112.2961678,32.9954108],[112.2923878,32.9961208],[112.2885678,32.9970408],[112.2850778,32.9980908],[112.2746878,33.0019207],[112.2713478,33.0029707],[112.2675678,33.0039706],[112.2657478,33.0043606],[112.2626878,33.0048906],[112.2591578,33.0053406],[112.2555178,33.0056306],[112.2529578,33.0057006],[112.2506178,33.0057106],[112.2475678,33.0055806],[112.2436937,33.0054009],[112.2409257,33.0050484],[112.2378416,33.0048001],[112.2260678,33.0031107],[112.2216778,33.0028207],[112.2163978,33.0027907],[112.2134478,33.0028807],[112.2114878,33.0030407],[112.2071478,33.0035207],[112.2045478,33.0038707],[112.2009805,33.0044931],[112.1982279,33.0051535],[112.1947822,33.0061472],[112.1929814,33.0067152],[112.189557725,33.007828675],[112.1856334,33.0092972],[112.1821611,33.0107123],[112.1804247,33.0115317],[112.1778859,33.0124727],[112.1755982,33.0130777],[112.1723024,33.014069],[112.1690506,33.014924],[112.1653752,33.0157455],[112.1602246,33.0169125],[112.1571074,33.0176337],[112.1485078,33.01968085],[112.1447166,33.0203274],[112.1426439,33.0206509],[112.1387061,33.0211306],[112.1364482,33.0213096],[112.1319005,33.0215078],[112.1292652,33.0215134],[112.1267789,33.0214712],[112.1218321,33.0211415],[112.1155927,33.0206617],[112.1002688,33.0194658],[112.0981716,33.0194782],[112.0958105,33.0193914],[112.0938256,33.0193692],[112.0914166,33.0194075],[112.0890792,33.0195118],[112.0870394,33.0196375],[112.0850134,33.0198217],[112.0826415,33.0200928],[112.0797006,33.020454],[112.0752452,33.0210083],[112.0729553,33.0212713],[112.069837,33.0213357],[112.067159,33.0214239],[112.064258,33.0214113],[112.0610475,33.0213175],[112.0576495,33.0212916],[112.0554752,33.0213368],[112.0529931,33.0214694],[112.0507786,33.0217856],[112.0479099,33.0221542],[112.0441579,33.0227869],[112.0423819,33.0231845],[112.0405411,33.0236372],[112.037129,33.0246391],[112.0347309,33.0252486],[112.0322879,33.025812],[112.0299766,33.0262371],[112.0271679,33.026681],[112.0245929,33.0270072],[112.0225345,33.0271913],[112.0116424,33.0277064],[112.0079238,33.0280181],[112.0060061,33.0282467],[112.0040912,33.0285686],[112.0019103,33.0290611],[111.999679,33.0296466],[111.997289,33.0304565],[111.9948929,33.0314443],[111.9930805,33.0323081],[111.9912438,33.033308],[111.9890626,33.0346729],[111.980727,33.0412278],[111.9775733,33.0432114],[111.974325,33.0448919],[111.972334,33.0457201],[111.970319,33.0464874],[111.968257,33.047103],[111.9661744,33.0476761],[111.9638539,33.0481583],[111.941587775,33.050050875],[111.9362694,33.0508373],[111.9336448,33.0514011],[111.9304901,33.0522187],[111.9282613,33.0527617],[111.9239345,33.0546759],[111.9212541,33.0559623],[111.918697,33.057329],[111.9162503,33.0588477],[111.9121236,33.0610003],[111.9096184,33.0622715],[111.9078386,33.0632075],[111.906102,33.063948],[111.9024555,33.0653539],[111.8997406,33.0665503],[111.898047,33.067569],[111.8948868,33.0693472],[111.8924675,33.0708302],[111.8904261,33.072107],[111.8881232,33.0733571],[111.8856776,33.0744993],[111.8839551,33.0752786],[111.8791496,33.0770974],[111.8721639,33.0795919],[111.8693723,33.080611],[111.8672786,33.0812908],[111.8630209,33.0824294],[111.8606751,33.0829286],[111.8586443,33.0833004],[111.8562903,33.0836402],[111.8530346,33.0839689],[111.8499037,33.0843092],[111.8468372,33.0844807],[111.8441634,33.0846337],[111.8414048,33.0850057],[111.8386963,33.0856414],[111.8364712,33.0862012],[111.834632,33.0867288],[111.8322082,33.0875333],[111.8296816,33.088525],[111.827165,33.0896411],[111.8243556,33.0909937],[111.8183378,33.0938527],[111.8131899,33.0962925],[111.8101223,33.0975974],[111.808072,33.0983024],[111.8060934,33.0988856],[111.8036747,33.099454],[111.8010875,33.0999248],[111.7984622,33.100239],[111.7959112,33.1004093],[111.7930615,33.10076],[111.79029,33.1011245],[111.7882228,33.1014007],[111.7856721,33.1021895],[111.7832493,33.1029455],[111.7814858,33.1036048],[111.7775075,33.1054945],[111.774916,33.1070115],[111.7727343,33.1085349],[111.7707214,33.110142],[111.7681483,33.1126832],[111.7665362,33.1143376],[111.7621006,33.1196629],[111.7564542,33.1264402],[111.7542021,33.1289705],[111.7522369,33.1308901],[111.7503834,33.1324638],[111.7483969,33.1339466],[111.746171,33.1354143],[111.7429659,33.1371999],[111.7412002,33.1380381],[111.73922,33.1388947],[111.7373677,33.1395812],[111.7351917,33.1402737],[111.7310809,33.1415174],[111.7259693,33.1430379],[111.7229525,33.1439556],[111.7210968,33.1446185],[111.7193411,33.1453579],[111.7176989,33.1461272],[111.715094,33.147574],[111.7128284,33.149093],[111.7106633,33.1508405],[111.7093193,33.1520623],[111.7070131,33.1542141],[111.7054338,33.1558702],[111.7036451,33.157323],[111.7008728,33.1592763],[111.6973881,33.1614651],[111.694759,33.1631265],[111.69226,33.1649015],[111.6895852,33.1671311],[111.687335,33.1693261],[111.6855131,33.1712372],[111.6836719,33.1728743],[111.6811362,33.1751772],[111.6795274,33.1764603],[111.6761233,33.1788111],[111.6732948,33.1804294],[111.6662413,33.1839724],[111.6633758,33.1855581],[111.6608372,33.1871765],[111.656771,33.1901966],[111.652893,33.192437],[111.6501659,33.1938119],[111.6464829,33.1955586],[111.6432784,33.1970961],[111.6400325,33.1986645],[111.6380471,33.199581],[111.6364012,33.2003858],[111.6329102,33.2025885],[111.6306047,33.2047915],[111.6285028,33.2072412],[111.6258603,33.2107262],[111.6229764,33.2141996],[111.6200765,33.2169709],[111.6183111,33.2182865],[111.6159781,33.2197986],[111.6130363,33.2214122],[111.6063542,33.2242277],[111.5998717,33.2268396],[111.5976647,33.2279164],[111.5955451,33.2290605],[111.5935531,33.2304349],[111.5914052,33.2323333],[111.5895422,33.2344828],[111.5879611,33.2369484],[111.5870699,33.2385709],[111.586105,33.240198],[111.5845621,33.2422208],[111.5813504,33.245755],[111.5797779,33.2478095],[111.5785294,33.2500072],[111.5775936,33.2521445],[111.5763902,33.2561446],[111.5756735,33.2582455],[111.574665,33.2601942],[111.5735677,33.2622444],[111.5723723,33.2641522],[111.5711054,33.2658866],[111.5698004,33.267472],[111.5682891,33.2690868],[111.566449,33.2708061],[111.5646735,33.2722421],[111.5627566,33.2735971],[111.5607612,33.2749807],[111.5577136,33.2771079],[111.5553371,33.2783779],[111.5532891,33.2797447],[111.5513285,33.2811916],[111.5483862,33.2837852],[111.5469876,33.2852262],[111.5456326,33.2870131],[111.5435841,33.2897402],[111.5426074,33.2913079],[111.5415937,33.2929135],[111.5396579,33.2959282],[111.537464,33.2989147],[111.5351408,33.3016503],[111.5335668,33.3031641],[111.5322745,33.3044709],[111.5213403,33.315398],[111.5187998,33.317727],[111.5161026,33.3195977],[111.5125851,33.3219797],[111.511034,33.3230866],[111.5094991,33.3242924],[111.5064897,33.326333],[111.5048843,33.3274547],[111.5028942,33.3286032],[111.499528,33.3308666],[111.4977913,33.3320152],[111.496218,33.3329541],[111.4942011,33.3340511],[111.4920419,33.3349452],[111.4897218,33.3357116],[111.4878672,33.3362968],[111.4796521,33.3375116],[111.4769122,33.3375053],[111.4749026,33.3374259],[111.4729649,33.3373324],[111.4707667,33.3372421],[111.4675475,33.3373009],[111.4649452,33.3373447],[111.4623982,33.3372936],[111.459724,33.3375149],[111.457479,33.3379592],[111.4554628,33.3382513],[111.4535504,33.3384101],[111.4515492,33.3385388],[111.4495255,33.3385753],[111.4471448,33.3385732],[111.445272,33.3385934],[111.43900335000001,33.3393686],[111.435635,33.340422],[111.4334414,33.3411001],[111.4312033,33.3417919],[111.429328,33.3421321],[111.4259308,33.3428124],[111.4229758,33.3431614],[111.4209242,33.3435446],[111.4174805,33.3439418],[111.4154767,33.3441129],[111.4120421,33.3449048],[111.4092117,33.345899],[111.4063198,33.3466948],[111.4039131,33.3473181],[111.4016806,33.3477835],[111.3970475,33.3484889],[111.3944392,33.3487954],[111.3917024,33.349308],[111.3888922,33.3499024],[111.3861794,33.350858],[111.3818595,33.3522206],[111.3792801,33.3529945],[111.3771817,33.3535243],[111.3743521,33.3539772],[111.3722842,33.3543503],[111.3696006,33.3547442],[111.3673353,33.3551242],[111.3619448,33.3560501],[111.3581313,33.3566863],[111.3554262,33.3573574],[111.3533087,33.3579652],[111.3467779,33.3602831],[111.3438576,33.3612144],[111.3394321,33.3622932],[111.3372557,33.3626498],[111.333161,33.3632015],[111.3302553,33.3635742],[111.327716,33.3639679],[111.3248961,33.3645983],[111.3227431,33.3651592],[111.3204274,33.3658129],[111.3180714,33.3664727],[111.3160092,33.36696],[111.3129637,33.3672023],[111.310907,33.3673645],[111.3090547,33.3676946],[111.3068202,33.3683229],[111.3048159,33.3691793],[111.3010995,33.3715901],[111.2983888,33.3730626],[111.2961555,33.3741587],[111.2941236,33.3749441],[111.2924426,33.3757033],[111.2890056,33.3767848],[111.2872675,33.3773978],[111.2836102,33.3787857],[111.2817308,33.379689],[111.2799324,33.3809281],[111.2775122,33.382722],[111.2739669,33.3852913],[111.2722915,33.3862835],[111.269377,33.3878475],[111.2675228,33.3890199],[111.2658594,33.3903832],[111.264474,33.3916796],[111.2624478,33.3934278],[111.2601701,33.3954595],[111.2587039,33.396516],[111.2568079,33.39777],[111.2548398,33.3986974],[111.2523858,33.3993991],[111.2494269,33.4000563],[111.2473824,33.4002715],[111.2447903,33.4002676],[111.2361897,33.3995274],[111.234371,33.399301],[111.2312994,33.3992921],[111.2290686,33.3995168],[111.2271163,33.3997394],[111.2244286,33.4000575],[111.221993,33.4005527],[111.2197388,33.4009527],[111.2176439,33.4012138],[111.2121847,33.4012538],[111.2102355,33.4011823],[111.2072253,33.4014265],[111.2038494,33.401968],[111.2011377,33.4023953],[111.1987711,33.4027709],[111.1958022,33.4033434],[111.1929548,33.4040509],[111.1909001,33.4046929],[111.1878598,33.4057582],[111.1859861,33.4064399],[111.1836053,33.4072687],[111.1816498,33.4079719],[111.1785333,33.4090943],[111.1767858,33.4097203],[111.1743145,33.4105888],[111.1725658,33.4111393],[111.1706992,33.411658],[111.1682465,33.412216],[111.1661085,33.4126045],[111.1643181,33.4128549],[111.162224,33.4130734],[111.1596449,33.4133137],[111.1574648,33.4135723],[111.1553571,33.4139095],[111.1514592,33.4146267],[111.1473976,33.4156745],[111.1450693,33.4162942],[111.1430575,33.4164712],[111.1403894,33.4167267],[111.1377828,33.4167952],[111.134911,33.4166949],[111.1329018,33.4164988],[111.1298167,33.4164039],[111.1279675,33.4164084],[111.1260517,33.4166332],[111.124045,33.4170267],[111.1218918,33.4176379],[111.1198916,33.4181769],[111.115023,33.418765],[111.1126134,33.4189479],[111.1100881,33.4188481],[111.1078289,33.418761],[111.1058154,33.4187174],[111.1037683,33.4186426],[111.1015377,33.4189031],[111.0991858,33.4195493],[111.096834,33.4202294],[111.0950428,33.4207436],[111.0930108,33.4213464],[111.0898684,33.4222511],[111.0874873,33.4230382],[111.0857634,33.4237857],[111.0840109,33.4247046],[111.0819755,33.4260675],[111.0803779,33.4274093],[111.0782318,33.4294267],[111.0768065,33.4309673],[111.0754823,33.4324331],[111.0735971,33.4344778],[111.07219,33.4360166],[111.0709264,33.4373371],[111.0672728,33.4401399],[111.0656694,33.4410355],[111.0631191,33.4422682],[111.0613633,33.442818],[111.0594399,33.443263],[111.0569337,33.443657],[111.0547018,33.4439876],[111.0524242,33.4443276],[111.0504332,33.4445007],[111.048459,33.4449175],[111.0462798,33.4455696],[111.0441821,33.4463905],[111.0412886,33.447911],[111.0384955,33.4495666],[111.0354294,33.4512689],[111.0330661,33.4522905],[111.0312894,33.4530484],[111.0295539,33.4538591],[111.0278464,33.4547837],[111.0256153,33.4560685],[111.0222406,33.4581676],[111.0201044,33.4594531],[111.0184035,33.4602449],[111.0166086,33.4610164],[111.0141816,33.461608]]}},{"type":"Feature","properties":{"level":"expressway","ref":"G0424","name":"京武高速","routeKey":"expressway-G0424","chainIndex":0,"sourceSegmentCount":752,"visualLengthKm":223.24,"sourceOsmCount":752},"geometry":{"type":"LineString","coordinates":[[114.7291874,36.0853706],[114.7276522,36.0833288],[114.7262359,36.0814055],[114.7246671,36.0788292],[114.7226286,36.0749791],[114.7214913,36.0724817],[114.7204828,36.069672],[114.7189808,36.0646073],[114.7176933,36.0601494],[114.7165346,36.0568709],[114.7153973,36.0541126],[114.7140666,36.0513931],[114.7121533,36.0479133],[114.710554,36.0452522],[114.7095296,36.0435475],[114.7083617,36.0417059],[114.7055239,36.0373317],[114.7037268,36.034332],[114.7015076,36.03094],[114.6996026,36.0275464],[114.6984468,36.0251748],[114.6972689,36.0221955],[114.6961764,36.0187131],[114.695694,36.0165192],[114.6952115,36.0143253],[114.6946393,36.0117344],[114.6936607,36.0078327],[114.692738,36.0030418],[114.6911559,35.9955776],[114.6898897,35.9900211],[114.6890747,35.9867931],[114.6887341,35.984692],[114.6885517,35.9825672],[114.6885311,35.9804093],[114.688711,35.9777396],[114.6891812,35.9756124],[114.6911931,35.9698097],[114.6920085,35.9669269],[114.692502,35.9632103],[114.6923089,35.9592677],[114.6918154,35.9568187],[114.691236,35.9548907],[114.6897554,35.9509651],[114.6886611,35.9476473],[114.6882537,35.9458724],[114.6879315,35.9440861],[114.6876885,35.9422287],[114.6875376,35.9403649],[114.6874792,35.9384976],[114.6875134,35.9366299],[114.6875882,35.9326893],[114.6875667,35.9305696],[114.6872878,35.9285541],[114.6867728,35.9256176],[114.6858072,35.921621],[114.6853995,35.9194837],[114.6851027,35.9171824],[114.6851497,35.9150359],[114.6852995,35.9124539],[114.6857065,35.9099902],[114.6861573,35.9073476],[114.6865011,35.9048935],[114.6866731,35.9026815],[114.6867161,35.9000502],[114.6862865,35.8958043],[114.685836,35.8917028],[114.6856863,35.8897444],[114.685836,35.8867115],[114.686307,35.8839535],[114.6872722,35.8795221],[114.6891605,35.8710544],[114.6898261,35.8679052],[114.690213,35.865658],[114.6903639,35.863546],[114.6903368,35.8612988],[114.6901168,35.8590586],[114.6892668,35.8550193],[114.6879142,35.8507384],[114.6862621,35.8453819],[114.6855975,35.8431574],[114.6850188,35.8408811],[114.684558,35.8386888],[114.6840951,35.8364056],[114.6837473,35.8324623],[114.6836152,35.8301965],[114.6834262,35.8269541],[114.68299805000001,35.81815745],[114.6827388,35.8135327],[114.6825671,35.809983],[114.6827327,35.8078376],[114.683089,35.8056806],[114.6837476,35.8035632],[114.684478,35.8014695],[114.6853137,35.7995066],[114.6892404,35.7925797],[114.6903562,35.7898296],[114.691,35.7878453],[114.691527,35.7860994],[114.6923158,35.7841243],[114.6931553,35.7825284],[114.6941682,35.7809722],[114.6971369,35.777488],[114.6995401,35.7743544],[114.7006055,35.7724248],[114.7014892,35.7705279],[114.7043252,35.7631943],[114.707222,35.7558811],[114.710402,35.7480113],[114.7117074,35.7448815],[114.7125006,35.7419145],[114.7130144,35.7401892],[114.7132372,35.7384022],[114.7132739,35.7365999],[114.7131231,35.7348014],[114.712673,35.7330376],[114.7119427,35.7301228],[114.7103333,35.7232944],[114.709475,35.7202457],[114.7086811,35.7180158],[114.7078838,35.7163441],[114.7069178,35.7146529],[114.7057712,35.7129554],[114.704488,35.7113144],[114.7030563,35.7096865],[114.7014091,35.7080668],[114.699623,35.7065472],[114.6977071,35.7051357],[114.6961909,35.7041524],[114.6946118,35.7032368],[114.6929742,35.7023915],[114.6905064,35.701272],[114.6786189,35.6963057],[114.6617746,35.6892478],[114.6573189,35.6874091],[114.6554665,35.6865188],[114.6534573,35.6855226],[114.6515462,35.6844011],[114.6493074,35.6828272],[114.647659,35.6814451],[114.6461484,35.6799627],[114.6448393,35.6784379],[114.6437961,35.6769382],[114.6428209,35.6752441],[114.6420158,35.6734919],[114.6413859,35.6716929],[114.640731,35.6684044],[114.6402938,35.6664893],[114.6397276,35.6639635],[114.6389345,35.6605054],[114.6383858,35.6571742],[114.6381774,35.6551668],[114.6381269,35.6530395],[114.6382544,35.6508766],[114.638661,35.6483334],[114.6391218,35.6464995],[114.6393573,35.6444392],[114.6395168,35.6426331],[114.6395358,35.6404892],[114.6393827,35.6381595],[114.6390489,35.6358422],[114.638536,35.6335466],[114.6378279,35.6312968],[114.6370961,35.6291497],[114.6351886,35.6235529],[114.6337553,35.6186296],[114.6331469,35.616752],[114.6327497,35.6148358],[114.6324527,35.6129054],[114.6322571,35.6109664],[114.632278,35.6090208],[114.6322565,35.606687],[114.6325136,35.6030991],[114.6330282,35.599717],[114.633478,35.5965245],[114.6340582,35.5924061],[114.6345995,35.5883199],[114.6348506,35.5864243],[114.6356412,35.5809333],[114.6360105,35.5782969],[114.6366048,35.5740543],[114.6376434,35.567296],[114.6380927,35.5646534],[114.6381816,35.5627989],[114.6381788,35.5609441],[114.6379742,35.5591551],[114.6377216,35.5567739],[114.6372817,35.5544682],[114.6367801,35.552226],[114.6360121,35.5500755],[114.635084,35.5479672],[114.6335547,35.5450551],[114.6293904,35.5382782],[114.6263654,35.5334074],[114.6249937,35.5310528],[114.6240243,35.5290892],[114.6231805,35.5270431],[114.6224509,35.5248408],[114.6218911,35.5226069],[114.6204042,35.5160199],[114.6199536,35.513662],[114.6193957,35.5114088],[114.6187151,35.5094424],[114.6177744,35.5075484],[114.6166828,35.5057007],[114.6155268,35.5043059],[114.6141607,35.5030863],[114.6126997,35.5018651],[114.6111372,35.5007765],[114.6079373,35.499094],[114.59656505000001,35.4916645],[114.5949376,35.4900904],[114.59082,35.4856026],[114.5891437,35.4838176],[114.5865641,35.481402],[114.5849764,35.4800871],[114.5827031,35.4783379],[114.5800209,35.476241],[114.578364,35.4749258],[114.5752723,35.472341],[114.5733204,35.4707917],[114.5679676,35.4665491],[114.5657132,35.4649287],[114.5642678,35.4636808],[114.5622468,35.4618271],[114.5596361,35.4591844],[114.5571398,35.4556775],[114.5547381,35.4519395],[114.5524542,35.4484407],[114.5512247,35.4467566],[114.5495724,35.4442219],[114.5482312,35.4423453],[114.5467354,35.4405407],[114.5450811,35.4388076],[114.5437486,35.4375694],[114.5423411,35.4363875],[114.5408622,35.4352649],[114.5393157,35.4342046],[114.5366549,35.4326485],[114.5326638,35.4303931],[114.5306468,35.4292916],[114.5280075,35.4276655],[114.5251751,35.4257422],[114.5235067,35.4245408],[114.517858,35.4199894],[114.5137167,35.4165445],[114.5098758,35.413729],[114.5068931,35.4117179],[114.4959708,35.4055539],[114.4937598,35.4043467],[114.4920472,35.4034044],[114.4904986,35.4024459],[114.489016,35.4014206],[114.487149,35.3999548],[114.4854164,35.3983832],[114.483853,35.3968294],[114.4790916,35.3914269],[114.4763453,35.388296],[114.4747193,35.3864169],[114.4724107,35.3840468],[114.4698357,35.3815101],[114.4679247,35.379522],[114.464852,35.3769992],[114.4614763,35.3743955],[114.4594145,35.3728163],[114.4561391,35.3703147],[114.45376,35.3684446],[114.4524094,35.3672397],[114.4506999,35.3655653],[114.4493513,35.3641056],[114.4479871,35.3626499],[114.4467996,35.361095],[114.4456977,35.3594986],[114.4446836,35.357864],[114.4431853,35.3550288],[114.4405889,35.3485958],[114.4386577,35.34345],[114.4373917,35.3400894],[114.4366193,35.338304],[114.4350314,35.3353457],[114.4326281,35.331337],[114.4304723,35.3284163],[114.4276862,35.325061],[114.4261605,35.3232465],[114.4219851,35.3191347],[114.4178379,35.3150019],[114.4136833,35.3107226],[114.4123594,35.3094963],[114.4109727,35.3083175],[114.4094161,35.3071065],[114.4077931,35.305955],[114.4061071,35.3048655],[114.4005479,35.3017915],[114.3931243,35.297799],[114.3910648,35.2965906],[114.3891025,35.2952788],[114.3872071,35.2938379],[114.385835,35.2926694],[114.3841181,35.2910283],[114.3821467,35.2888386],[114.3774059,35.2830777],[114.3751449,35.2802851],[114.3699503,35.2743361],[114.36656,35.2702018],[114.3646288,35.2676966],[114.3635344,35.2659096],[114.3624615,35.2637371],[114.3614745,35.2615821],[114.3601656,35.2588663],[114.3590794,35.2569531],[114.3577397,35.2551502],[114.3564963,35.2538025],[114.3551309,35.2525668],[114.353638,35.2514337],[114.352029,35.2504119],[114.3503165,35.2495094],[114.3471094,35.2483379],[114.3439368,35.247335],[114.3419563,35.2467334],[114.3400493,35.2459918],[114.3383019,35.2451541],[114.3366474,35.2441987],[114.3350978,35.2431325],[114.333667,35.2419655],[114.3320404,35.2402524],[114.3294596,35.2375576],[114.3277859,35.2357699],[114.3261766,35.2341049],[114.3244171,35.2325976],[114.3221855,35.2307222],[114.3188166,35.2282859],[114.3164367,35.2264785],[114.3140259,35.224637],[114.3125029,35.2236039],[114.3093538,35.2215899],[114.3037104,35.217821],[114.3022372,35.2167114],[114.2977241,35.2128501],[114.2955182,35.2106454],[114.292688,35.2075797],[114.2911656,35.2058464],[114.2894597,35.2040654],[114.288161,35.2024257],[114.2803992,35.1936709],[114.2790206,35.192116],[114.2765552,35.1892076],[114.2752959,35.1874758],[114.2741252,35.1856028],[114.2730676,35.1835901],[114.2721798,35.1815232],[114.2714659,35.1794117],[114.2709294,35.1772663],[114.2702266,35.1736464],[114.2694053,35.1694584],[114.2688559,35.1676332],[114.2680273,35.1654975],[114.267046,35.163484],[114.2650986,35.1603573],[114.2625831,35.1574394],[114.2588915,35.1534491],[114.2571124,35.1514292],[114.2545792,35.1485443],[114.2530686,35.1468974],[114.2503946,35.1439821],[114.2491846,35.1426334],[114.2474055,35.1408095],[114.2462758,35.1391658],[114.2450183,35.1373267],[114.243841,35.1353448],[114.2421698,35.1320356],[114.2409756,35.1294627],[114.2394021,35.1258077],[114.237042,35.1205956],[114.2360554,35.1184003],[114.2346372,35.115517],[114.2333955,35.1127033],[114.2321251,35.1105723],[114.2301643,35.1077622],[114.2287812,35.1061442],[114.2267187,35.1039064],[114.2245316,35.1022325],[114.2212057,35.0995816],[114.2192101,35.0979314],[114.217661,35.0966495],[114.2162275,35.0952804],[114.2149367,35.0936879],[114.2137018,35.0920728],[114.2125317,35.0904416],[114.2116446,35.0887558],[114.2108291,35.0868913],[114.2101496,35.0849404],[114.20964,35.0828669],[114.2092379,35.0807907],[114.2086791,35.0776651],[114.2075157,35.074719],[114.206593,35.0727697],[114.2055028,35.0710876],[114.204218,35.0691515],[114.2021629,35.0666401],[114.200688,35.0649169],[114.1995097,35.0632434],[114.1984273,35.0614365],[114.1974641,35.0594974],[114.1966717,35.0575071],[114.196054,35.0554757],[114.1952029,35.0508127],[114.1953063,35.0486543],[114.1956711,35.0446666],[114.1957864,35.0425204],[114.1955187,35.0403935],[114.1950027,35.0383505],[114.1943288,35.0365628],[114.1923607,35.0330795],[114.1911587,35.0312617],[114.190128,35.029379],[114.1891626,35.027467],[114.1885958,35.0254508],[114.1881027,35.0234273],[114.1878032,35.0214499],[114.1876787,35.0194598],[114.1878893,35.0165608],[114.1882972,35.0122882],[114.1883616,35.0104053],[114.188263,35.0086056],[114.1879976,35.006512],[114.1875826,35.0046719],[114.1859047,34.9999627],[114.1838612,34.9943866],[114.182633,34.9914229],[114.1817236,34.9889762],[114.180758,34.9863041],[114.1791916,34.9828407],[114.1782989,34.9805168],[114.17519419999999,34.9746693],[114.1737782,34.9722821],[114.170752,34.9679205],[114.1684977,34.9644761],[114.1668534,34.9621631],[114.1656778,34.9603325],[114.1642785,34.9581536],[114.1595088,34.9508982],[114.1553464,34.9444088],[114.1463124,34.9305645],[114.1378584,34.9177396],[114.1352409,34.9135875],[114.1323446,34.9090837],[114.1306081,34.9062005],[114.1294078,34.9039345],[114.1283144,34.9016681],[114.1273392,34.8994389],[114.1264517,34.8971864],[114.1251009,34.8931241],[114.1240294,34.8893625],[114.1233223,34.8857766],[114.1227651,34.8822432],[114.1225507,34.8793943],[114.1222074,34.875433],[114.1215207,34.8676517],[114.1207053,34.8583904],[114.1202559,34.855511],[114.1198308,34.850562],[114.1196752,34.8476917],[114.1197565,34.8443962],[114.1194953,34.8405461],[114.1198436,34.8377212],[114.1200259,34.8342271],[114.1201592,34.8321045],[114.1200811,34.8290582],[114.1202205,34.8256411],[114.1202903,34.8229945],[114.1200972,34.8198611],[114.1199255,34.817767],[114.1195607,34.8135082],[114.1192764,34.8100376],[114.119153,34.8075601],[114.1191557,34.8055868],[114.1193461,34.802422],[114.1196117,34.8001776],[114.1200998,34.7974597],[114.1205934,34.79531],[114.1211513,34.7933232],[114.1217306,34.7912923],[114.1225702,34.7878604],[114.1230637,34.7855298],[114.123517,34.7829237],[114.124382,34.77766955],[114.1246784,34.7756911],[114.1247481,34.7738405],[114.1247776,34.7719325],[114.1245925,34.7694472],[114.124614,34.764082],[114.1246837,34.7564643],[114.1246837,34.7541085],[114.1245738,34.7519863],[114.124268,34.7496856],[114.1238442,34.7476911],[114.123179,34.7454739],[114.1221249,34.7428997],[114.1207838,34.7401402],[114.1198477,34.7381631],[114.11797229999999,34.73156215],[114.1179339,34.7295161],[114.1180456,34.7272653],[114.118429,34.7251225],[114.1189698,34.7233004],[114.11999,34.7208679],[114.1215107,34.7179177],[114.1228013,34.7162835],[114.1240651,34.713823],[114.1251652,34.711719],[114.1263159,34.7090831],[114.1272399,34.7064824],[114.12783,34.7043755],[114.1282511,34.7025342],[114.1286534,34.7000049],[114.1288581,34.6976083],[114.1291025,34.695713],[114.1290025,34.6928057],[114.1287443,34.6905806],[114.1281737,34.6874602],[114.1265957,34.6810164],[114.1260071,34.6785302],[114.125681,34.6766528],[114.1253493,34.6738718],[114.1251675,34.6706169],[114.1252263,34.6671949],[114.1255856,34.6618225],[114.1258218,34.6578184],[114.1259078,34.6548188],[114.1258487,34.6524264],[114.12362350000001,34.63942195],[114.1222273,34.6319984],[114.1212939,34.6284464],[114.120537,34.6248211],[114.1198504,34.6213602],[114.119432,34.6195944],[114.1190993,34.6176885],[114.1182741,34.6150569],[114.1167395,34.6105791],[114.1158922,34.6080367],[114.1152729,34.6061665],[114.1141426,34.6033824],[114.1125977,34.5988785],[114.1115355,34.5956461],[114.1108543,34.5935706],[114.1099799,34.5911595],[114.1087085,34.5880946],[114.1074747,34.5856877],[114.1061014,34.5833646],[114.1046101,34.5810459],[114.1031831,34.5791423],[114.0985751,34.5730779],[114.0945518,34.5677242],[114.0915531,34.5637574],[114.0904641,34.5622421],[114.0893644,34.5605192],[114.0878677,34.5575018],[114.0869451,34.5547583],[114.0860867,34.5504152],[114.085443,34.546474],[114.0849012,34.5439598],[114.0842467,34.542104],[114.0830934,34.5397267],[114.0815431,34.5374156],[114.079062,34.5347288],[114.0776073,34.533265],[114.0758762,34.5320542],[114.0737332,34.530826],[114.0694297,34.5287248],[114.0652245,34.5269199],[114.0633416,34.5259741],[114.0607506,34.5244449],[114.05846,34.5228008],[114.0564376,34.5210196],[114.0546781,34.5192318],[114.0534228,34.5177135],[114.0522185,34.5160405],[114.0511993,34.5143144],[114.0503275,34.512585],[114.0494853,34.5105218],[114.0489194,34.5084478],[114.0482435,34.5060228],[114.0468755,34.5010362],[114.0457115,34.4961476],[114.0440364,34.4900739],[114.0432233,34.4869199],[114.0417485,34.4817036],[114.0411112,34.4791076],[114.0407653,34.4772918],[114.0406057,34.4750794],[114.0406323,34.4732477],[114.0409359,34.4711457],[114.0415897,34.4686976],[114.0422548,34.4669737],[114.043605,34.4642039],[114.0443821,34.4624016],[114.0450532,34.4601759],[114.0453384,34.4578156],[114.0458938,34.4553193],[114.046728,34.4525414],[114.0484225,34.4486967],[114.0492814,34.4469764],[114.0510221,34.444264],[114.0526481,34.442219],[114.0542228,34.4401544],[114.0552108,34.4385545],[114.0570014,34.436168],[114.058279,34.4343152],[114.0596717,34.4319854],[114.0610532,34.4292134],[114.0621135,34.4266106],[114.0629659,34.423985],[114.06420642500001,34.4166651],[114.0644167,34.4139029],[114.0645802,34.4106409],[114.0646922,34.4083653],[114.0649283,34.4037167],[114.0650584,34.4011112],[114.0650411,34.398888],[114.0652349,34.3969557],[114.0655346,34.3949109],[114.0660463,34.3924613],[114.0667865,34.3896831],[114.0675071,34.387537],[114.0682791,34.3855631],[114.0691177,34.3836992],[114.0703833,34.3811106],[114.0712582,34.3793266],[114.0721877,34.3773551],[114.0732315,34.3751161],[114.0738945,34.3732095],[114.0744319,34.3708955],[114.0749269,34.3687776],[114.0753141,34.3665952],[114.0755824,34.3644604],[114.0758806,34.3618688],[114.0759003,34.3592833],[114.0757459,34.3567614],[114.0752796,34.3531097],[114.0749496,34.3509501],[114.0746453,34.3487609],[114.0741004,34.3461346],[114.0736765,34.3433249],[114.0731982,34.3401226],[114.0728682,34.3370977],[114.0727622,34.3348002],[114.0727561,34.3327826],[114.0729227,34.3299825],[114.0731376,34.3279798],[114.07351,34.3255995],[114.0740519,34.3231142],[114.0745818,34.3211163],[114.075266,34.3189734],[114.0762681,34.3162528],[114.0773217,34.3134221],[114.0786054,34.3100011],[114.0793684,34.307978],[114.0806702,34.3044792],[114.0814907,34.3022883],[114.0825307,34.2994909],[114.0832512,34.2976551],[114.0845501,34.2948313],[114.0854583,34.2931254],[114.0864418,34.2914097]]}},{"type":"Feature","properties":{"level":"expressway","ref":"S81","name":"商南高速","routeKey":"expressway-S81","chainIndex":0,"sourceSegmentCount":725,"visualLengthKm":189.74,"sourceOsmCount":725},"geometry":{"type":"LineString","coordinates":[[115.7020757,34.5259366],[115.67937515,34.5196263],[115.6765805,34.5200387],[115.669582,34.5212329],[115.6639225,34.5221722],[115.6594975,34.5228381],[115.6551924,34.5232371],[115.6526701,34.5233326],[115.6489646,34.5233721],[115.6461218,34.5232877],[115.6430801,34.5230516],[115.6388241,34.5226631],[115.6352988,34.5223873],[115.6313321,34.522089],[115.6289649,34.5218233],[115.6256173,34.5213585],[115.6226454,34.5207462],[115.6200171,34.5200442],[115.6169223,34.5190334],[115.6151134,34.5183335],[115.6131106,34.5174586],[115.6106315,34.5162137],[115.6086387,34.5150534],[115.6068453,34.51388],[115.6051366,34.5126745],[115.5995133,34.5080243],[115.5971688,34.5063345],[115.5948332,34.5048958],[115.5922288,34.5036289],[115.590329,34.5027803],[115.5882793,34.5020509],[115.5856085,34.5010096],[115.582379,34.4999866],[115.5796647,34.4991416],[115.5743719,34.4974938],[115.5723623,34.4968085],[115.5698363,34.4957427],[115.5671415,34.4944247],[115.5652675,34.4931793],[115.563581,34.4918375],[115.5615532,34.4898751],[115.5600242,34.4880207],[115.5588788,34.4863673],[115.5575671,34.4837934],[115.5565941,34.481074],[115.5555737,34.4778686],[115.55501,34.4760185],[115.5519861,34.4657525],[115.5494274,34.4577826],[115.5488479,34.4556394],[115.5484787,34.452979],[115.5482475,34.4508641],[115.5480541,34.4485085],[115.5481971,34.4458974],[115.549196075,34.440708725],[115.5505062,34.4356386],[115.5528182,34.4271041],[115.5556825,34.4170452],[115.5562149,34.4147615],[115.556529,34.4127763],[115.556703,34.4107967],[115.5566757,34.4081778],[115.5562525,34.4048294],[115.5557826,34.4028376],[115.5549323,34.4006002],[115.554236,34.3989003],[115.5534036,34.397283],[115.5524717,34.3954418],[115.5480614,34.3891256],[115.5446486,34.3845054],[115.5428098,34.3819243],[115.54044884999999,34.37867035],[115.5392325,34.3769984],[115.5366652,34.374058],[115.5349752,34.372105],[115.5335991,34.3703469],[115.5323866,34.3686462],[115.5309567,34.3664422],[115.5296738,34.3642422],[115.5276264,34.3604308],[115.526733,34.3582986],[115.5259798,34.3561353],[115.5247596,34.3517116],[115.5232942,34.3454734],[115.5224412,34.3428289],[115.5211243,34.3392144],[115.5203422,34.3372793],[115.5138443,34.32609455],[115.510671,34.3218133],[115.5074651,34.3186303],[115.5055735,34.3168534],[115.50419,34.3156127],[115.501623,34.3134752],[115.4969282,34.3099094],[115.4934504,34.3071571],[115.4917077,34.3057779],[115.4884982,34.3032377],[115.4859193,34.3010874],[115.4841601,34.2995274],[115.4825791,34.2980282],[115.4810388,34.2965291],[115.4794976,34.2949426],[115.4778031,34.2930827],[115.4718255,34.2860008],[115.4692969,34.2830132],[115.4675988,34.2810249],[115.465959,34.2791985],[115.4643028,34.2775177],[115.462839,34.2760688],[115.4609981,34.2743484],[115.4590488,34.272668],[115.45363049999999,34.26841971666667],[115.4516271,34.2669617],[115.4485913,34.2648454],[115.4461534,34.2628971],[115.4442787,34.2612546],[115.4425166,34.2595988],[115.4406419,34.2576304],[115.4389282,34.2556952],[115.4370856,34.2533942],[115.4356213,34.2512794],[115.4343958,34.2493484],[115.4332478,34.2474353],[115.431188,34.2435178],[115.4296754,34.2408107],[115.4281306,34.2383364],[115.4264731,34.2360216],[115.4242524,34.2332278],[115.4224501,34.2312056],[115.4206227,34.229377],[115.4180889,34.2272252],[115.4157928,34.22536],[115.4133198,34.223521],[115.4113533,34.2221804],[115.4092676,34.2208604],[115.4011144,34.216288],[115.3990264,34.214948],[115.3969781,34.213541],[115.3948481,34.2119463],[115.3927094,34.2101444],[115.3909022,34.2083258],[115.3894459,34.2068885],[115.3878367,34.2051917],[115.3865332,34.2036612],[115.3844815,34.2010261],[115.3826471,34.1986171],[115.3802413,34.1953629],[115.3787474,34.1935678],[115.3764062,34.1904534],[115.3744763,34.1878493],[115.3719562,34.1848286],[115.3707527,34.183448],[115.3691722,34.1818087],[115.367671,34.1803277],[115.3661071,34.1788548],[115.3639971,34.177076],[115.3617577,34.175303],[115.3602817,34.1742213],[115.3583399,34.1728604],[115.354644,34.1705005],[115.351975,34.1687978],[115.3500505,34.1675919],[115.3478412,34.1660507],[115.3447875,34.1636974],[115.3428611,34.1621002],[115.3307193,34.148546124999996],[115.3287121,34.1464107],[115.3257369,34.1436556],[115.3239197,34.142085],[115.3219658,34.1404945],[115.3205265,34.1393697],[115.3187427,34.1382238],[115.316732,34.136769],[115.3137643,34.1346361],[115.30880486666668,34.1318101],[115.3060437,34.1303777],[115.3027031,34.1285911],[115.2996898,34.1271205],[115.2939046,34.1242411],[115.291441,34.1228423],[115.2895081,34.1215676],[115.2878373,34.1202513],[115.2863284,34.1188827],[115.2842623,34.1166366],[115.2829109,34.1150076],[115.280043,34.1103452],[115.2784764,34.1081013],[115.276759,34.105921],[115.2748574,34.1039202],[115.2729776,34.1021565],[115.25275966666668,34.09245336666667],[115.249806,34.0915025],[115.2477059,34.0907051],[115.2457698,34.0898687],[115.240821,34.0874686],[115.2384452,34.0860792],[115.2361468,34.0845393],[115.2340454,34.0830547],[115.231905,34.0815352],[115.2288526,34.079658],[115.2264942,34.0783227],[115.2211332,34.0758168],[115.2184725,34.0747904],[115.2157869,34.0738266],[115.21292,34.0727878],[115.2102972,34.0717685],[115.2076532,34.0706082],[115.2051035,34.0693768],[115.2032294,34.0683615],[115.2011422,34.067164],[115.1991869,34.0660097],[115.1965956,34.0645215],[115.1944993,34.0634662],[115.1919858,34.0622867],[115.189249,34.0610527],[115.1872331,34.0602261],[115.1820569,34.0582985],[115.1792028,34.0574128],[115.1765132,34.0566499],[115.1742735,34.05599],[115.1722549,34.0553072],[115.1705971,34.0545979],[115.1675051,34.0533172],[115.1655944,34.0524734],[115.1625599,34.0509153],[115.1594257,34.0491218],[115.1555692,34.0465235],[115.1532489,34.0448425],[115.1510394,34.0429491],[115.149564,34.0415304],[115.1481282,34.0398911],[115.1461964,34.0377052],[115.1441242,34.0350641],[115.1422931,34.0323083],[115.1413393,34.0307037],[115.1404825,34.0291053],[115.1389545,34.025865],[115.1382171,34.0241805],[115.1371809,34.022144],[115.1362564,34.0203371],[115.1349215,34.0180139],[115.1336301,34.0158939],[115.1320469,34.0134811],[115.1308868,34.0118789],[115.1289029,34.0092965],[115.1273557,34.0076251],[115.1257857,34.0058292],[115.124054,34.0039886],[115.1222001,34.0020853],[115.1205257,34.0002264],[115.1181651,33.9979029],[115.1159041,33.995644],[115.1136873,33.9935763],[115.1111949,33.9914949],[115.1092041,33.9900144],[115.1068176,33.9883431],[115.1040748,33.9866329],[115.1022667,33.9855936],[115.100409,33.9846204],[115.0972621,33.9830918],[115.094911,33.9821096],[115.0923237,33.981107],[115.0901091,33.9803304],[115.0859332,33.9788806],[115.0820404,33.9775108],[115.07970761249999,33.976727624999995],[115.0744016,33.974386550000006],[115.0721347,33.973213],[115.0699647,33.9718246],[115.0680246,33.9704182],[115.0655923,33.968398],[115.0634725,33.9663152],[115.0615109,33.9641102],[115.0598761,33.9619915],[115.0586223,33.9604271],[115.0569516,33.9584633],[115.055263,33.9567825],[115.053675,33.955364],[115.0516882,33.9538441],[115.0500028,33.9527236],[115.040274,33.9484453],[115.0371766,33.9476707],[115.0341053,33.9467932],[115.0318859,33.9460502],[115.0287996,33.9448981],[115.0270768,33.9440913],[115.0246099,33.9429875],[115.0215478,33.9414565],[115.0188656,33.9399144],[115.017206,33.9388911],[115.0149109,33.9373705],[115.01034065000002,33.9338909],[115.0086107,33.9322928],[115.006962,33.9307008],[115.0055751,33.9292989],[115.0043642,33.9279275],[115.0026459,33.9258603],[115.0012345,33.924017],[114.9994247,33.9215171],[114.9976404,33.9185513],[114.9964272,33.9162046],[114.9953658,33.9138068],[114.9943416,33.9111516],[114.9934207,33.9084513],[114.9927705,33.9066186],[114.9918922,33.9043095],[114.9910677,33.9024159],[114.9896656,33.8996103],[114.9886462,33.8978097],[114.9871143,33.8954089],[114.9861826,33.8938619],[114.9848548,33.8921157],[114.983393,33.8902824],[114.9814785,33.8878603],[114.9797757,33.885698],[114.9785055,33.8840972],[114.9769315,33.8819003],[114.9756613,33.8800167],[114.9740874,33.8774797],[114.9731532,33.8758176],[114.971883,33.8734142],[114.97076,33.8711942],[114.9697476,33.8691843],[114.9684542,33.8667195],[114.9674402,33.8649844],[114.9657611,33.8625943],[114.9642683,33.8605462],[114.9625728,33.8584476],[114.9607993,33.8564445],[114.9583965,33.8540218],[114.9562665,33.851974],[114.9547109,33.8504986],[114.9530588,33.8489011],[114.9506425,33.8466076],[114.9483567,33.8443777],[114.9466127,33.8426448],[114.9442323,33.8399474],[114.9420149,33.8370143],[114.9406493,33.8349603],[114.9393636,33.8328052],[114.9380608,33.8304688],[114.9367016,33.8282106],[114.9352791,33.8262018],[114.9336238,33.8242629],[114.9313424,33.8220783],[114.9297412,33.8207821],[114.9277068,33.8193793],[114.9253755,33.8180288],[114.9231873,33.8169077],[114.9211222,33.8159292],[114.9182655,33.8145781],[114.9163822,33.8136156],[114.9145438,33.8126166],[114.9101076,33.8099814],[114.9083573,33.8088545],[114.9063045,33.8074282],[114.9045645,33.8061857],[114.9029805,33.8050606],[114.88761883333332,33.79400343333333],[114.8857383,33.7926241],[114.8841511,33.7914961],[114.882284,33.7901508],[114.8807474,33.7890736],[114.8787008,33.7877776],[114.8768746,33.7865324],[114.8746751,33.7853504],[114.8729235,33.7845984],[114.8708728,33.7838594],[114.8687868,33.7831696],[114.866654,33.7825668],[114.863293,33.7816879],[114.8608196,33.7810441],[114.8586767,33.7804744],[114.8554312,33.7796241],[114.8526304,33.7788622],[114.8508926,33.7783927],[114.848184,33.7775623],[114.8459238,33.7766781],[114.8438581,33.775808],[114.8413316,33.7744238],[114.8392582,33.7730547],[114.8371104,33.7713867],[114.8347282,33.7692775],[114.8296458,33.7646812],[114.8273871,33.7626838],[114.8246099,33.7604771],[114.821859,33.7588393],[114.8199061,33.7578991],[114.8174241,33.7568829],[114.815525,33.7562107],[114.8126535,33.7552504],[114.8102736,33.7544486],[114.8074209,33.7535084],[114.8049586,33.7526747],[114.7974188,33.7501198],[114.7946428,33.7490281],[114.790872,33.7473222],[114.7890379,33.7464136],[114.7873209,33.745475],[114.7852823,33.7444073],[114.7831832,33.7431317],[114.7805295,33.7415532],[114.7788764,33.7405424],[114.77725,33.7395675],[114.7754768,33.7385357],[114.7735259,33.7373746],[114.7715317,33.7361662],[114.7688003,33.7345755],[114.7665534,33.7333799],[114.7647238,33.732485],[114.762703,33.7315868],[114.760856,33.7308072],[114.7586517,33.7299809],[114.7566433,33.7292683],[114.7541581,33.7285022],[114.7509905,33.7276503],[114.7488182,33.7270798],[114.7467729,33.7265274],[114.7445157,33.7258614],[114.7415857,33.7248997],[114.7384903,33.7237027],[114.736345,33.7226598],[114.7342601,33.721649],[114.7321389,33.7205478],[114.730054,33.7193956],[114.7282701,33.7183871],[114.7259734,33.7170818],[114.7224967,33.7153757],[114.720716,33.7145213],[114.7174274,33.7130756],[114.7152372,33.7122212],[114.7125653,33.7112892],[114.7097194,33.7103146],[114.7073486,33.7096698],[114.7038345,33.7088562],[114.7002537,33.7082694],[114.6970373,33.7077935],[114.6945428,33.7075377],[114.6890926,33.7070261],[114.6868659,33.7067689],[114.6824067,33.7061082],[114.6801862,33.70555],[114.6766098,33.7047163],[114.6744447,33.7041129],[114.6714242,33.7031889],[114.6683394,33.7021012],[114.6655071,33.7010858],[114.6633589,33.7001554],[114.6599889,33.6987276],[114.6574876,33.6976679],[114.6532958,33.6958891],[114.6516218,33.6951586],[114.6475863,33.6935183],[114.6454625,33.6927664],[114.642823,33.6919378],[114.6391134,33.6909059],[114.6352354,33.690102],[114.630445,33.6891244],[114.627436,33.6883748],[114.621782,33.6865445],[114.6192756,33.6856426],[114.6152037,33.6840648],[114.6091252,33.6820151],[114.6060034,33.681152],[114.6039287,33.6806513],[114.6002396,33.680015],[114.5969808,33.6795099],[114.595069,33.6792981],[114.5919464,33.6790218],[114.5900203,33.6788383],[114.5845709,33.6779586],[114.5823519,33.6774194],[114.5805207,33.676994],[114.5773813,33.6762533],[114.5745151,33.6756805],[114.5718315,33.6750502],[114.569719,33.6745314],[114.567717,33.6739305],[114.5658264,33.6733995],[114.5638953,33.6728219],[114.5615114,33.6720463],[114.5593561,33.6712952],[114.5574937,33.6706188],[114.5556535,33.6698907],[114.5538526,33.6692433],[114.5507868,33.667879],[114.5485668,33.666833],[114.5459574,33.6655176],[114.5431284,33.6639736],[114.5394145,33.6617795],[114.5370061,33.660203],[114.5347372,33.658638],[114.5312529,33.6560335],[114.5295058,33.6546463],[114.5280507,33.6534304],[114.52055250000001,33.645977433333336],[114.5180202,33.6429828],[114.5160908,33.6407524],[114.514599,33.6387435],[114.5130944,33.6363306],[114.5119691,33.634655],[114.5109346,33.6329723],[114.5099568,33.631314],[114.5081748,33.6281774],[114.5073567,33.6264919],[114.5065392,33.6246605],[114.5054035,33.6221807],[114.5043951,33.6199757],[114.5031761,33.6172321],[114.5021527,33.6146881],[114.5010174,33.6122699],[114.5002009,33.610075],[114.4994059,33.6077011],[114.4987062,33.6052013],[114.4981306,33.6034898],[114.4978384,33.6015636],[114.4976369,33.5986863],[114.4973646,33.5946171],[114.4974376,33.5924949],[114.4977454,33.5886679],[114.4983173,33.5847104],[114.4984582,33.5823715],[114.498297,33.5801178],[114.4976787,33.5773798],[114.4967969,33.5757074],[114.4957417,33.5733643],[114.4902205,33.5665143],[114.4842192,33.5593303],[114.4806853,33.5550733],[114.4795579,33.5532903],[114.4780406,33.5508283],[114.4762162,33.5469781],[114.4754337,33.5451879],[114.4723466,33.5386589],[114.4708142,33.5354425],[114.4692912,33.5326567],[114.4677698,33.5286138],[114.4672479,33.5261525],[114.4669841,33.5222505],[114.4668323,33.5175817],[114.4663641,33.5134178],[114.4647253,33.5097665],[114.4634979,33.5080208],[114.4623431,33.506235],[114.4595609,33.5034322],[114.4581833,33.502007],[114.4560548,33.5000486],[114.4539227,33.4973732],[114.4523453,33.4942449],[114.4509199,33.4915871],[114.4498916,33.4897197],[114.4483881,33.4866297],[114.4472275,33.4840298],[114.4460708,33.4816053],[114.4445097,33.4781618],[114.4429653,33.4755853],[114.4397118,33.4707809],[114.4357481,33.4665407],[114.4320187,33.4630584],[114.4275567,33.4595204],[114.4194717,33.4538585],[114.4137446,33.4492317],[114.4123888,33.4479461],[114.4104145,33.4460742],[114.3999117,33.4350051],[114.3976401,33.4329588],[114.3936447,33.4296481],[114.3910005,33.4279506],[114.3887885,33.4267236],[114.3841456,33.4242415],[114.3785922,33.4219367],[114.3724016,33.4197584],[114.3671702,33.418028],[114.3642762,33.4169062],[114.3603821,33.4155919],[114.3573051,33.4145534],[114.355592,33.4138135],[114.3512214,33.4119258],[114.3467784,33.4095038],[114.341763,33.4058997]]}},{"type":"Feature","properties":{"level":"expressway","ref":"G1516","name":"盐洛高速","routeKey":"expressway-G1516","chainIndex":0,"sourceSegmentCount":536,"visualLengthKm":78.58,"sourceOsmCount":536},"geometry":{"type":"LineString","coordinates":[[112.4946074,34.5091067],[112.4969062,34.5088617],[112.4989701,34.5086654],[112.5010221,34.5084955],[112.5032797,34.5083208],[112.5067451,34.5078633],[112.509533,34.5073447],[112.512487,34.506593],[112.5150308,34.5059485],[112.5183176,34.5048058],[112.5205373,34.503883],[112.5235757,34.502375],[112.525246,34.501325],[112.5268922,34.5004091],[112.535115,34.495466],[112.537726,34.494052],[112.539411,34.493252],[112.541714,34.492273],[112.5470553,34.4902349],[112.5513107,34.4881604],[112.555958,34.485256],[112.5580301,34.4837963],[112.5603081,34.4818489],[112.5631489,34.4792825],[112.5659754,34.4767011],[112.5678191,34.4752788],[112.5693148,34.4741848],[112.5718615,34.4724135],[112.5742468,34.4710681],[112.5772921,34.4694949],[112.579553,34.4684394],[112.5846524,34.4666293],[112.5870315,34.4657903],[112.5891334,34.465036],[112.5908757,34.4643907],[112.5936377,34.4631456],[112.5959727,34.4620455],[112.5980639,34.460898],[112.6005102,34.4595464],[112.6021602,34.4587035],[112.6041868,34.4577867],[112.6075872,34.456438],[112.610428,34.4555271],[112.6149116,34.4544327],[112.6177776,34.4539506],[112.6199118,34.4535425],[112.6223724,34.453152],[112.6258418,34.4525722],[112.6280751,34.4522257],[112.6330837,34.4513513],[112.6360368,34.4508005],[112.6390516,34.4501657],[112.6428523,34.4492102],[112.6451429,34.4485511],[112.647109,34.447934],[112.6501077,34.4469608],[112.6541498,34.4456403],[112.6570358,34.4447865],[112.659254,34.4441915],[112.6617431,34.4436141],[112.6635027,34.4432116],[112.666728,34.4426342],[112.670465,34.442227],[112.6772445,34.4416874],[112.681156,34.441376],[112.6835066,34.4411234],[112.6855242,34.4408133],[112.688601,34.440291],[112.690593,34.4398449],[112.6924851,34.4393889],[112.6947818,34.4388172],[112.6970356,34.4382344],[112.6992297,34.4376151],[112.7018636,34.4368364],[112.7046424,34.4359692],[112.7070081,34.4352458],[112.7109295,34.4342636],[112.7132442,34.4337592],[112.715438,34.433241],[112.720633,34.4325483],[112.7235814,34.432423],[112.727791,34.4321964],[112.7314722,34.4322745],[112.7346563,34.4323943],[112.7367001,34.4325049],[112.7393987,34.4326236],[112.7434781,34.4328102],[112.752954575,34.432896875],[112.7580785,34.4324234],[112.7602043,34.4321553],[112.763507,34.4315227],[112.7670547,34.4309452],[112.773504,34.42937],[112.7760777,34.4288417],[112.7796267,34.428306],[112.782417,34.428045],[112.7856897,34.4277901],[112.788614,34.4276874],[112.792416,34.427589],[112.7946573,34.4274785],[112.7966049,34.4273857],[112.7988416,34.4273192],[112.8026235,34.4267926],[112.8049194,34.4263811],[112.8084278,34.425797],[112.8107285,34.4253592],[112.8125632,34.4251379],[112.8146505,34.425005],[112.8184244,34.4250492],[112.8215491,34.4252107],[112.8234323,34.4253189],[112.829123,34.4262429],[112.8333229,34.4270034],[112.8353575,34.4273755],[112.8375098,34.4277605],[112.8399198,34.4281965],[112.8592736,34.42970575],[112.8635368,34.4294216],[112.8662818,34.4291626],[112.8697575,34.428861],[112.8738086,34.4282082],[112.8756865,34.4278292],[112.8796522,34.4272249],[112.8830791,34.426786],[112.8849809,34.4265143],[112.8870381,34.4262614],[112.8891416,34.4260802],[112.8913113,34.4259468],[112.8934594,34.4258665],[112.8966748,34.4259036],[112.8987826,34.4260102],[112.9010909,34.4262105],[112.9070678,34.4270354],[112.91117,34.4277557],[112.9134025,34.4281471],[112.9198765,34.4292543],[112.921736,34.4295228],[112.9250872,34.4298676],[112.9273238,34.4300134],[112.930562,34.430047],[112.9348774,34.4301395],[112.9410075,34.4304068],[112.9449669,34.430792],[112.9481612,34.4313123],[112.9513058,34.431972],[112.9543213,34.4327874],[112.9560589,34.4333619],[112.9593843,34.4346095],[112.962024,34.435582],[112.9645323,34.436556],[112.9668696,34.4373817],[112.970308,34.438378],[112.972782,34.438888],[112.975801,34.439692],[112.978182,34.440423],[112.982076,34.441788],[112.985401,34.442832],[112.9873261,34.4432458],[112.9898114,34.4436646],[112.992637,34.4440221],[112.9945396,34.444186],[112.9969615,34.444301],[112.9995956,34.444278],[113.0016353,34.444187],[113.0046138,34.4439908],[113.00798,34.4434911],[113.0122635,34.4426105],[113.0140639,34.4421536],[113.0160576,34.4419214],[113.0265064,34.4411264],[113.034408,34.439829],[113.0372491,34.4395731],[113.0396425,34.4394819],[113.044056,34.4396211],[113.0472156,34.4401206],[113.0506398,34.4409444],[113.0535539,34.4418224],[113.0557182,34.442391],[113.0585882,34.4430185],[113.0609577,34.4434205],[113.0642536,34.4438075],[113.0715423,34.4442835],[113.078904,34.4447523],[113.0807357,34.4449515],[113.0838103,34.4452612],[113.0861856,34.4456502],[113.0882595,34.4462269],[113.0901504,34.4469322],[113.0936538,34.4487065],[113.0956945,34.45016],[113.097553,34.4517584],[113.0994683,34.4538471],[113.1012911,34.4556678],[113.104557,34.4592214],[113.1083842,34.4635637],[113.132759075,34.458836700000006],[113.1346815,34.4566705],[113.1362523,34.4550063],[113.1390741,34.4523632],[113.1417134,34.4500635],[113.1440622,34.4482878],[113.1460217,34.4468606],[113.1487923,34.4450863],[113.1506175,34.4438366],[113.1531705,34.4422071],[113.1547636,34.4411756],[113.1581522,34.4388512],[113.1609614,34.4372026],[113.1633685,34.4355673],[113.165131,34.4344973],[113.167277,34.433158],[113.1690068,34.4321485],[113.173413,34.4298872],[113.1773786,34.4279422],[113.1803406,34.4263942],[113.1824294,34.4249],[113.1846407,34.422551],[113.1860605,34.4202086],[113.186754,34.4181085],[113.1873987,34.4157997],[113.1885186,34.4134593],[113.1897486,34.411754],[113.1912636,34.4102145],[113.1931446,34.4088544],[113.1959663,34.4073985],[113.1998992,34.405702],[113.2023397,34.4043144],[113.2045637,34.4030209],[113.2065123,34.4017281],[113.2082628,34.4006326],[113.210743,34.3987679],[113.212359,34.3976769],[113.2164306,34.3951521],[113.2182094,34.3941623],[113.2228499,34.39174],[113.2246307,34.3908178],[113.2265524,34.3898439],[113.229315,34.3884735],[113.2316127,34.387129],[113.2337277,34.3852284],[113.2350698,34.3834011],[113.2370361,34.3792777],[113.2378765,34.3775065],[113.2390189,34.3751427],[113.2399572,34.3731896],[113.2413362,34.3701993],[113.2427315,34.3678286],[113.244339,34.3658888],[113.2460515,34.3642142],[113.2476481,34.3629635],[113.2498576,34.361493],[113.252303,34.3602664],[113.2545225,34.3594268]]}},{"type":"Feature","properties":{"level":"expressway","ref":"G36","name":"宁洛高速","routeKey":"expressway-G36","chainIndex":0,"sourceSegmentCount":585,"visualLengthKm":184.07,"sourceOsmCount":585},"geometry":{"type":"LineString","coordinates":[[112.31809163333334,34.748615699999995],[112.32935115000001,34.7404842],[112.3291386,34.7381345],[112.3289934,34.7362255],[112.3282083,34.7321587],[112.327353,34.7287543],[112.326243,34.7252686],[112.3221495,34.7159595],[112.3212986,34.7143613],[112.319919,34.7112347],[112.3188771,34.7085416],[112.3180644,34.7064696],[112.3175416,34.704681],[112.316577,34.7007744],[112.3156739,34.6966839],[112.3151056,34.6937467],[112.31501,34.69178],[112.3149128,34.6898614],[112.31550625,34.684614266666664],[112.316322,34.682013],[112.317223,34.679864],[112.318202,34.678029],[112.320112,34.675139],[112.326723,34.665878],[112.328592,34.662952],[112.3294735,34.6610549],[112.33241905,34.654571950000005],[112.3358044,34.6458977],[112.3366542,34.6441233],[112.337614,34.642435],[112.3385554,34.6406921],[112.339687,34.6392854],[112.3416643,34.6367597],[112.3436442,34.634472],[112.3448304,34.6330682],[112.3463284,34.6307103],[112.347375,34.6282571],[112.3478983,34.6257869],[112.3479676,34.6237358],[112.3476187,34.6209468],[112.3467617,34.6179995],[112.3450905,34.6132618],[112.3443028,34.6109661],[112.3438414,34.6091036],[112.3434644,34.6060033],[112.3435994,34.6032462],[112.3442409,34.6002752],[112.3451114,34.5982833],[112.346146,34.595942],[112.3470586,34.594233],[112.3485322,34.5918653],[112.349862,34.5897589],[112.3513306,34.5879639],[112.3527879,34.5863378],[112.354733,34.5844342],[112.3579867,34.5817961],[112.3605917,34.579402],[112.3624819,34.5777869],[112.3644177,34.5759704],[112.3672603,34.5730801],[112.3684933,34.5717409],[112.3702642,34.5694953],[112.371377,34.5679599],[112.3733688,34.5649496],[112.3747939,34.5626684],[112.3759396,34.5604531],[112.3770595,34.5579066],[112.3783009,34.5545546],[112.37912,34.552626],[112.380082,34.550744],[112.3813113,34.5486902],[112.3825167,34.5469376],[112.3836434,34.5454786],[112.3855701,34.5433076],[112.3875471,34.5413836],[112.390324,34.539094],[112.3919374,34.5379445],[112.3942821,34.5364334],[112.396576,34.535136],[112.400661,34.533023],[112.402784,34.532055],[112.4051853,34.5310824],[112.416054,34.527109],[112.419371,34.525981],[112.422559,34.525016],[112.427722,34.523698],[112.431398,34.522859],[112.436689,34.521973],[112.439429,34.521604],[112.442361,34.521268],[112.446719,34.520924],[112.4495115,34.5205595],[112.4520602,34.5201675],[112.45838175,34.518622],[112.460479,34.5179587],[112.4647085,34.5168333],[112.4681282,34.5158592],[112.4728603,34.5143783],[112.475871,34.5134971],[112.479663,34.5124202],[112.4827296,34.5115255],[112.4850366,34.5108784],[112.4872632,34.5103407],[112.4890643,34.5099694],[112.4912389,34.5096004],[112.49320393333333,34.5093562],[112.5000586,34.5033908],[112.4989807,34.4903667],[112.4989858,34.4879814],[112.499773,34.4820201],[112.5015498,34.4769008],[112.5034103,34.4733571],[112.5066882,34.4677758],[112.5076627,34.4652953],[112.5082828,34.4621059],[112.5085486,34.4587395],[112.5090801,34.4555501],[112.5131554,34.4426157],[112.5138641,34.439515],[112.5140413,34.4366801],[112.5138641,34.433225],[112.5123454,34.4285826],[112.5117916,34.426839],[112.5109197,34.4238921],[112.5103941,34.4209271],[112.510467,34.4178462],[112.5109172,34.4160353],[112.5124419,34.4101236],[112.5127982,34.4069167],[112.5126206,34.4035436],[112.5126206,34.4013459],[112.5128691,34.3995511],[112.5133326,34.3976111],[112.515891,34.3927209],[112.516761,34.3901517],[112.5170273,34.3879473],[112.5172274,34.3857222],[112.5170908,34.383525],[112.5176736,34.38069],[112.519091,34.3780323],[112.5207743,34.3756403],[112.5228119,34.3740456],[112.5255582,34.3722738],[112.5274187,34.3704134],[112.5285704,34.3686415],[112.5288361,34.3666039],[112.5283932,34.3642119],[112.5269757,34.3584535],[112.5267099,34.3557957],[112.5268871,34.3524292],[112.5295007,34.3434815],[112.5300366,34.3416467],[112.5305689,34.3382747],[112.5306829,34.3359146],[112.5309363,34.3309467],[112.5310337,34.3287107],[112.5315753,34.3256891],[112.5325202,34.3225671],[112.5342358,34.3176539],[112.5354935,34.3138574],[112.5367515,34.3109745],[112.5377859,34.3089315],[112.5389309,34.306868],[112.5420336,34.302291],[112.543205,34.3004747],[112.5451156,34.2975216],[112.5473274,34.2940319],[112.5495627,34.2905511],[112.55063,34.288837],[112.564863725,34.269868],[112.5676758,34.2671993],[112.5694447,34.2655981],[112.5719864,34.2634459],[112.5736097,34.26216],[112.575804,34.260489],[112.5774838,34.2593307],[112.5794377,34.2579614],[112.5827643,34.2559358],[112.5855721,34.2542878],[112.5882455,34.2529076],[112.590498,34.2518169],[112.5930048,34.2506454],[112.6059088,34.2449248],[112.6299594,34.2342087],[112.6321764,34.2331267],[112.635778,34.2311862],[112.6391322,34.2291488],[112.6411388,34.2277914],[112.6428017,34.2266073],[112.6443699,34.2254219],[112.6465462,34.2236691],[112.648715,34.221607],[112.66225,34.208745],[112.6636953,34.2074068],[112.6783278,34.19142365],[112.6820556,34.1847439],[112.6831305,34.1830762],[112.6843377,34.1812326],[112.6861671,34.1787229],[112.6878316,34.1766811],[112.6894541,34.1748949],[112.6915783,34.1727947],[112.6934087,34.1711609],[112.6948262,34.1699868],[112.6972275,34.1681701],[112.7001873,34.166185],[112.7022536,34.1649388],[112.7047973,34.1635393],[112.7139175,34.15919],[112.724312,34.154098],[112.728258,34.152178],[112.7349853,34.1491218],[112.7374146,34.1478405],[112.7398066,34.1464541],[112.7431609,34.1442713],[112.745345,34.1426813],[112.7487552,34.1399218],[112.7510272,34.1381462],[112.7542222,34.1358754],[112.7564903,34.134391],[112.759444,34.1326106],[112.761639,34.1313828],[112.7642781,34.1300099],[112.7666574,34.1288597],[112.7683341,34.1281012],[112.770301,34.1272645],[112.7719799,34.1265907],[112.7744992,34.1256467],[112.7854204,34.1217195],[112.7878909,34.1208311],[112.8002992,34.1163688],[112.8032535,34.1152624],[112.8064266,34.1141371],[112.8083625,34.1134714],[112.8120649,34.1123098],[112.8150145,34.1114994],[112.8200479,34.1103401],[112.845765,34.10516],[112.848295,34.104568],[112.8503321,34.1041333],[112.8524534,34.103496],[112.8542307,34.1027794],[112.856237,34.102023],[112.859865,34.100472],[112.862182,34.09934],[112.8640608,34.0984738],[112.8663536,34.0971402],[112.871603,34.093997],[112.8744044,34.0922306],[112.8798866,34.0890732],[112.8818033,34.0879754],[112.8850919,34.0860181],[112.890951,34.0825788],[112.8955302,34.0796391],[112.8973929,34.0783533],[112.8989205,34.077213],[112.9006243,34.0759118],[112.9024039,34.0745681],[112.9047366,34.072614],[112.907115,34.0708278],[112.917646575,34.062840575],[112.919768,34.06091],[112.9262357,34.0530339],[112.9290403,34.0477115],[112.931107,34.04378],[112.9327923,34.0403852],[112.9364117,34.0303444],[112.9374607,34.0274802],[112.9384864,34.0253891],[112.9395683,34.023739],[112.9411133,34.0219135],[112.9425814,34.0206675],[112.9445967,34.0191664],[112.9471205,34.0178166],[112.9487394,34.017013],[112.9504697,34.0163659],[112.953068,34.0153747],[112.9553246,34.0144733],[112.957755,34.0133593],[112.9604867,34.0119207],[112.962707,34.010582],[112.965368,34.008775],[112.9673411,34.0072334],[112.969275,34.005558],[112.97104,34.003847],[112.972722,34.002008],[112.97453,33.999752],[112.9869785,33.9815848],[112.9918515,33.974448],[112.9939071,33.9716957],[112.9952638,33.9701058],[112.997038,33.96775],[112.998348,33.966328],[113.00157,33.963158],[113.0037277,33.9613603],[113.005271,33.9601],[113.0079709,33.9580373],[113.020624,33.9493305],[113.0273426,33.9446484],[113.0352335,33.9391378],[113.0403366,33.9353996],[113.0420197,33.9342359],[113.0448336,33.9322686],[113.0476217,33.9303351],[113.0576466,33.9234557],[113.0591768,33.922383],[113.0609735,33.9211296],[113.0640766,33.9189574],[113.0679044,33.9163033],[113.0702002,33.9145766],[113.0723334,33.9128013],[113.0748152,33.9104856],[113.0759995,33.9091215],[113.07848,33.906282],[113.0837762,33.8993917],[113.0849263,33.8978759],[113.0915568,33.8891943],[113.0938012,33.8862643],[113.0950615,33.8845955],[113.0984618,33.8803391],[113.0997973,33.878611],[113.1027637,33.8745983],[113.1052496,33.8715434],[113.1066716,33.8695234],[113.1086355,33.8662173],[113.1104646,33.8629294],[113.1122376,33.8590194],[113.1131273,33.8566745],[113.1136589,33.854817],[113.1144199,33.852185],[113.1159999,33.844968],[113.1174206,33.8381973],[113.11787,33.8361869],[113.1185425,33.8340664],[113.1195354,33.8318518],[113.1203629,33.830113],[113.12364472499999,33.82512485],[113.1253626,33.8232695],[113.126973,33.8216858],[113.1284239,33.820263],[113.1359519,33.81425],[113.1376498,33.8128745],[113.1424467,33.8090201],[113.1459693,33.8063316],[113.1479152,33.8048239],[113.1503084,33.8029908],[113.1519611,33.8018999],[113.1540917,33.800717],[113.1568337,33.7991522],[113.1590797,33.7979724],[113.1607847,33.7971349],[113.1631895,33.7960268],[113.1660189,33.7947346],[113.1682463,33.7937172],[113.1700344,33.7927861],[113.1723392,33.7917284],[113.1745069,33.790742],[113.1790991,33.7886894],[113.1813341,33.7873917],[113.1843015,33.7856392],[113.1862616,33.7843564],[113.1878569,33.7832397],[113.1893902,33.7820884],[113.1929702,33.7791658],[113.1947561,33.7778918],[113.1972156,33.7759891],[113.2006097,33.7737197],[113.2029227,33.7722897],[113.205025,33.7709842],[113.2074364,33.7694845],[113.2102817,33.7677163],[113.2132385,33.7658882],[113.2155463,33.7643736],[113.2207468,33.7607981],[113.2227571,33.7593335],[113.2259616,33.7570616],[113.2284179,33.755273],[113.2308173,33.7535607],[113.2328506,33.752168],[113.2352182,33.7506685],[113.2381939,33.7489399],[113.2402126,33.7478146],[113.2418254,33.7469924],[113.2436977,33.7460827],[113.2458081,33.7448216],[113.248124,33.7434566],[113.2496396,33.7424812],[113.2515102,33.7412056],[113.2530287,33.7402095],[113.2545622,33.7389505],[113.2574338,33.7363667],[113.2600024,33.7337431],[113.2615249,33.7318564],[113.2629464,33.7302814],[113.2641393,33.7286484],[113.2654421,33.7266276],[113.2670583,33.7237466],[113.2679078,33.72205],[113.2702924,33.7166437],[113.2725798,33.7111058],[113.2743157,33.7073876],[113.2882262,33.6891827],[113.2903216,33.6875167],[113.293001,33.6857222],[113.2951378,33.684451],[113.3034397,33.6797617],[113.3078676,33.677322],[113.3126604,33.6746373],[113.3257469,33.667333],[113.3274508,33.6664228],[113.3291462,33.6656557],[113.3323676,33.6641567],[113.3353446,33.6628947],[113.3377722,33.6619648],[113.3397956,33.6611414],[113.3502392,33.6576137],[113.3537994,33.6563694],[113.3564199,33.6554381],[113.3581557,33.6548606],[113.3633269,33.6530871],[113.3664069,33.6520397],[113.368564,33.6513368],[113.3702022,33.6505725],[113.3727729,33.6495273],[113.3757828,33.6482824],[113.3784152,33.6473007],[113.3803552,33.646603],[113.3827155,33.6458911],[113.3849637,33.6452327],[113.3882211,33.6443958],[113.3920806,33.6432906],[113.3951004,33.6423285],[113.3975307,33.6414678],[113.3997361,33.6406306],[113.4023778,33.6395511],[113.4111515,33.6359928],[113.4139824,33.6348432],[113.4163125,33.633874],[113.4183286,33.6330212],[113.4209361,33.631825],[113.4229173,33.6308257],[113.4252455,33.6296401],[113.4271259,33.6285864],[113.4292622,33.6273152],[113.4336151,33.6244953],[113.4351076,33.6234488],[113.4378387,33.6213093],[113.4466213,33.6135116],[113.4509766,33.6098223],[113.4528636,33.6083191],[113.4559306,33.6060774],[113.458088,33.604463],[113.4605936,33.6029812],[113.46365,33.601253],[113.465463,33.600342],[113.4682788,33.599113],[113.4708426,33.5980456],[113.4732306,33.597136],[113.4764396,33.5960963],[113.4785021,33.5955842],[113.4821743,33.5946578],[113.48493,33.5940108],[113.488321,33.5930431],[113.4900768,33.5924569],[113.4925939,33.5914438],[113.4942407,33.590715],[113.4961143,33.5897561],[113.4989393,33.588139],[113.5006426,33.5870131],[113.5032804,33.5850141],[113.5063977,33.5824601]]}},{"type":"Feature","properties":{"level":"expressway","ref":"S49","name":"焦唐高速","routeKey":"expressway-S49","chainIndex":0,"sourceSegmentCount":767,"visualLengthKm":308.06,"sourceOsmCount":767},"geometry":{"type":"LineString","coordinates":[[112.9281019,32.3872967],[112.9286549,32.3894328],[112.9296658,32.3920499],[112.9316613,32.3969418],[112.9322112,32.3993673],[112.932533,32.4020045],[112.9328831,32.4129091],[112.9329032,32.4170799],[112.932651,32.4195841],[112.9320824,32.4224664],[112.9315379,32.4241848],[112.9301459,32.4273974],[112.9290716,32.4292358],[112.9258389,32.433444300000005],[112.9242745,32.4356198],[112.9217935,32.4393346],[112.920396,32.4418903],[112.9188672,32.4450615],[112.918008,32.4470747],[112.9156539,32.4534181],[112.9138398,32.458285],[112.9127651,32.4614242],[112.9114794,32.466147],[112.9109707,32.4685132],[112.9104799,32.4713056],[112.9097682,32.4761195],[112.9088643,32.4820138],[112.9083412,32.4854484],[112.9076548,32.488731],[112.9070004,32.4911563],[112.9063788,32.4932302],[112.9056485,32.4952828],[112.9038246,32.4992734],[112.9026881,32.5018492],[112.9016682,32.5044581],[112.9010908,32.5061788],[112.8996242,32.5114776],[112.8976497,32.51916855],[112.8957308,32.5266586],[112.8950911,32.529629],[112.8948015,32.5323879],[112.8945976,32.5353547],[112.8945869,32.5382491],[112.8946146,32.5401131],[112.89581895,32.5484026],[112.8960788,32.5507493],[112.8963634,32.553668],[112.8964966,32.5578741],[112.8963679,32.5604874],[112.8963812,32.5626937],[112.8964991,32.5647884],[112.8966443,32.5674791],[112.8974222,32.5715682],[112.8979808,32.5735973],[112.8984569,32.575419],[112.899211,32.5783446],[112.8995758,32.5806138],[112.8999691,32.5851156],[112.900021,32.5887996],[112.8998547,32.591995],[112.8997796,32.5941735],[112.8997497,32.5961295],[112.8996618,32.5995221],[112.8999622,32.6023149],[112.9003163,32.6046106],[112.9008635,32.6069741],[112.9014106,32.608985],[112.9019974,32.6107884],[112.9032238,32.6139555],[112.9043135,32.6162479],[112.9058414,32.618865],[112.9075366,32.6215127],[112.909766,32.6246834],[112.9110012,32.6266641],[112.9126752,32.6291233],[112.91373045,32.63090215],[112.91538095,32.6350819],[112.9159589,32.6377381],[112.9162674,32.6399718],[112.9169567,32.6457605],[112.9172041,32.6477061],[112.9176541,32.6512439],[112.9182225,32.6539383],[112.9186411,32.6564109],[112.9197033,32.6604304],[112.920744,32.6639801],[112.9216399,32.6671728],[112.9221019,32.6706911],[112.9219993,32.6752333],[112.9215654,32.6810056],[112.9215827,32.6830328],[112.9215902,32.6867292],[112.921822,32.689723],[112.9221156,32.6919763],[112.9223553,32.695091],[112.9229305,32.699691],[112.9231977,32.7026126],[112.9232122,32.7063706],[112.9230784,32.7085158],[112.9226758,32.711861],[112.9222311,32.7141114],[112.92189515,32.715918450000004],[112.9206589,32.7226465],[112.9206365,32.7251539],[112.9207867,32.7271215],[112.9212373,32.7298111],[112.9218489,32.7319772],[112.9225891,32.7343598],[112.9239195,32.7387639],[112.9246323,32.7415228],[112.925183,32.743345],[112.9264714,32.7475736],[112.9270245,32.749745],[112.9279965,32.7543388],[112.9282754,32.7566126],[112.9287368,32.7592517],[112.9292418,32.7618863],[112.9299079,32.7641675],[112.9312725,32.7681992],[112.9317735,32.7700258],[112.9322316,32.7721591],[112.932602,32.7746651],[112.9329247,32.7775794],[112.9334467,32.7808442],[112.9338437,32.7829459],[112.9342604,32.7852789],[112.9359394,32.7907565],[112.937758,32.7963388],[112.9385697,32.7984184],[112.9395729,32.801426],[112.9404929,32.8035407],[112.9412247,32.8052769],[112.9427717,32.8076558],[112.9439357,32.8093283],[112.9452825,32.8110526],[112.9496417,32.815424],[112.9521453,32.818017],[112.9542938,32.8205134],[112.9590875,32.8271307],[112.9617804,32.8309532],[112.9630357,32.8330177],[112.9641408,32.835046],[112.9656535,32.8382011],[112.9664475,32.8402113],[112.9671663,32.8426992],[112.9678422,32.8450969],[112.9683633,32.8475937],[112.9697841,32.8546239],[112.9705888,32.8587877],[112.9711515,32.8620527],[112.971608,32.8659612],[112.9717475,32.8687368],[112.9718333,32.8711788],[112.9716724,32.8753508],[112.9714445,32.8808078],[112.9711145,32.8854061],[112.9709536,32.8889739],[112.9708785,32.8911991],[112.9710978,32.8932163],[112.9717207,32.8972801],[112.97263303333334,32.89971751666667],[112.976280525,32.9148304],[112.9762866,32.9177102],[112.9764046,32.9199764],[112.9762858,32.9234816],[112.9762858,32.9268317],[112.9765862,32.9291911],[112.9773372,32.9324149],[112.9780883,32.9346301],[112.9791611,32.9368092],[112.9814357,32.9405549],[112.9859632,32.9478659],[112.9872863,32.9500888],[112.9892121,32.9538914],[112.9898041,32.9556083],[112.9905652,32.958983],[112.9916815,32.9663117],[112.9918387,32.9683399],[112.9921129,32.9712075],[112.9921641,32.9752311],[112.9920244,32.9774764],[112.9909963,32.9842424],[112.9900751,32.988914],[112.9892778,32.9930589],[112.9884302,32.997634],[112.9880819,33.0003359],[112.9878604,33.0036748],[112.9878648,33.0060308],[112.9881417,33.0095502],[112.9884236,33.0115954],[112.9895112,33.0161825],[112.99164990000001,33.0261844],[112.9920919,33.0292511],[112.9923183,33.0315038],[112.9923979,33.0348344],[112.9924817,33.0379733],[112.9923302,33.039789],[112.9919301,33.0436979],[112.9912583,33.0486561],[112.9908944,33.0508815],[112.9903601,33.0531574],[112.989827,33.055491],[112.988807,33.0583916],[112.9872541,33.0621008],[112.986419,33.0640515],[112.98377365,33.070117925000005],[112.9822142,33.0736007],[112.9811266,33.076639],[112.9804548,33.0790433],[112.9800591,33.081013],[112.9798627,33.0838514],[112.9798231,33.0877303],[112.9797214,33.0950862],[112.97975285000001,33.1020365],[112.9795736,33.1051313],[112.9790211,33.1081123],[112.9779464,33.1112552],[112.97729,33.1130645],[112.9764131,33.115802],[112.9760253,33.1178861],[112.9759124,33.1202235],[112.9759365,33.1229833],[112.9761078,33.1254234],[112.9778617,33.1359778],[112.9786978,33.1406884],[112.9789713,33.1429878],[112.9790356,33.1448825],[112.9788525,33.1474624],[112.9785111,33.1493781],[112.9781304,33.15132],[112.9768691,33.1545665],[112.9742763,33.1616996],[112.9735648,33.1634447],[112.9724608,33.1653918],[112.9711714,33.1674302],[112.9681795,33.1711127],[112.966056,33.1729806],[112.9625423,33.1754333],[112.9594473,33.1774727],[112.95538400000002,33.1805451],[112.9527886,33.1828992],[112.951009,33.1844942],[112.9488549,33.1868795],[112.9468834,33.1893128],[112.9456418,33.1910445],[112.944167,33.1931338],[112.9431397,33.1946217],[112.9416896,33.1964482],[112.9399566,33.1985104],[112.9352903,33.2026689],[112.9315999,33.2055357],[112.9293086,33.2078503],[112.9274849,33.2099471],[112.9245507,33.2145988],[112.9214481,33.2184943],[112.9203233,33.2200402],[112.9192101,33.221874],[112.9176889,33.2254117],[112.9172406,33.2280151],[112.9170228,33.2300707],[112.9171031,33.2339827],[112.9179441,33.2375226],[112.9188679,33.2402884],[112.9196784,33.2429874],[112.9201653,33.2451612],[112.9204184,33.2470043],[112.92051626999998,33.24964267],[112.92140775,33.256155899999996],[112.9222569,33.2595599],[112.9225816,33.2614532],[112.9235474,33.2645883],[112.9244073,33.2668857],[112.925393,33.2689792],[112.9290095,33.2766947],[112.9307208,33.2815432],[112.9313865,33.2839735],[112.9320195,33.2871166],[112.9325536,33.2908753],[112.934224,33.3023385],[112.9346817,33.3043645],[112.9356001,33.3068895],[112.9365617,33.3086687],[112.9377037,33.3103663],[112.9397181,33.3127401],[112.9415131,33.3146377],[112.9426791,33.3162536],[112.9440176,33.318273],[112.9451433,33.3205668],[112.9459199,33.3227765],[112.9462941,33.3245473],[112.9472736,33.3367254],[112.9475644,33.3389044],[112.9477059,33.3416311],[112.9475763,33.344416],[112.9471698,33.346744],[112.9466541,33.348647],[112.9452987,33.3524958],[112.9430981,33.3584893],[112.9424353,33.3604909],[112.9418981,33.3623125],[112.9413194,33.3646097],[112.9403522,33.3697103],[112.9400356,33.3717046],[112.9394504,33.3749475],[112.9392499,33.3769006],[112.93881,33.3787892],[112.9381464,33.3806863],[112.9363293,33.3842789],[112.932951,33.3886579],[112.9316387,33.390562],[112.9301055,33.3939962],[112.9294148,33.397075],[112.9293181,33.3994292],[112.9298102,33.4028722],[112.9307753,33.4057267],[112.9325476,33.4086255],[112.934388,33.4112844],[112.9365429,33.4131098],[112.9382084,33.4138406],[112.9405419,33.415128],[112.9429044,33.4161452],[112.9453383,33.4172292],[112.948158,33.4188037],[112.9510257,33.4210179],[112.9525869,33.4226041],[112.9540386,33.4243063],[112.9582516,33.4313285],[112.9602766,33.4347336],[112.961371,33.4370866],[112.9619452,33.4388637],[112.9623892,33.4409122],[112.9626675,33.4430064],[112.9632886,33.445624],[112.9641328,33.4481152],[112.9649453,33.4497904],[112.9666043,33.4525754],[112.9681286,33.4550311],[112.9699793,33.4582468],[112.9711139,33.460037],[112.9722458,33.4616257],[112.9746062,33.4639394],[112.9764676,33.4655796],[112.9781574,33.4668505],[112.9804829,33.4683339],[112.9827547,33.4695198],[112.9852357,33.4705647],[112.9872018,33.471227],[112.9896533,33.4719004],[112.9915979,33.4722875],[112.994087,33.4726298],[112.9967505,33.4728021],[113.0009347,33.4728714],[113.0043948,33.4731802],[113.0066183,33.4734688],[113.0084288,33.473829],[113.0120015,33.4747116],[113.0147964,33.4757889],[113.0164781,33.476601],[113.0186494,33.4779478],[113.0211183,33.4795239],[113.0238622,33.4810888],[113.026295,33.4823629],[113.0291784,33.4836056],[113.0344731,33.4852879],[113.0373216,33.4859444],[113.0412537,33.4869019],[113.0441773,33.4878783],[113.0469078,33.4890505],[113.0489717,33.4901633],[113.0514541,33.4918802],[113.0538172,33.4937278],[113.0593157,33.4987068],[113.0607051,33.4999034],[113.0622768,33.5011761],[113.0645835,33.5034015],[113.0664289,33.5047009],[113.0734576,33.5089525],[113.0749798,33.5099913],[113.0776593,33.5118866],[113.0803925,33.5141162],[113.0829138,33.5167013],[113.0850542,33.5194278],[113.0865481,33.521802],[113.0878061,33.5242818],[113.089048,33.5273227],[113.0897681,33.5291461],[113.0929184,33.537584],[113.0938397,33.5399315],[113.0950427,33.5431049],[113.0956154,33.5449425],[113.0961853,33.5475065],[113.0964267,33.5493239],[113.0964938,33.5526121],[113.0960941,33.5560656],[113.0955872,33.5582717],[113.0948791,33.5604398],[113.0938894,33.5627307],[113.0928648,33.5646394],[113.0919099,33.5662083],[113.0903837,33.5682533],[113.0889326,33.5699272],[113.084,33.5748482],[113.0829808,33.5764214],[113.082042,33.5780438],[113.0813339,33.5797287],[113.0807143,33.5826157],[113.08054,33.5847475],[113.0807653,33.5873215],[113.0815324,33.5900318],[113.0823492,33.5918896],[113.0849053,33.5977723],[113.0855021,33.599965],[113.085942,33.6021812],[113.0865052,33.6067854],[113.0868834,33.6088852],[113.0874842,33.6110922],[113.0881602,33.6129194],[113.0903046,33.6180759],[113.0910623,33.6198382],[113.0918656,33.6221889],[113.0927306,33.6247887],[113.0931652,33.6266781],[113.0935407,33.6294084],[113.0935675,33.6329537],[113.0929962,33.6369243],[113.0925328,33.6386839],[113.0919501,33.6404213],[113.0907351,33.6430986],[113.0882502,33.6475236],[113.0871315,33.6494634],[113.0862115,33.6513908],[113.0847591,33.6542492],[113.0838123,33.6567297],[113.0828252,33.6601544],[113.082152,33.6629495],[113.081633,33.6657645],[113.0809304,33.6693871],[113.0803817,33.6722382],[113.0789991,33.6787704],[113.077945,33.6842398],[113.0776285,33.686244],[113.0774957,33.6887615],[113.0773763,33.6909665],[113.077025,33.69895],[113.0766293,33.7012953],[113.0762418,33.7031217],[113.0755363,33.7053587],[113.0747665,33.7071917],[113.0737902,33.7090872],[113.0725658,33.7110406],[113.0707218,33.7135618],[113.0665885,33.71733845],[113.0642188,33.7189676],[113.0614883,33.7207981],[113.0598897,33.7217563],[113.0569983,33.7241824],[113.0549169,33.7265348],[113.0538493,33.7280093],[113.0523527,33.730665],[113.0514005,33.7330574],[113.050923,33.7348151],[113.0492547,33.7423607],[113.0485627,33.7444372],[113.0477782,33.7462995],[113.0467898,33.7481551],[113.0429468,33.75315955],[113.0411276,33.754763],[113.0388316,33.756518],[113.0361454,33.7581581],[113.0323192,33.7600257],[113.029165,33.7615398],[113.0267644,33.763259],[113.0243772,33.7649515],[113.022839,33.7659025],[113.0212417,33.7673808],[113.0188867,33.7695982],[113.0167007,33.771402],[113.0140561,33.7731455],[113.0107704,33.7748132],[113.0083054,33.7758388],[113.0057976,33.7766648],[113.0019857,33.7777091],[112.9984778,33.7785209],[112.99534,33.7792255],[112.9864843,33.781193],[112.9823809,33.782492],[112.979305,33.7837652],[112.9768953,33.7850998],[112.9745789,33.7865804],[112.9719291,33.7887596],[112.9704026,33.7903471],[112.9682309,33.7932166],[112.9667089,33.7957953],[112.9654382,33.7984512],[112.9642072,33.8024383],[112.96249,33.8083164],[112.9619066,33.8102233],[112.9597129,33.8175662],[112.9590803,33.8194775],[112.95793,33.8221259],[112.9566072,33.8243579],[112.9544135,33.8273815],[112.9492137,33.8344435],[112.947202,33.8371928],[112.9455122,33.83962],[112.94419,33.8419308],[112.9431519,33.8438963],[112.942094,33.8461562],[112.9384506,33.855841],[112.936841,33.8603051],[112.9350451,33.8655647],[112.9345388,33.8682485],[112.9343527,33.8707403],[112.9344568,33.8733995],[112.9348194,33.875689],[112.935621,33.8785877],[112.936761,33.8815484],[112.9382916,33.8842332],[112.9400206,33.8865505],[112.9415085,33.8882695],[112.943455,33.890628],[112.9454184,33.8933955],[112.9464577,33.895151],[112.9474377,33.897704],[112.9480167,33.9003863],[112.9481872,33.9027305],[112.9480207,33.9055058],[112.9471725,33.9101701],[112.9467741,33.9125862],[112.9467474,33.9166431],[112.9471122,33.9197842],[112.9475252,33.9226214],[112.9477326,33.9248405],[112.9477287,33.9268734],[112.9475382,33.9289027],[112.9468314,33.9322523],[112.9459682,33.934657],[112.9450499,33.9366282],[112.943691,33.9389318],[112.9411483,33.9428103],[112.9370209,33.95127195],[112.9361647,33.9540522],[112.9351111,33.9582214],[112.9334065,33.9697164],[112.9323587,33.9760331],[112.93156395,33.9829931],[112.9316676,33.9847957],[112.9336078,33.9922482],[112.93464,33.9942699],[112.9364767,33.9969029],[112.9378887,33.9983726],[112.9397244,34.0000828],[112.9424677,34.0021258],[112.9454939,34.0038676],[112.9496639,34.0061919],[112.9544099,34.0088697],[112.9594843,34.0117594],[112.9635498,34.0144844],[112.9653195,34.0158896],[112.9674446,34.0180027],[112.9695904,34.0208305],[112.971409,34.0236449],[112.9732275,34.0270105],[112.974413,34.0297269],[112.9756629,34.0335546],[112.9761511,34.0353506],[112.9769611,34.0401115],[112.9770788,34.0459017],[112.9773076,34.048092],[112.9781091,34.0519394],[112.9832169,34.0628138],[112.9844606,34.0655743],[112.9856139,34.0692448],[112.9862577,34.0720088],[112.9866278,34.0745282],[112.9868585,34.0772253],[112.9868692,34.0806377],[112.9863997,34.0842953],[112.98184286666667,34.09740566666667],[112.9807044,34.099459],[112.9785919,34.1027702],[112.972632,34.1102101],[112.9716772,34.1122931],[112.9702073,34.1159883],[112.9688287,34.1181023],[112.9651161,34.1219433],[112.9636627,34.1241509],[112.962563,34.1284761],[112.9621017,34.1313802],[112.9610127,34.1349457],[112.9608196,34.137077],[112.9611093,34.1390751],[112.9619193,34.142445],[112.964061,34.1513361],[112.9649059,34.154762],[112.9652648,34.1574686],[112.9653877,34.1594095],[112.9652628,34.1619465],[112.964613,34.1647353],[112.9641441,34.1667772],[112.9639918,34.1688793],[112.964157,34.1707619],[112.9650218,34.1734818],[112.9661701,34.1756892],[112.9676919,34.1773654],[112.969623,34.1786678],[112.9723422,34.1796597],[112.9741375,34.1799479],[112.9789146,34.179714],[112.9813201,34.1797266],[112.9835893,34.1800231],[112.9855936,34.1805392],[112.9878024,34.1814281],[112.9895804,34.1825783],[112.9910463,34.1837797],[112.9931582,34.1861394],[112.9943498,34.1881631],[112.9954508,34.1924157],[112.9953718,34.195205],[112.9943539,34.1990988],[112.9940772,34.2011294],[112.9944899,34.2032115],[112.9955327,34.2047306],[112.9974854,34.2072328],[112.9991001,34.2083818],[113.0064225,34.2123168],[113.0089993,34.2136114],[113.0109659,34.2153236],[113.0123482,34.2178219],[113.0136663,34.2205637],[113.0148692,34.2223214],[113.0166113,34.2239335],[113.018015,34.2259391],[113.0194882,34.2277351],[113.0211827,34.2292856],[113.0223387,34.2311062],[113.0240178,34.2326763],[113.0249029,34.2352929],[113.0245918,34.2371778],[113.0231219,34.239271],[113.0215126,34.2404462],[113.0198389,34.2418475],[113.018828,34.2435666],[113.0188053,34.2457664],[113.019163,34.247798],[113.0198456,34.2496373],[113.0202198,34.2514834],[113.0201501,34.2535053],[113.0195975,34.2559395],[113.0186319,34.2576687],[113.0173284,34.25942],[113.0164658,34.2618478],[113.0163595,34.2643099],[113.0167165,34.266875],[113.0180204,34.2692711],[113.0198926,34.2714477],[113.0220383,34.2732918],[113.0246025,34.2744843],[113.0262762,34.2755792],[113.0289348,34.276698],[113.0311954,34.2776892],[113.0328584,34.2789171],[113.0342156,34.2803399],[113.0353475,34.2820021],[113.03693,34.2833806],[113.0390167,34.2844444],[113.0405831,34.2854727],[113.0420691,34.2866162],[113.0444608,34.2892821],[113.0464554,34.2910557],[113.0479096,34.2923239],[113.049213,34.2937572],[113.0501353,34.2954109],[113.0506367,34.2973391],[113.0506478,34.2992411],[113.0500777,34.3012431],[113.0491529,34.3032999],[113.0484309,34.3054217],[113.0482489,34.3078573],[113.0487639,34.3100994],[113.0495149,34.311956],[113.0511349,34.3139631],[113.0532914,34.3156513],[113.0555338,34.3168874],[113.0579746,34.3175653],[113.0600613,34.3178843],[113.0621159,34.3179773],[113.0645192,34.3177913],[113.0684666,34.3176351],[113.0708063,34.3176318],[113.0728555,34.3180039],[113.0748671,34.318509],[113.0769217,34.3193287],[113.0790943,34.32068],[113.0807251,34.3222705],[113.081975,34.3242863],[113.0830049,34.3270551],[113.0831927,34.3290044],[113.0830103,34.3309004],[113.0828386,34.3328318],[113.0829406,34.3356845],[113.0832732,34.3376114],[113.0836058,34.3396578],[113.083697,34.3416023],[113.0835767,34.343987],[113.0830586,34.3461157],[113.0822647,34.3480734],[113.0811412,34.349922],[113.0797487,34.3517316],[113.0786598,34.3533791],[113.0778712,34.3558326],[113.0784107,34.3588129],[113.0792819,34.361438],[113.0804679,34.3641504],[113.0815418,34.3661174],[113.0825641,34.3677211],[113.0838047,34.3695193],[113.0852491,34.3710779],[113.0867771,34.3727267],[113.0902176,34.3752226],[113.0918934,34.376149],[113.0950451,34.3778788],[113.0966789,34.3789958],[113.0992639,34.3813604],[113.101224,34.3837177],[113.1035718,34.38933335],[113.1041936,34.3920116],[113.1048699,34.394178],[113.1058974,34.3963354],[113.1073937,34.3985544],[113.1090835,34.4004545],[113.1107599,34.4019387],[113.1126736,34.4032725],[113.1147601,34.4048544],[113.1160015,34.4064228],[113.1173426,34.4084897],[113.1182277,34.4105034],[113.1184155,34.4125481],[113.1186853,34.414985],[113.118985,34.4175768],[113.1200778,34.4211663],[113.120918,34.4229875],[113.1221276,34.4247706],[113.1237262,34.4269742],[113.1257538,34.4294839],[113.127034,34.4311981],[113.1289459,34.4335524],[113.130496,34.43536],[113.1331426,34.4373089],[113.1353232,34.4384422],[113.1374652,34.4392479],[113.1390896,34.4400474],[113.1407481,34.4410721],[113.1427565,34.4425725],[113.1440708,34.4438112],[113.145487,34.4454348],[113.1461549,34.4485447],[113.1443444,34.4499204],[113.1424427,34.4501836],[113.1402433,34.4514621],[113.1259338,34.4689331],[113.1251398,34.4706005],[113.1243302,34.4723232],[113.1234973,34.4743893],[113.1227193,34.4763936],[113.1219702,34.4788501],[113.1209406,34.4817436],[113.1198941,34.4850294],[113.1195992,34.4874574],[113.1199155,34.4913253],[113.1207592,34.4943934],[113.1218453,34.4966445],[113.1234904,34.4990606],[113.1252955,34.5011922],[113.131579775,34.506395149999996],[113.1333473,34.5079613],[113.1352541,34.5095758],[113.1371502,34.5120199],[113.1385724,34.5138765],[113.1399626,34.5158485],[113.1414178,34.5179475],[113.1424857,34.5196321],[113.1436274,34.5218021],[113.144442,34.5245517],[113.1446432,34.5271634],[113.1443635,34.5296528],[113.1437482,34.531989],[113.142694,34.5358938],[113.1411848,34.5400665],[113.139146,34.5428901],[113.1370248,34.5451799],[113.1359558,34.5466399],[113.134421,34.549735],[113.1328507,34.5531742],[113.1313231,34.5559778],[113.1306445,34.5591717],[113.130421,34.560961],[113.1310272,34.563616],[113.1313741,34.5654137],[113.1320399,34.5682201],[113.1320536,34.5713547],[113.1314079,34.5737583],[113.1306067,34.5757653],[113.1296813,34.5774007],[113.12844,34.5789245],[113.1145918,34.591302],[113.1133758,34.5930666],[113.111838,34.5951972],[113.1105103,34.5971031],[113.1092372,34.598931],[113.1080468,34.6004861],[113.1065346,34.6020362],[113.1047736,34.6033493],[113.1020495,34.6048281],[113.1003036,34.6056503],[113.0986239,34.6064777],[113.0967646,34.6074136],[113.0946627,34.6088045],[113.0933141,34.6101002],[113.0917963,34.6121853],[113.0908822,34.6144143],[113.0897228,34.6169096],[113.0878298,34.6194835],[113.0863577,34.6208415],[113.0836433,34.6224991],[113.0808109,34.6238897],[113.0791749,34.6246778],[113.0765516,34.62596],[113.074759,34.6267765],[113.0722537,34.6285872],[113.0706677,34.6301533],[113.0691576,34.6322388],[113.0676792,34.6340634],[113.0656671,34.6358915],[113.0640793,34.6370214],[113.062427,34.6380984],[113.0603242,34.639087],[113.0572557,34.6402522],[113.0553674,34.6406759],[113.0533371,34.6409842],[113.0503061,34.6412777],[113.0484675,34.6415698],[113.0466346,34.6414513],[113.0442256,34.6422029],[113.0415863,34.6433725],[113.0361763,34.6459489],[113.0338401,34.6469737],[113.0319702,34.6480572],[113.0300009,34.649571],[113.0277254,34.651954],[113.0238843,34.6558858],[113.0225599,34.6573815],[113.0205494,34.6600633],[113.0194449,34.6617931],[113.0170542,34.6653983],[113.0158566,34.6674868],[113.014934,34.6691354],[113.0131532,34.6716985],[113.0113133,34.6740194],[113.0100205,34.6756996],[113.008846,34.6775786],[113.0077636,34.680215],[113.0071732,34.682848],[113.0068967,34.6857711],[113.0063263,34.6887103],[113.0056719,34.6904556],[113.0046644,34.6923409],[113.0034133,34.6945863],[113.0029733,34.6964742],[113.0029281,34.6988447],[113.0035827,34.7009972],[113.0058284,34.7039753],[113.0079894,34.7054365],[113.0102182,34.7066843],[113.0131297,34.7083541],[113.0157859,34.7100857],[113.0178282,34.7117589],[113.0194309,34.7130041],[113.0211665,34.7143553],[113.023716,34.7163493],[113.0253399,34.7177333],[113.0274426,34.720248],[113.0282834,34.7219547],[113.0293965,34.7241965],[113.0302834,34.7258697],[113.0310795,34.7277416],[113.0324564,34.7311091],[113.0335929,34.7337058],[113.0347102,34.7361263],[113.0354094,34.7380921],[113.0357499,34.7409052],[113.0359075,34.7430179],[113.0363657,34.7447779],[113.0374545,34.7471044],[113.0389194,34.7492523],[113.0412169,34.7528375],[113.0421244,34.7554228],[113.04275104999999,34.76192905],[113.0424213,34.7642046],[113.0419664,34.7664039],[113.0418697,34.7682614],[113.0423195,34.771798],[113.0426153,34.7744552],[113.0428476,34.7768113],[113.0431777,34.7788145],[113.0428142,34.7814944],[113.0419903,34.7839419],[113.0404156,34.7878366],[113.0395222,34.78991],[113.0388865,34.7925168],[113.0386059,34.7947056],[113.0387868,34.7964991],[113.0392366,34.7983399],[113.0400413,34.8001931]]}},{"type":"Feature","properties":{"level":"expressway","ref":"G55","name":"二广高速","routeKey":"expressway-G55","chainIndex":0,"sourceSegmentCount":724,"visualLengthKm":163.45,"sourceOsmCount":724},"geometry":{"type":"LineString","coordinates":[[112.3948732,32.9843715],[112.3953538,32.9867908],[112.3957669,32.9904309],[112.395889,32.9934388],[112.3957899,32.9967414],[112.3955239,32.9995771],[112.3947192,33.0038263],[112.3937754,33.0082503],[112.3931744,33.0112464],[112.3928842,33.0134559],[112.3926457,33.0156468],[112.3924836,33.0183218],[112.3924174,33.0209199],[112.3925396,33.0241623],[112.392753,33.0259786],[112.3931524,33.0286081],[112.3936193,33.0308487],[112.3943247,33.0334889],[112.395497,33.0370036],[112.3964607,33.0393023],[112.3981198,33.0432831],[112.3995848,33.046791],[112.4009362,33.0500809],[112.4017633,33.05199],[112.4032918,33.0557998],[112.4040505,33.0578723],[112.4049581,33.0608179],[112.4056817,33.0635791],[112.4065598,33.0676707],[112.4072111,33.0710077],[112.4078535,33.0746631],[112.4090902,33.0796981],[112.4100131,33.0828037],[112.4108548,33.0851854],[112.411918,33.0876846],[112.413247,33.0903074],[112.4150854,33.0938085],[112.4164027,33.0962761],[112.4179388,33.0991176],[112.4193628,33.1013936],[112.4208252,33.1034967],[112.4222103,33.1052882],[112.4243515,33.1078261],[112.440718325,33.131602275],[112.4418943,33.1339438],[112.4427655,33.1357677],[112.4441536,33.1390012],[112.4453423,33.1425251],[112.4458813,33.144491],[112.4464391,33.1468428],[112.4467894,33.14867],[112.447093,33.1520523],[112.4472923,33.1540613],[112.4472997,33.1667568],[112.4472997,33.1731657],[112.4474326,33.1751866],[112.4476578,33.1771178],[112.4485564,33.1816168],[112.4491254,33.1837578],[112.4498868,33.1868094],[112.4510931,33.1913891],[112.4514585,33.1940279],[112.4516569,33.1970511],[112.4515928,33.2020751],[112.4514747,33.2049663],[112.4514082,33.2082837],[112.4514327,33.2107518],[112.4520579,33.2135839],[112.452907,33.2166848],[112.4537856,33.2190814],[112.4550039,33.2223488],[112.4558234,33.2252888],[112.4564141,33.2285684],[112.4565425,33.2304671],[112.4565778,33.2322817],[112.4564695,33.2348629],[112.4559342,33.2408345],[112.4558549,33.2437536],[112.4560597,33.2476208],[112.4564289,33.2505044],[112.4571155,33.2537645],[112.4579868,33.257327],[112.4584593,33.2593026],[112.4587997,33.2618905],[112.4591181,33.2645349],[112.4592382,33.2663334],[112.459339,33.2700718],[112.4591547,33.2737409],[112.4592085,33.2755507],[112.4589563,33.2788907],[112.4586542,33.2810492],[112.4581508,33.2834722],[112.4573812,33.2861778],[112.4564894,33.2887871],[112.4555949,33.2907594],[112.4542715,33.2936751],[112.4535262,33.2953153],[112.4527063,33.2977445],[112.4521187,33.2999338],[112.4516562,33.3031607],[112.4515483,33.305],[112.4515874,33.3084372],[112.4515075,33.3109865],[112.4513026,33.3137244],[112.4506446,33.3169072],[112.4502479,33.3187808],[112.4495611,33.3212661],[112.449096,33.3234007],[112.4482437,33.3256742],[112.447636,33.3278009],[112.4467894,33.330603],[112.4461345,33.3329546],[112.4454418,33.3352243],[112.4447203,33.3373602],[112.4437365,33.3398641],[112.4426315,33.3423199],[112.4417928,33.3439637],[112.4408716,33.3459381],[112.439227,33.3490212],[112.4381227,33.3511077],[112.4371011,33.3530438],[112.4353413,33.3563733],[112.4344349,33.358075],[112.4332804,33.3602452],[112.4323068,33.3619796],[112.4315606,33.3637751],[112.4309034,33.3656295],[112.430356,33.3676164],[112.4299176,33.3697141],[112.4296395,33.371753],[112.4295008,33.3737803],[112.4296339,33.3765767],[112.4297107,33.3794984],[112.4297859,33.3822867],[112.4298915,33.3842546],[112.4300786,33.3861923],[112.4303774,33.3882357],[112.4307697,33.3901733],[112.4313762,33.3927432],[112.4318107,33.3946152],[112.4339272,33.4037378],[112.4347771,33.4063676],[112.4356914,33.4087355],[112.4367899,33.4110328],[112.4380814,33.4133527],[112.4392855,33.4151789],[112.4405348,33.4169119],[112.4424295,33.4196372],[112.4438415,33.4215083],[112.4457463,33.4239012],[112.4469443,33.4255081],[112.4482388,33.4272408],[112.4495183,33.4289357],[112.4507586,33.4305803],[112.4528388,33.4336839],[112.4537604,33.435267],[112.4545834,33.4371468],[112.4552655,33.4393506],[112.4556289,33.4413409],[112.4558066,33.4433383],[112.4559242,33.4452615],[112.4560713,33.4471485],[112.4566129,33.4498291],[112.4576662,33.4526358],[112.4584262,33.4542755],[112.459534,33.4566734],[112.4607072,33.4592169],[112.4616583,33.4612917],[112.4626133,33.463278],[112.463518,33.4654332],[112.4643002,33.4677714],[112.4647997,33.4700395],[112.4650515,33.4725356],[112.4650916,33.4750706],[112.4652181,33.4776888],[112.4657564,33.4797313],[112.4665328,33.4819359],[112.4674971,33.4837505],[112.4691204,33.4864518],[112.4701183,33.4881018],[112.470926,33.4900212],[112.4715499,33.4922067],[112.4718451,33.4942768],[112.4718044,33.4967682],[112.471579,33.4992415],[112.4710743,33.5023367],[112.4703866,33.5058967],[112.4700399,33.5080993],[112.469669,33.510538],[112.4697091,33.5129836],[112.4706302,33.5147271],[112.4716105,33.51797],[112.4721905,33.519799],[112.4729889,33.5223657],[112.4738674,33.5245841],[112.4746281,33.5270339],[112.4758985,33.5305232],[112.4761314,33.5323585],[112.4759353,33.5348407],[112.4752978,33.5369772],[112.4746207,33.539214],[112.4735918,33.5411299],[112.47157855,33.54629335],[112.4713268,33.5480989],[112.4731266,33.5523729],[112.4742298,33.5539254],[112.4747201,33.5559919],[112.4748194,33.5578717],[112.4747406,33.5604616],[112.475109,33.5648894],[112.4749,33.5673247],[112.4769534,33.5701997],[112.479523,33.5718446],[112.4813996,33.5729588],[112.4829821,33.5742215],[112.4846502,33.5763414],[112.486312,33.5780952],[112.4881225,33.5796264],[112.4891618,33.581565],[112.4899593,33.5834898],[112.4912477,33.585307],[112.4927559,33.5868087],[112.4940113,33.5881808],[112.4950562,33.5905462],[112.4960326,33.5934293],[112.4975104,33.5954899],[112.4988147,33.5982784],[112.4997808,33.5999099],[112.5012721,33.6014376],[112.5027011,33.603425],[112.503863,33.6048562],[112.5062691,33.6066975],[112.5081838,33.6087886],[112.5094125,33.611243],[112.5102686,33.6134314],[112.5114685,33.6154441],[112.5137849,33.6170648],[112.5156547,33.6184381],[112.5173126,33.6199853],[112.5188569,33.6213281],[112.5211006,33.6224217],[112.523527,33.6231711],[112.5266653,33.6242937],[112.5294014,33.6251847],[112.531489,33.6256119],[112.5338682,33.6265772],[112.5359246,33.6279052],[112.5382132,33.6288791],[112.5402304,33.6295257],[112.5425002,33.6302543],[112.5448569,33.6313535],[112.5468312,33.6327486],[112.5482809,33.6342423],[112.5508694,33.636761],[112.5524101,33.6382854],[112.5547669,33.639801],[112.5565491,33.640827],[112.5598364,33.6425231],[112.5620579,33.6436367],[112.5658143,33.6461423],[112.5681361,33.6472967],[112.5701177,33.6479868],[112.5737687,33.649067],[112.5755418,33.6496084],[112.5776313,33.6503685],[112.579961,33.6513913],[112.5833108,33.6532498],[112.5849907,33.6543777],[112.5877687,33.6565829],[112.59162627500001,33.659861449999994],[112.5938979,33.6617547],[112.5954707,33.6629077],[112.59699272499999,33.6640656],[112.60066265,33.6666188],[112.6022145,33.6678696],[112.6057087,33.670982],[112.6074595,33.672588],[112.6089882,33.6736428],[112.6126427,33.6751258],[112.6148647,33.6759124],[112.616648,33.6768258],[112.6190003,33.6788812],[112.6217574,33.6814105],[112.623495,33.683085],[112.6246688,33.6850456],[112.62591,33.688042],[112.627179,33.6899598],[112.6289037,33.6912828],[112.633361,33.694108],[112.6350535,33.6952369],[112.6364112,33.696472],[112.6377682,33.6981258],[112.6393766,33.7002147],[112.6412028,33.70233],[112.6430598,33.7039823],[112.6445927,33.7053188],[112.6462973,33.7069646],[112.6474103,33.7085248],[112.6484956,33.7102307],[112.6499161,33.7124992],[112.6509597,33.7141578],[112.6521075,33.7161777],[112.6534006,33.7182495],[112.6549325,33.7210773],[112.6557392,33.7231378],[112.6564617,33.7262754],[112.6572193,33.7296854],[112.6577892,33.7326963],[112.6579978,33.7347274],[112.657824,33.7368715],[112.6571363,33.739234],[112.6562799,33.7410883],[112.6556483,33.7428715],[112.6553977,33.7453694],[112.6552586,33.7483847],[112.6551716,33.7502538],[112.6554804,33.7526001],[112.6567392,33.754633],[112.6589576,33.7569635],[112.660414,33.7585729],[112.6613184,33.760285],[112.6623626,33.7632147],[112.6623088,33.765317],[112.6620566,33.7678673],[112.6609649,33.7745611],[112.6607333,33.7764906],[112.6602168,33.7787003],[112.660461,33.7807367],[112.6615127,33.7825389],[112.662963,33.7845079],[112.6657979,33.7872208],[112.6673805,33.7889159],[112.6684534,33.7904499],[112.6696321,33.7927839],[112.6704451,33.7951006],[112.6713238,33.7977521],[112.6720494,33.8007826],[112.6733914,33.8047889],[112.6741839,33.80712],[112.6748241,33.8092436],[112.6748011,33.8116768],[112.6746877,33.8137384],[112.6743793,33.8169851],[112.6743118,33.8202737],[112.6740635,33.8224367],[112.673969,33.8269406],[112.6736869,33.8298835],[112.6733964,33.8323313],[112.6725964,33.8346641],[112.6717926,33.8362764],[112.6708597,33.838098],[112.6700855,33.8398777],[112.6698773,33.8418033],[112.6696161,33.8442339],[112.6687997,33.8461579],[112.6677391,33.847645],[112.6664825,33.8490476],[112.6646956,33.8510323],[112.6633227,33.8525917],[112.6620116,33.8542446],[112.6609075,33.8557798],[112.659507,33.8579162],[112.6583232,33.859528],[112.6567467,33.8618407],[112.6556012,33.8638916],[112.6550378,33.8680124],[112.6545223,33.8697541],[112.6533679,33.8712246],[112.6518207,33.8727127],[112.6504427,33.8745697],[112.6479039,33.8823759],[112.6471281,33.8849861],[112.6467748,33.8874097],[112.6470781,33.8897814],[112.6478308,33.8927447],[112.6481141,33.8948999],[112.6477025,33.8971863],[112.6466037,33.898932],[112.6445026,33.9006253],[112.6417157,33.9019947],[112.6397429,33.9032351],[112.6375934,33.9050869],[112.6357016,33.9074778],[112.6328001,33.9108147],[112.6311387,33.912514],[112.6291032,33.9146203],[112.6276453,33.9165593],[112.6264307,33.9188943],[112.6249961,33.9222692],[112.6236537,33.9251024],[112.6229084,33.9271771],[112.6218719,33.9296138],[112.6199125,33.9323918],[112.6189094,33.934162],[112.6176776,33.9381388],[112.6170254,33.9406528],[112.6155391,33.9430696],[112.6133683,33.9452023],[112.6118311,33.9469339],[112.6091918,33.9496476],[112.6070234,33.9519105],[112.6054233,33.9546172],[112.6051977,33.9568956],[112.6056677,33.9587569],[112.6068688,33.9607675],[112.60838,33.9629519],[112.609533,33.9650675],[112.609993,33.9671171],[112.6098857,33.969102],[112.6092708,33.97155],[112.6077062,33.9771009],[112.6072338,33.9792799],[112.6071734,33.9812388],[112.608691,33.9870339],[112.6086762,33.9889441],[112.6070858,33.9918771],[112.6045817,33.9936221],[112.6025849,33.9950733],[112.6005979,33.996971],[112.5996614,33.9985582],[112.5993339,34.0010471],[112.5999117,34.0031328],[112.6006438,34.0051029],[112.6010652,34.0079292],[112.6008806,34.0101148],[112.5993863,34.0130383],[112.5975302,34.0164354],[112.5972757,34.0184949],[112.5978451,34.0208831],[112.5989534,34.0223747],[112.6016025,34.0244325],[112.6033626,34.0261675],[112.6045823,34.0277272],[112.6059589,34.0293302],[112.6075877,34.0308529],[112.6094913,34.0322467],[112.6117339,34.0337783],[112.6132001,34.0353814],[112.6140133,34.037153],[112.6142413,34.0396188],[112.6135944,34.0418956],[112.6130892,34.0442643],[112.6131139,34.0464441],[112.613194,34.0495375],[112.6132432,34.0517171],[112.6132114,34.0538618],[112.6132864,34.0562343],[112.6131816,34.0585567],[112.6127689,34.0617211],[112.6125032,34.0637739],[112.6122383,34.0659276],[112.611961,34.0679537],[112.6112394,34.0699208],[112.6101804,34.0714478],[112.6086831,34.0729775],[112.6045847,34.0759545],[112.6029057,34.0773407],[112.6018909,34.0789518],[112.6004291,34.081066],[112.598675,34.0839166],[112.5970406,34.0865687],[112.5955202,34.0890653],[112.5940362,34.0911632],[112.5928992,34.0925702],[112.5915575,34.0941106],[112.5902157,34.0956438],[112.5888522,34.0971806],[112.5876324,34.0985622],[112.5857907,34.1006642],[112.5840655,34.1026916],[112.58206185,34.106109000000004],[112.5816161,34.1078853],[112.5814005,34.1097063],[112.5815484,34.1119915],[112.5824248,34.1151608],[112.583192,34.1177525],[112.5838802,34.1199152],[112.5844963,34.1221235],[112.5848629,34.124875],[112.5848844,34.1267492],[112.5846779,34.1289412],[112.5842538,34.130935],[112.5834633,34.1335723],[112.5826316,34.1363566],[112.5817876,34.1391586],[112.5808512,34.1420064],[112.5799825,34.143944],[112.5786456,34.14619],[112.5775454,34.1476773],[112.5711517,34.1558936],[112.5690108,34.1591785],[112.5678526,34.1613196],[112.5660556,34.1652716],[112.5653655,34.1669954],[112.5646338,34.1689366],[112.5633709,34.1733596],[112.5629575,34.1752033],[112.5625522,34.17702],[112.5616737,34.1800079],[112.5609954,34.1821123],[112.5601296,34.1844111],[112.5593621,34.1863696],[112.5585411,34.1880572],[112.5570902,34.1906027],[112.5554052,34.1934258],[112.5541108,34.1955982],[112.5526431,34.1980614],[112.5509951,34.2008181],[112.5495165,34.2033912],[112.5479888,34.2062998],[112.5475785,34.2082313],[112.5466219,34.2107517],[112.5460731,34.2127727],[112.5453499,34.2158492],[112.5446558,34.2188494],[112.5442788,34.2215919],[112.5438807,34.2257373],[112.5431327,34.2280266],[112.5427475,34.2302683],[112.54217,34.2325402],[112.5413725,34.2345046],[112.5406341,34.2364909],[112.5402031,34.2385783],[112.5398802,34.2410496],[112.5395612,34.2435654],[112.5391677,34.2466153],[112.5388843,34.2487439],[112.538564,34.2510814],[112.5382553,34.2534646],[112.5378908,34.2552543],[112.537221,34.2578591],[112.5363684,34.2603472],[112.5350593,34.2633984],[112.5337532,34.2660307],[112.5326504,34.268831],[112.5321584,34.2712332],[112.5318056,34.2735048],[112.5316813,34.2754201],[112.5317597,34.277652],[112.5320821,34.2800169],[112.5327,34.2824705],[112.5332788,34.2846685],[112.5341288,34.2869409],[112.5350162,34.2890336],[112.5356783,34.2909016],[112.5364233,34.2931654],[112.5366876,34.2952808],[112.5364239,34.2975916],[112.5358756,34.2997088],[112.535039,34.3015613],[112.5340006,34.3031744],[112.5323626,34.3053803],[112.5314217,34.3072012],[112.5309799,34.3094609],[112.5311237,34.311332],[112.5317292,34.3131383],[112.5318643,34.3133974]]}},{"type":"Feature","properties":{"level":"expressway","ref":"G3511","name":"菏宝高速","routeKey":"expressway-G3511","chainIndex":0,"sourceSegmentCount":484,"visualLengthKm":226.55,"sourceOsmCount":484},"geometry":{"type":"LineString","coordinates":[[115.0720078,35.3305471],[115.0638579,35.3298445],[115.059657,35.3297931],[115.0499169,35.3301207],[115.0466272,35.3300494],[115.0437948,35.329856],[115.0411794,35.3295876],[115.0348293,35.3286963],[115.029221,35.3279252],[115.0241379,35.327531],[115.0190757,35.3274453],[115.0150218,35.3276681],[115.0108141,35.3281001],[115.0076055,35.3285873],[114.9964319,35.3306547],[114.9896774,35.3319879],[114.9859915,35.3324915],[114.9818335,35.3328618],[114.9762411,35.3331137],[114.9719378,35.3333062],[114.963531,35.3337358],[114.9595731,35.3340865],[114.9560456,35.3345302],[114.9533263,35.3349681],[114.9505907,35.3354857],[114.9462231,35.3364734],[114.9386012,35.3384016],[114.9340256,35.3395125],[114.9305961,35.3403191],[114.9282993,35.3407926],[114.9262543,35.3409344],[114.9243478,35.3408307],[114.9213881,35.3404308],[114.9188461,35.3397791],[114.9165039,35.3388164],[114.9143068,35.3373352],[114.9122732,35.3358095],[114.9100036,35.3340172],[114.9076613,35.3324175],[114.9060453,35.3314991],[114.9043586,35.3308278],[114.8992643,35.3293286],[114.8965279,35.3283625],[114.8932087,35.327021],[114.8914361,35.3264397],[114.8877723,35.3245237],[114.8812994,35.3209628],[114.8759546,35.3180955],[114.8707225,35.3152423],[114.8650913,35.3126014],[114.8601369,35.3105268],[114.8553387,35.3087921],[114.8468724,35.3058166],[114.8309347,35.3000712],[114.828094,35.2990096],[114.8238361,35.2972621],[114.816946,35.2940021],[114.8135225,35.2921743],[114.8059453,35.2876822],[114.7955252,35.2814526],[114.7887049,35.2773749],[114.7864717,35.2761127],[114.7829315,35.2743646],[114.7772134,35.2719754],[114.7686668,35.2691402],[114.7588932,35.2658541],[114.7554417,35.2647823],[114.7515893,35.2637055],[114.7486131,35.2630395],[114.7464266,35.2625861],[114.7418366,35.2618918],[114.7358891,35.2613629],[114.7322748,35.2612035],[114.7260478,35.261347475],[114.7224676,35.2612878],[114.7150684,35.2614431],[114.7105068,35.2615112],[114.7023191,35.2616335],[114.6968893,35.2615333],[114.692784,35.2613337],[114.6867879,35.2607361],[114.6723014,35.2587224],[114.668045,35.2583868],[114.6645937,35.2582351],[114.6625162,35.2582075],[114.6583104,35.2582995],[114.6519571,35.2586828],[114.63144137499998,35.257356725],[114.6270948,35.256547],[114.6234789,35.2561228],[114.6212568,35.2556378],[114.6189498,35.255279],[114.6162342,35.2549042],[114.6132462,35.2544454],[114.6089881,35.2537916],[114.6068092,35.2534284],[114.6033523,35.252964],[114.5994152,35.2525993],[114.5966524,35.2523939],[114.5919906,35.2522514],[114.5898455,35.252256],[114.5874583,35.2523112],[114.5856566,35.2523871],[114.5831999,35.2525283],[114.5805776,35.2527511],[114.5740561,35.2537136],[114.5693516,35.2543985],[114.5655148,35.255124],[114.5582151,35.256449],[114.5424444,35.2594314],[114.5376249,35.2602773],[114.532873,35.2611738],[114.5303113,35.2615921],[114.5282067,35.2617501],[114.5262469,35.2619428],[114.5239865,35.2621125],[114.5218083,35.2622159],[114.5194122,35.2622538],[114.5166673,35.2622021],[114.5138527,35.2620365],[114.5113865,35.2618089],[114.5085779,35.2614365],[114.5067478,35.2611293],[114.4947752,35.2589438],[114.492881,35.2586012],[114.4891357,35.2579882],[114.48491,35.2574443],[114.4817686,35.2571635],[114.4790695,35.2570041],[114.4760829,35.2569001],[114.4739191,35.2568794],[114.4716579,35.2568932],[114.4691926,35.2569625],[114.4673384,35.2570595],[114.4567192,35.2577167],[114.4536255,35.2579069],[114.4500217,35.2581284],[114.4439018,35.2586351],[114.4315088,35.259396],[114.4217307,35.2598711],[114.4168413,35.2601677],[114.4127706,35.2604222],[114.4022136,35.2610821],[114.3995257,35.2613351],[114.397537,35.2613866],[114.3953293,35.2613919],[114.3929952,35.2613484],[114.3896864,35.2612408],[114.3871343,35.2610665],[114.3847973,35.2608579],[114.3828315,35.2606538],[114.3712413,35.2590678],[114.361272,35.2578039],[114.3570624,35.2572549],[114.3550943,35.2570387],[114.3532484,35.2568606],[114.3510798,35.2566893],[114.348413,35.2565565],[114.3458155,35.2566051],[114.3439693,35.2565903],[114.3418383,35.2566084],[114.3380888,35.2567511],[114.335854,35.2569109],[114.3336964,35.2570933],[114.3308348,35.2574105],[114.3284604,35.2577382],[114.3261456,35.258108],[114.3232228,35.258637],[114.3169815,35.2599519],[114.3150202,35.2603606],[114.305258,35.2623013],[114.2995193,35.263533],[114.2838145,35.2669035],[114.2818921,35.2672909],[114.2799984,35.2676259],[114.276603,35.2682597],[114.2731854,35.26853],[114.2713155,35.2686777],[114.2690757,35.2688312],[114.2669914,35.2690458],[114.2631047,35.2690601],[114.2551227,35.2689384],[114.2471725,35.2687457],[114.2437916,35.2686914],[114.2415737,35.2685553],[114.2396924,35.2685868],[114.2376068,35.2687966],[114.2346565,35.269004],[114.2316478,35.2693065],[114.2265664,35.2699846],[114.223127,35.2706604],[114.2209343,35.2709914],[114.2177971,35.2717925],[114.2141632,35.2728704],[114.2111471,35.2738889],[114.2092696,35.2746108],[114.2064595,35.275748],[114.1938258,35.2811669],[114.1727979,35.2901348],[114.1685585,35.2918551],[114.1651184,35.2930514],[114.1613271,35.2942378],[114.1568007,35.2954424],[114.1534746,35.296316],[114.1492202,35.2970579],[114.1379104,35.2987075],[114.1243727,35.3004934],[114.122549,35.3007526],[114.10325085,35.30358285],[114.0987033,35.3043519],[114.0952588,35.3051296],[114.083766,35.3082861],[114.0780223,35.3098292],[114.0730546,35.3113528],[114.0710433,35.3121346],[114.0682535,35.3132165],[114.0652506,35.3143295],[114.0635668,35.3152575],[114.0616061,35.3160729],[114.0582591,35.3171564],[114.0548759,35.3182397],[114.046455,35.3207298],[114.0363762,35.3238156],[114.0156088,35.329904],[114.0094232,35.3316801],[114.0060386,35.33307],[114.0030729,35.3342538],[114.0001415,35.3355397],[113.997798,35.3365041],[113.9960484,35.3373976],[113.9938665,35.3385202],[113.9899084,35.340761],[113.987358,35.3421614],[113.9817651,35.3452156],[113.9788749,35.3466629],[113.9753571,35.3482263],[113.9708485,35.3499565],[113.9668553,35.3512374],[113.9636234,35.3521336],[113.9592538,35.3531191],[113.9554351,35.3537887],[113.9526014,35.3542071],[113.9458342,35.3552857],[113.9360277,35.3567339],[113.9337729,35.3569632],[113.9309273,35.3573546],[113.9282283,35.3577731],[113.9255821,35.3582554],[113.9214478,35.3592101],[113.9195586,35.3596663],[113.9154329,35.3606623],[113.9111128,35.3618799],[113.9086533,35.3627864],[113.9066134,35.363496],[113.9015292,35.3654701],[113.8981885,35.3669443],[113.8942873,35.3687542],[113.891969,35.3698175],[113.8877817,35.371763],[113.8854589,35.3728248],[113.8827939,35.3740478],[113.8805609,35.3750516],[113.8768395,35.3767843],[113.8741607,35.3780324],[113.8721515,35.3787865],[113.8685798,35.3801386],[113.8660923,35.3808146],[113.8639846,35.3812706],[113.8620144,35.38173],[113.8584745,35.382406],[113.8558275,35.382744],[113.8535952,35.383056],[113.8502466,35.383264],[113.8475161,35.3833888],[113.8437417,35.3834795],[113.8406516,35.3831597],[113.8374265,35.382848],[113.8333445,35.382224],[113.8292944,35.381392],[113.8250529,35.3802479],[113.8212579,35.3789218],[113.8190825,35.3780589],[113.8166289,35.3772613],[113.8146045,35.3765503],[113.8127868,35.3760042],[113.8081466,35.3748211],[113.8059781,35.374314],[113.8033949,35.373976],[113.8011944,35.373651],[113.7993926,35.3734299],[113.7955817,35.3731439],[113.7935332,35.3730659],[113.783701375,35.37240475],[113.7803419,35.371862],[113.7771369,35.3712509],[113.7736846,35.3705549],[113.7718865,35.3700502],[113.7700225,35.3693395],[113.7676913,35.3685275],[113.764714,35.3674914],[113.7625103,35.3665265],[113.7603827,35.3654815],[113.7580167,35.3640357],[113.7561209,35.3630071],[113.7528839,35.3608485],[113.750237,35.3588719],[113.7479887,35.3569602],[113.7439226,35.3532799],[113.7398384,35.3495511],[113.7362018,35.3462308],[113.7318645,35.3423648],[113.7284993,35.3397351],[113.7239141,35.3365113],[113.7166882,35.332221849999996],[113.7131439,35.3306556],[113.7102737,35.3293547],[113.7071647,35.3281058],[113.6948903,35.32451895],[113.688331,35.3235055],[113.6815066,35.3222865],[113.6756514,35.3214299],[113.6712096,35.3207709],[113.664991,35.3197166],[113.6598222,35.318827],[113.6549362,35.3176079],[113.6512843,35.3164742],[113.6461043,35.3147747],[113.6433183,35.313702],[113.6407655,35.3128877],[113.6381487,35.3119833],[113.6335407,35.3104678],[113.6289561,35.308941],[113.6256998,35.3078359],[113.6232819,35.3069057],[113.6212015,35.3060631],[113.6194349,35.3052954],[113.6158966,35.3036257],[113.6138262,35.302527],[113.6122483,35.3016532],[113.6094228,35.2999808],[113.6077546,35.2989026],[113.6054809,35.2973596],[113.6037648,35.2961077],[113.6021072,35.2948205],[113.600147,35.2934062],[113.5987406,35.2921776],[113.5973169,35.2908877],[113.5944292,35.2880127],[113.5918096,35.2851749],[113.5856067,35.2788906],[113.5813668,35.2751325],[113.57908543333333,35.27360478333333],[113.5731996,35.269971749999996],[113.569293,35.2679785],[113.5674454,35.2671722],[113.5641064,35.2658866],[113.5572237,35.2632746],[113.5505495,35.2607477],[113.5477436,35.2596774],[113.5447208,35.2585222],[113.5425971,35.2576328],[113.5394573,35.2561347],[113.5377557,35.2552735],[113.5349349,35.2536481],[113.5317707,35.2516824],[113.5295263,35.2500842],[113.527086,35.2482201],[113.5246602,35.2461582],[113.5197056,35.2412361],[113.5181028,35.2393444],[113.514825125,35.23501605],[113.5127339,35.232153],[113.5107573,35.2297171],[113.5094568,35.2282571],[113.5072361,35.2259003],[113.50106782499999,35.2204625],[113.4994565,35.2190701],[113.4977357,35.2178042],[113.4959632,35.2165544],[113.4937298,35.2150549],[113.4911781,35.2134997],[113.488976,35.2122253],[113.4857976,35.2105632],[113.4838052,35.2095487],[113.4820564,35.208768],[113.479123,35.2075564],[113.477335,35.2069141],[113.4754014,35.2061972],[113.4724646,35.2050456],[113.4687873,35.2039283],[113.4667988,35.2033876],[113.4626126,35.2024118],[113.4575647,35.2015432],[113.4538448,35.2009574],[113.4510989,35.2006275],[113.4471012,35.2003965],[113.4382148,35.1996613],[113.4286069,35.1989446],[113.4259821,35.1987796],[113.4226709,35.1982187],[113.4171792,35.1972947],[113.4110009,35.1958758],[113.4058322,35.1941929],[113.4039287,35.1935448],[113.3969081,35.1906289],[113.3918201,35.1881868],[113.390003,35.1873618],[113.3850766,35.1850186],[113.3816038,35.1837975],[113.3767985,35.1823453],[113.372074,35.1807281],[113.3665141,35.17851425],[113.3617325,35.1763313],[113.354262,35.1723705],[113.3502374,35.1697161],[113.3362564,35.1606258],[113.3312896,35.1573574],[113.328201,35.1554571],[113.3253535,35.1539254],[113.3220221,35.1522109],[113.3188542,35.1507968],[113.3147101,35.1489672],[113.3108365,35.1476449],[113.3082269,35.1467567],[113.3054869,35.1459036],[113.298088825,35.143860575],[113.2956116,35.1432636],[113.292042,35.1426543],[113.2874711,35.1419803],[113.2838743,35.1415514],[113.2797156,35.1411531],[113.2776152,35.1410622],[113.2733504,35.1407829],[113.2711466,35.1407948],[113.2672018,35.1409387],[113.2598503,35.1410906],[113.2580554,35.1413183],[113.2521404,35.1415208],[113.2501301,35.1415574],[113.2479568,35.1415314],[113.2455072,35.1414011],[113.2430472,35.14109],[113.2399265,35.1407882],[113.2371998,35.1403621],[113.23474970000001,35.139932075],[113.22888168333333,35.13863176666666],[113.2257153,35.1378707],[113.2142143,35.1352185],[113.2076176,35.1336153],[113.2031267,35.132755],[113.2010531,35.1323059],[113.1950788,35.1307791],[113.1932502,35.1303554],[113.187611,35.1290486],[113.1815123,35.1276235],[113.1772847,35.1263786],[113.1742976,35.1254116],[113.1706533,35.1240762],[113.1681948,35.1232971],[113.1647098,35.1219228],[113.1601046,35.1203957],[113.157242,35.1195813],[113.1535081,35.1186141],[113.1483366,35.1175714],[113.1431881,35.1169235],[113.1390517,35.1165275],[113.1356633,35.1164555],[113.131923,35.1163835],[113.1291178,35.1164687],[113.1262615,35.1166325],[113.1199978,35.1172474],[113.1174673,35.1175392],[113.1153018,35.1177297],[113.1113729,35.1180033],[113.1075891,35.1180321],[113.1055092,35.1178602],[113.1033128,35.1177669],[113.100428,35.1175777],[113.0985958,35.1174163],[113.0958394,35.1172474],[113.0934724,35.116863],[113.0911395,35.1164612],[113.0880983,35.1158269],[113.0861494,35.1153768],[113.07245165,35.110723449999995],[113.0686024,35.1089934],[113.0659604,35.1077443],[113.0630121,35.1065563],[113.0581716,35.1047923],[113.0542843,35.1037357],[113.0496389,35.1026512],[113.0447104,35.1018951],[113.0401779,35.1016071],[113.0359975,35.1015711],[113.0319491,35.1016431],[113.0287368,35.1015711],[113.0264485,35.1013911],[113.0232362,35.1009591],[113.0190118,35.1001671],[113.0156675,35.099231],[113.0132032,35.0982229],[113.0104309,35.0972868],[113.0077027,35.0959547],[113.0059425,35.0949106],[113.0022461,35.0925343],[112.9994738,35.0902659],[112.9945627,35.0858012],[112.9866976,35.0789841],[112.9811387,35.0740762],[112.9738988,35.0675456],[112.971923,35.065939],[112.9685825,35.0638069],[112.9655106,35.0616543],[112.9597053,35.0585054],[112.9546834,35.0562977],[112.9473366,35.0538997],[112.9385483,35.0514255],[112.9349792,35.0503582],[112.9309648,35.0493809],[112.9281749,35.0489241],[112.9249665,35.0485815],[112.9208746,35.048277],[112.9179452,35.0481628],[112.9156968,35.0483469],[112.90171826666665,35.050167466666664],[112.8964144,35.0509842],[112.8907443,35.0516902],[112.8741008,35.0541281],[112.8604766,35.0561835],[112.8505258,35.0575919],[112.8460155,35.0583531],[112.8401101,35.0598376],[112.8361577,35.0609455],[112.8309963,35.062578],[112.8272764,35.0637198],[112.8209525,35.0647093],[112.8138847,35.0656227],[112.8097463,35.0657369],[112.8047298,35.065573],[112.8014939,35.0653201],[112.7993104,35.0650708],[112.7971508,35.0649799],[112.791968,35.0647724],[112.7875626,35.0648052],[112.7815553,35.0653297],[112.7716231,35.0667392],[112.7687968,35.0672101]]}},{"type":"Feature","properties":{"level":"expressway","ref":"G3031","name":"商固高速","routeKey":"expressway-G3031","chainIndex":0,"sourceSegmentCount":465,"visualLengthKm":172.67,"sourceOsmCount":465},"geometry":{"type":"LineString","coordinates":[[115.1848588,34.5540191],[115.1833422,34.5514358],[115.1823566,34.5493621],[115.1809336,34.5464405],[115.1802993,34.544563],[115.1788133,34.5384585],[115.1784325,34.535427],[115.1782823,34.5315647],[115.1785398,34.528438],[115.1787726,34.5262717],[115.1790065,34.5228295],[115.1790973,34.5207402],[115.1789823,34.5170947],[115.1786014,34.513921],[115.1782044,34.511784],[115.1774105,34.5083956],[115.1770556,34.5065703],[115.176917,34.5044789],[115.1767826,34.5014205],[115.1768821,34.4992977],[115.1772094,34.4966318],[115.1779491,34.4933365],[115.1785183,34.4904464],[115.178883,34.4882524],[115.1790651,34.4860247],[115.1790789,34.4838073],[115.1786674,34.480304],[115.1778134,34.4768867],[115.1769994,34.4747091],[115.1754289,34.4713056],[115.1745325,34.4690614],[115.1737493,34.4664874],[115.1734382,34.4643579],[115.1731083,34.4603175],[115.1732484,34.4570666],[115.1731907,34.4545106],[115.1729237,34.4514923],[115.1724219,34.4495131],[115.1716412,34.4467288],[115.170817,34.4436706],[115.1701948,34.440712],[115.1700881,34.437633],[115.1706192,34.432525],[115.1708123,34.4298061],[115.1706004,34.4259388],[115.1702109,34.4238177],[115.1697233,34.4218413],[115.1691064,34.4199716],[115.1681542,34.4178232],[115.1665487,34.4138174],[115.1655948,34.4107265],[115.16429919999999,34.395999149999994],[115.1644206,34.3920174],[115.1643026,34.3893902],[115.1638545,34.3858195],[115.1633336,34.3832431],[115.1628462,34.3812283],[115.1619315,34.3782516],[115.1612959,34.3764943],[115.1594318,34.3724608],[115.1574978,34.3688184],[115.1563073,34.3670834],[115.1544002,34.3646229],[115.152528,34.3624638],[115.1506356,34.3603995],[115.1492163,34.3586922],[115.1472386,34.3562585],[115.145731,34.3541099],[115.1436375,34.3505184],[115.142809,34.3488326],[115.1420085,34.3470616],[115.1413018,34.3453115],[115.1405853,34.3433137],[115.1400176,34.341394],[115.1394904,34.3390724],[115.1390523,34.3370754],[115.13868339999999,34.31629425],[115.1382074,34.3131324],[115.1376588,34.3105386],[115.1370808,34.3081209],[115.1364613,34.3038575],[115.1364237,34.3009356],[115.1369153,34.2975634],[115.1375236,34.2953852],[115.138213,34.2929624],[115.1388495,34.2904421],[115.1394187,34.2873768],[115.13971,34.2848161],[115.1396799,34.2808297],[115.1394408,34.277048],[115.1391783,34.2739435],[115.138614,34.2713952],[115.1380062,34.2691758],[115.1373088,34.2671343],[115.134975,34.2611729],[115.1337413,34.2566015],[115.1330414,34.2524056],[115.1328,34.2482398],[115.132859,34.2454151],[115.1330736,34.2431912],[115.1333901,34.2408586],[115.1339775,34.2381024],[115.134632,34.2356788],[115.1356995,34.2325033],[115.1369823,34.2287566],[115.1387768,34.2234474],[115.1402602,34.2190057],[115.1408983,34.2165369],[115.141315,34.2144105],[115.1416916,34.2113807],[115.1419259,34.2086113],[115.1420871,34.2052778],[115.1422106,34.2025029],[115.142346,34.1994598],[115.1426518,34.1940426],[115.1431228,34.1910232],[115.1438916,34.187813],[115.1449746,34.1847792],[115.1463854,34.1816973],[115.1498042,34.1761428],[115.1517438,34.1728229],[115.153903,34.1676335],[115.1553572,34.1643241],[115.1565349,34.1619735],[115.158155,34.1592037],[115.1610008,34.1543606],[115.1630538,34.1508274],[115.164603,34.1474751],[115.1659166,34.1439359],[115.1667431,34.1401632],[115.1673031,34.1382349],[115.1678565,34.1344373],[115.1685321,34.1304759],[115.1689911,34.1282008],[115.1696992,34.1255186],[115.1706648,34.1225966],[115.1716689,34.1201805],[115.1727865,34.1177993],[115.1742724,34.1150756],[115.1783413,34.1086999],[115.1816753,34.1035364],[115.1831853,34.1012466],[115.1953144,34.084638999999996],[115.1993161,34.0804022],[115.2020681,34.0774075],[115.2045102,34.0745219],[115.2059902,34.0723973],[115.2072447,34.0700536],[115.2084569,34.0674368],[115.2093657,34.0650833],[115.2102609,34.0618054],[115.2106929,34.0593328],[115.2110803,34.0565172],[115.2110411,34.0535494],[115.2108818,34.0510194],[115.2106002,34.0465435],[115.2108014,34.0437921],[115.2111377,34.0416069],[115.211526,34.0395033],[115.2122259,34.0366679],[115.2129556,34.0345071],[115.2144053,34.0311106],[115.2154066,34.02937],[115.2165524,34.0273751],[115.2180872,34.0250264],[115.2200579,34.022432],[115.221962,34.0198317],[115.2241067,34.0168064],[115.2253477,34.0143885],[115.2260385,34.0125335],[115.2265483,34.0105993],[115.2268722,34.0087017],[115.2269719,34.006392],[115.2267429,34.0038866],[115.226401,34.0019157],[115.2260265,34.0001416],[115.2252082,33.9981657],[115.2229863,33.9938674],[115.2203917,33.9889795],[115.2187052,33.985104],[115.217956,33.9828361],[115.2173891,33.9805761],[115.2169605,33.9781729],[115.216743,33.9759818],[115.2166817,33.9734195],[115.2167905,33.9710579],[115.2170331,33.969123],[115.2175524,33.9664243],[115.2184458,33.9634192],[115.2195613,33.9606134],[115.2205048,33.9586514],[115.2219717,33.9561475],[115.224242,33.9529635],[115.2269558,33.9495275],[115.228601,33.9469774],[115.2296021,33.9450332],[115.2302847,33.9433553],[115.2308535,33.9415715],[115.2312119,33.9393816],[115.2314747,33.9373996],[115.2315155,33.9342479],[115.2313997,33.9312545],[115.2314702,33.9287436],[115.2317908,33.9262169],[115.2323846,33.9235855],[115.232967,33.9218016],[115.2336853,33.9199701],[115.2353086,33.9162661],[115.2361248,33.9136147],[115.236511,33.910855],[115.2364635,33.908645],[115.2362459,33.9067881],[115.2354515,33.9040965],[115.2342848,33.901607],[115.2328509,33.8994186],[115.2305269,33.8964856],[115.2291497,33.8945658],[115.2280489,33.8921869],[115.2271114,33.8896584],[115.2262949,33.8856477],[115.2246577,33.8769818],[115.2234316,33.870521],[115.2225686,33.8658042],[115.2219347,33.8625403],[115.2210842,33.8596171],[115.2201838,33.8574763],[115.2191769,33.8551901],[115.2178346,33.8526782],[115.2161314,33.8499792],[115.2136416,33.846656],[115.2120487,33.8444347],[115.2109826,33.842843],[115.2098256,33.8408569],[115.20893,33.8391918],[115.2077868,33.8367678],[115.2066472,33.8341694],[115.2057783,33.8323981],[115.2045876,33.8300568],[115.2025648,33.8269794],[115.2014056,33.8254462],[115.200067,33.8238412],[115.1983225,33.8218598],[115.196625,33.819869],[115.1951237,33.8178719],[115.1935916,33.8155772],[115.19005709999999,33.80922445],[115.1888284,33.80708],[115.1866258,33.8029301],[115.1847099,33.7993762],[115.1830559,33.7965687],[115.1820083,33.7950047],[115.1797005,33.7918668],[115.1775681,33.7892631],[115.175445,33.7869839],[115.1735367,33.7851263],[115.1720081,33.7836843],[115.1702004,33.782197],[115.1657517,33.7786965],[115.1640991,33.7774011],[115.1616638,33.7755109],[115.1580969,33.7729081],[115.1553768,33.7711185],[115.153267,33.7698529],[115.1515722,33.7687587],[115.148875,33.7673714],[115.1467343,33.7661758],[115.1439781,33.764487],[115.1414579,33.7627475],[115.1383796,33.7604874],[115.1368803,33.7591886],[115.1355005,33.7577169],[115.1341178,33.7563253],[115.1323407,33.7543689],[115.1307899,33.7524897],[115.1291463,33.7502573],[115.1277581,33.7480714],[115.1260417,33.7452211],[115.1246558,33.7431152],[115.1235407,33.7416212],[115.1221065,33.7399589],[115.1207215,33.7385537],[115.1193429,33.7372777],[115.1138989,33.7330754],[115.10749042500001,33.726535575],[115.1056581,33.7243079],[115.104187,33.7221783],[115.1029294,33.7201792],[115.1016509,33.7179101],[115.0995162,33.7130552],[115.0987339,33.7109014],[115.0981273,33.7086739],[115.0975673,33.706239],[115.0972587,33.7044249],[115.0962532,33.7001517],[115.0954121,33.6973765],[115.0934431,33.6925709],[115.0923536,33.6889556],[115.0916532,33.6868023],[115.0912558,33.6848605],[115.0910232,33.6823979],[115.0907894,33.6801008],[115.0905539,33.6780224],[115.0907001,33.6755494],[115.0908499,33.6735476],[115.0911151,33.6712371],[115.0914008,33.6684757],[115.0915162,33.6654416],[115.0913749,33.6617119],[115.0911238,33.6588884],[115.0906965,33.6561343],[115.0898801,33.6523775],[115.0895099,33.6505212],[115.0891858,33.6484501],[115.0888715,33.6465519],[115.0887596,33.6445327],[115.0887394,33.6413199],[115.0888752,33.6393052],[115.0892083,33.6369061],[115.0897604,33.6344512],[115.0901987,33.6326692],[115.0910583,33.6289258],[115.0916378,33.6258442],[115.0918689,33.6239668],[115.092182,33.621631],[115.0922188,33.6193379],[115.0921496,33.6172636],[115.0920598,33.6144415],[115.092232,33.6104361],[115.092629,33.6072851],[115.093716,33.599933],[115.0938164,33.5963245],[115.0939107,33.5932772],[115.0941996,33.5904354],[115.0946329,33.5877763],[115.0951487,33.5854289],[115.095703,33.5833805],[115.0963278,33.5815292],[115.0969927,33.5796107],[115.0978582,33.5778302],[115.0992298,33.5750116],[115.1002709,33.5730121],[115.1019801,33.5702449],[115.1030231,33.5687127],[115.1049145,33.5662163],[115.1062703,33.5645653],[115.1094281,33.561123],[115.1118301,33.5584933],[115.1144899,33.5556274],[115.1157492,33.554226],[115.1175892,33.5518208],[115.1185723,33.5502114],[115.1195446,33.5482934],[115.1206657,33.545432],[115.1213537,33.5419603],[115.1217467,33.5382849],[115.1216756,33.5363982],[115.1214704,33.533382],[115.1213045,33.5298522],[115.121398,33.5280494],[115.121583,33.5261556],[115.1223528,33.5219351],[115.1227832,33.5201382],[115.1234207,33.5178247],[115.1243082,33.5151941],[115.1253274,33.5127073],[115.1264057,33.5104307],[115.1278567,33.507709],[115.1297021,33.504777],[115.1333499,33.4999325],[115.1363271,33.4960227],[115.1374607,33.4944444],[115.139009,33.4918922],[115.1398603,33.4900752],[115.1408778,33.4875794],[115.1418609,33.4839471],[115.1425606,33.4808025],[115.1435879,33.4784445],[115.1449324,33.4759454],[115.1465502,33.4738806],[115.1479193,33.4724239],[115.1497614,33.4708154],[115.1521903,33.4691673],[115.156559,33.466497],[115.1588041,33.464971],[115.1607031,33.4633688],[115.1628971,33.4612879],[115.1643696,33.4598781],[115.16851855,33.454579],[115.1704933,33.4508892],[115.1722502,33.4479264],[115.1741924,33.4450934],[115.1758233,33.4430893],[115.1776247,33.441085],[115.1791815,33.4394272],[115.1806048,33.4378621],[115.1820281,33.4361362],[115.1833477,33.4342679],[115.1844893,33.4324862],[115.185542,33.430457],[115.1871432,33.4266273],[115.1877594,33.424632],[115.188396,33.4219932],[115.1886851,33.4198276],[115.1888689,33.4177075],[115.1890002,33.4154295],[115.1896637,33.4080554],[115.1899523,33.403814],[115.1904006,33.3986209],[115.1906808,33.3948],[115.1907147,33.3916811],[115.1904635,33.388947],[115.1900724,33.3860685],[115.1890967,33.3822657],[115.1874259,33.3787373],[115.1861958,33.3763044],[115.1847772,33.3740666],[115.1835179,33.3722668],[115.1814669,33.3691894],[115.1804656,33.3673988],[115.1788334,33.3650148],[115.1776198,33.3632164],[115.1764576,33.3606911],[115.174665,33.3565626],[115.1734632,33.3531252],[115.1728131,33.3502136],[115.172214,33.3473564],[115.1716156,33.3451745],[115.1706487,33.3424519],[115.1696187,33.339893],[115.1679631,33.3362369],[115.1667394,33.3323664],[115.1660054,33.329784],[115.1651233,33.3270075],[115.1641282,33.3245669],[115.1633507,33.3229107],[115.1621032,33.3207994],[115.1591666,33.3158604],[115.1582676,33.3139879],[115.1575032,33.3123404],[115.1567844,33.3104912],[115.1561849,33.3085578],[115.155623,33.3060125],[115.1552851,33.3030479],[115.1552635,33.3011995],[115.15582861666667,33.29588986666667],[115.156323,33.2932857],[115.1575407,33.2879047],[115.1580504,33.2856491],[115.1589006,33.2827589],[115.1598126,33.2799605],[115.160754,33.2778998],[115.164224775,33.271517499999995],[115.1656625,33.2685307],[115.1662606,33.2665997],[115.1668829,33.2648348],[115.1676875,33.2622769],[115.1699486,33.25702665],[115.1719347,33.2536461],[115.1734801,33.2510134],[115.1746391,33.2491533],[115.175887,33.2464171],[115.1764852,33.2446301],[115.1772174,33.2411238],[115.17813914999999,33.23013795],[115.1789052,33.2276968],[115.1800803,33.2250605],[115.18153933333332,33.222252999999995],[115.18522786666666,33.212069449999994],[115.1864053,33.2063409],[115.1868492,33.2042504],[115.1871936,33.2020284],[115.1874474,33.1985262],[115.1874456,33.1949094],[115.1875506,33.1927309],[115.1878742,33.1902082],[115.188944,33.1861788],[115.1901725,33.1828925],[115.1918328,33.1791031],[115.1926295,33.1771495],[115.1935548,33.1736636],[115.1941609,33.1700983],[115.1943487,33.167925],[115.1943419,33.1660756],[115.1940912,33.1627093],[115.1935011,33.1597386],[115.1930171,33.1578736],[115.1888304,33.1491621],[115.1875037,33.1473094],[115.186184,33.1456565],[115.1837188,33.1426116],[115.1823923,33.1407041],[115.1810074,33.138481],[115.1800311,33.1363788],[115.1789206,33.1334252],[115.1781428,33.1302268],[115.1777968,33.1273516],[115.1777619,33.1229815],[115.1779771,33.1167918],[115.1781547,33.1095794],[115.1782316,33.105191],[115.1783916,33.1008308],[115.1784158,33.0995242]]}},{"type":"Feature","properties":{"level":"expressway","ref":"S88","name":"郑栾高速","routeKey":"expressway-S88","chainIndex":0,"sourceSegmentCount":715,"visualLengthKm":257.83,"sourceOsmCount":715},"geometry":{"type":"LineString","coordinates":[[113.6230654,34.651193],[113.6235789,34.6486216],[113.6237274,34.6460486],[113.6236058,34.6441754],[113.6234205,34.6423427],[113.6230749,34.6390094],[113.6226136,34.6357829],[113.6222002,34.6339856],[113.6214664,34.631142],[113.6206941,34.6287695],[113.6196542,34.6256498],[113.6188413,34.6236989],[113.6178896,34.6217241],[113.6162316,34.6177248],[113.6155038,34.6159583],[113.6137109,34.611607],[113.6126574,34.6090843],[113.6118351,34.6071023],[113.611162,34.6053975],[113.610509,34.602939],[113.6099884,34.6007525],[113.6096826,34.5989221],[113.6094803,34.5967519],[113.6094574,34.5942337],[113.6096601,34.5912618],[113.6106042,34.5855367],[113.6111065,34.582725],[113.6113314,34.5801215],[113.611665,34.5771883],[113.6115691,34.5747778],[113.6114593,34.5722173],[113.6110493,34.568501],[113.6108208,34.5659464],[113.6108712,34.563265],[113.6112129,34.5606687],[113.612205,34.5565167],[113.6126036,34.5545253],[113.6127833,34.5526356],[113.6127785,34.5497377],[113.6123305,34.5464521],[113.6114711,34.5434797],[113.6104859,34.5411374],[113.6086275,34.5379356],[113.6065184,34.5352316],[113.6048167,34.5333465],[113.6029851,34.5312029],[113.6014357,34.5291111],[113.5999456,34.5265736],[113.5986502,34.5240464],[113.5975713,34.5217287],[113.5967756,34.5188099],[113.5963892,34.5169657],[113.5959187,34.5149736],[113.5958142,34.5130138],[113.5956228,34.5111234],[113.5942028,34.5046483],[113.5935083,34.5020835],[113.5928883,34.4989797],[113.592653,34.495918],[113.5926437,34.4928231],[113.5924856,34.4902319],[113.59213,34.4880994],[113.5908554,34.4835673],[113.5900141,34.4807742],[113.5891224,34.4777825],[113.588249,34.474876],[113.5873969,34.4715721],[113.5866126,34.4690913],[113.5855664,34.4663999],[113.5842902,34.4639607],[113.5827196,34.461774],[113.57879125,34.457158199999995],[113.5771089,34.4557138],[113.5741532,34.45324],[113.5702814,34.4488109],[113.5690743,34.4467729],[113.5679164,34.4444696],[113.5673624,34.4427496],[113.5667635,34.4400363],[113.566127,34.4369825],[113.5654449,34.4336485],[113.5650325,34.431076],[113.5645093,34.4285612],[113.5638037,34.4261223],[113.5629751,34.4232288],[113.5623507,34.4211203],[113.5619135,34.4188795],[113.5614363,34.4163689],[113.5609658,34.4135562],[113.560754,34.4104357],[113.5608683,34.4076292],[113.5611845,34.4038872],[113.5614642,34.4017471],[113.5616987,34.3997393],[113.5617328,34.3979367],[113.561981,34.3944528],[113.5619604,34.3921581],[113.561663,34.3896808],[113.5614521,34.3877951],[113.5611538,34.3844103],[113.5607544,34.3814593],[113.560519,34.3792308],[113.5604017,34.3766864],[113.5606588,34.3746369],[113.5611877,34.3725617],[113.5618091,34.3707835],[113.5631145,34.3678349],[113.56405543999999,34.36619695],[113.56700674999999,34.361834900000005],[113.569329,34.359254],[113.5706961,34.3578802],[113.5722775,34.3563514],[113.5738322,34.3547885],[113.5758214,34.3525793],[113.5773709,34.3506493],[113.5787017,34.3486359],[113.5803491,34.3460718],[113.5813074,34.3443914],[113.5830301,34.3408812],[113.5844671,34.3374842],[113.5865367,34.33264],[113.5877733,34.3300811],[113.5893246,34.3269743],[113.5902306,34.3236883],[113.5911187,34.3213759],[113.5945942,34.3094713],[113.5959432,34.3071796],[113.5972199,34.3041068],[113.5979791,34.3023647],[113.5992571,34.2991907],[113.59998,34.2970557],[113.6010105,34.2929936],[113.6013546,34.2911034],[113.6016309,34.289179],[113.6019049,34.2841332],[113.6019619,34.2812737],[113.6020153,34.2791285],[113.602138,34.2767357],[113.6025354,34.2744628],[113.6032466,34.271806],[113.6044097,34.2687222],[113.61089452499999,34.2581788],[113.6127629,34.255506],[113.6140194,34.2536463],[113.6150778,34.2520897],[113.6167419,34.2494156],[113.6181193,34.2469379],[113.6189815,34.2448098],[113.6197819,34.2422076],[113.6200377,34.2402909],[113.6200872,34.2383775],[113.6199345,34.2363345],[113.6192145,34.2330563],[113.6180736,34.2301487],[113.6168882,34.2281003],[113.6158003,34.2265005],[113.6143475,34.2244483],[113.6129058,34.2223907],[113.6117655,34.2207658],[113.6104778,34.2189323],[113.60923,34.2171498],[113.6072429,34.2140535],[113.6063355,34.2124879],[113.6052444,34.2103607],[113.6042503,34.2087212],[113.6025489,34.2046338],[113.6017238,34.2022633],[113.6009919,34.1993228],[113.6002214,34.1965989],[113.59851565,34.1825637],[113.5982389,34.180646],[113.5979279,34.1780845],[113.5974883,34.1755858],[113.5970055,34.1735223],[113.5964743,34.1716308],[113.5956199,34.169049],[113.5946286,34.1665908],[113.593189,34.1635453],[113.5915217,34.1605622],[113.5897506,34.1578407],[113.5880641,34.1555024],[113.5858581,34.1525206],[113.5831362,34.1488243],[113.5819265,34.1471482],[113.5795659,34.1438774],[113.5776835,34.1409287],[113.5762623,34.1383234],[113.5754538,34.1366497],[113.5747266,34.134969],[113.5740644,34.1332448],[113.5734606,34.1315063],[113.5725379,34.1282976],[113.5716611,34.1251811],[113.5709195,34.1230017],[113.5700647,34.1207117],[113.5690493,34.1183672],[113.56476965,34.11050831666667],[113.5631514,34.1082076],[113.5606643,34.104985],[113.5590545,34.1031495],[113.557438,34.1014012],[113.5555568,34.0995248],[113.5536245,34.0977483],[113.5510489,34.0956033],[113.5481986,34.0932296],[113.5440463,34.08994],[113.5363946,34.0837271],[113.5336981,34.0818016],[113.5311357,34.0801906],[113.5291668,34.078988],[113.5270099,34.0779864],[113.52364,34.0766532],[113.5218163,34.0760358],[113.5196199,34.0754053],[113.5103268,34.0729489],[113.5015096,34.0706271],[113.4984332,34.0697667],[113.495444,34.0689785],[113.4933032,34.0683349],[113.4913844,34.0676846],[113.488427,34.0665451],[113.485803,34.0654484],[113.4828699,34.0643057],[113.4801908,34.0633118],[113.4770513,34.0623816],[113.475287,34.0619876],[113.4732354,34.0615228],[113.4711569,34.06107],[113.4655482,34.0598565],[113.4607899,34.0587853],[113.4575418,34.0579694],[113.4554975,34.0571988],[113.4469776,34.0544829],[113.4418107,34.0529901],[113.4399201,34.0524526],[113.437726,34.0518817],[113.4358373,34.0512626],[113.4333165,34.0506517],[113.4315011,34.0500935],[113.4289145,34.0495],[113.426908,34.0486993],[113.4241454,34.0474474],[113.4210557,34.04569],[113.4178874,34.0436006],[113.4164638,34.0423531],[113.40503963333333,34.03287486666667],[113.4002385,34.0296213],[113.394402,34.0264203],[113.3913507,34.0250456],[113.3879861,34.0236638],[113.3856014,34.0228294],[113.3798233,34.0209131],[113.3780329,34.0202819],[113.374019,34.0188689],[113.3719147,34.0181393],[113.3698144,34.0174004],[113.3670793,34.0164665],[113.3640247,34.0152762],[113.3610564,34.0139405],[113.3563559,34.0113253],[113.3540173,34.0098979],[113.3524852,34.0088565],[113.3494416,34.0067454],[113.3474924,34.0051111],[113.3454509,34.0032306],[113.3435682,34.0012474],[113.3404622,33.9982742],[113.3388454,33.9968444],[113.3371891,33.9954864],[113.3350141,33.9938432],[113.3327347,33.992306],[113.3306647,33.9910407],[113.328351,33.9897446],[113.3254433,33.9884188],[113.3234079,33.9874988],[113.3212235,33.986604],[113.3191994,33.9858358],[113.3125167,33.9832513],[113.310201,33.9823577],[113.3079353,33.981471],[113.3058455,33.9806811],[113.3038555,33.9798505],[113.2928905,33.973715649999995],[113.2901176,33.9717368],[113.2886897,33.9705533],[113.287318,33.9693314],[113.2854159,33.9675107],[113.2829527,33.9647055],[113.2810322,33.9625193],[113.2793515,33.9601808],[113.2781347,33.9583696],[113.2770352,33.956826],[113.2754833,33.9546813],[113.2736984,33.9526299],[113.2720334,33.9509029],[113.2696888,33.9488348],[113.2679659,33.9474268],[113.2665845,33.9460559],[113.2643312,33.944065],[113.2622607,33.9420544],[113.2609842,33.9406281],[113.2592792,33.9385502],[113.2579541,33.9367732],[113.2567061,33.9349204],[113.255596,33.9331183],[113.2546285,33.9313698],[113.2537518,33.9296045],[113.2521154,33.9259991],[113.2508131,33.9230903],[113.2497679,33.9209172],[113.2485859,33.9188185],[113.2445688,33.9128252],[113.242548,33.9104194],[113.240742,33.908495],[113.2387801,33.9065965],[113.236761,33.9048354],[113.2346496,33.9031661],[113.2317918,33.901088],[113.2297418,33.8997615],[113.2273267,33.8983573],[113.2256646,33.8974566],[113.223251,33.8961522],[113.2211278,33.8951972],[113.2104916,33.8904616],[113.2076811,33.8891997],[113.2052093,33.8880038],[113.2027051,33.886666],[113.2002553,33.8852395],[113.1981947,33.8839293],[113.1963564,33.8826673],[113.1938322,33.8807756],[113.1915772,33.8790977],[113.1887386,33.876524],[113.1853517,33.8732191],[113.181076,33.8688712],[113.1790308,33.867004],[113.1769013,33.8652486],[113.1752906,33.8640064],[113.1736257,33.8628179],[113.1718774,33.8616543],[113.1700765,33.8605351],[113.1684559,33.8595957],[113.1668243,33.858698],[113.1634079,33.8570092],[113.1616051,33.8563299],[113.1589503,33.8552638],[113.1561756,33.854272],[113.1516034,33.8527645],[113.14336907500001,33.849431125],[113.1410369,33.8483768],[113.1376403,33.8465425],[113.1359835,33.8456111],[113.1337209,33.8441818],[113.1319196,33.8428234],[113.1292243,33.8408497],[113.1261248,33.8383492],[113.1239166,33.8363141],[113.1213187,33.8337884],[113.1194755,33.8322136],[113.1179154,33.8307189],[113.1161229,33.8289534],[113.1146146,33.8275308],[113.1101657,33.823357],[113.0983381,33.815086300000004],[113.0958837,33.8138475],[113.0938586,33.8128262],[113.0910417,33.811544],[113.0892692,33.8107903],[113.0875506,33.81012],[113.0846739,33.8091222],[113.0810787,33.8079149],[113.0782349,33.8069675],[113.0713833,33.8046905],[113.0693443,33.8040101],[113.0675811,33.8034597],[113.0642778,33.802401],[113.0614297,33.8013472],[113.0580661,33.8004356],[113.0556261,33.799833],[113.0523206,33.7990765],[113.0505277,33.7987004],[113.0475149,33.7981764],[113.0453544,33.7978327],[113.0404501,33.7970215],[113.0375092,33.7965206],[113.0300929,33.7953074],[113.0276886,33.7948961],[113.0258644,33.7946272],[113.0237605,33.7943298],[113.0203282,33.7939064],[113.00401149999999,33.79377835],[112.9914712,33.7943466],[112.9869094,33.794377],[112.9845592,33.7942949],[112.9821818,33.7941241],[112.9801361,33.7938994],[112.9781528,33.7937692],[112.9751174,33.7931322],[112.9718905,33.7924366],[112.9678368,33.7914373],[112.9655037,33.790634],[112.9635693,33.7899024],[112.9610115,33.7889118],[112.9582374,33.7878377],[112.9530994,33.7858924],[112.9498101,33.7844716],[112.9464031,33.7831047],[112.9414541,33.7815619],[112.9393413,33.780975],[112.9367315,33.7803728],[112.9333651,33.7797331],[112.9313767,33.7792969],[112.9290166,33.7791068],[112.9247506,33.7787407],[112.9226326,33.7785578],[112.9199542,33.7782022],[112.9164308,33.7778442],[112.9138378,33.7775467],[112.9118995,33.7772582],[112.9085923,33.7765916],[112.9058432,33.7759861],[112.9031097,33.7752833],[112.9003256,33.7744352],[112.8982384,33.7737142],[112.8937616,33.7719838],[112.8905005,33.7704721],[112.8867222,33.7686085],[112.8849556,33.7676237],[112.8834797,33.766586],[112.8813727,33.7652078],[112.8794581,33.7638333],[112.8775587,33.7624011],[112.8759538,33.7611026],[112.8744217,33.7597593],[112.8728491,33.7583171],[112.8699078,33.7555887],[112.8657769,33.7517225],[112.8633372,33.749446],[112.8609865,33.7472675],[112.8579162,33.7445409],[112.8563267,33.7432405],[112.84700050000001,33.737360724999995],[112.8447388,33.7361735],[112.8403715,33.7343068],[112.8317216,33.7307847],[112.8295381,33.7297898],[112.8163982,33.7224818],[112.8145219,33.721323],[112.8099943,33.7185689],[112.8063967,33.716415],[112.7993511,33.7122669],[112.7962169,33.7108607],[112.7940832,33.7099786],[112.7914369,33.709029],[112.7894031,33.7083945],[112.7857848,33.7074918],[112.7832398,33.7070144],[112.7812849,33.7067125],[112.778134,33.7063906],[112.7756069,33.7062317],[112.7727593,33.7062117],[112.7701638,33.7062332],[112.7682363,33.7063827],[112.7651966,33.7067482],[112.763222,33.7070875],[112.760877,33.7072684],[112.7587624,33.7073517],[112.7562351,33.7073453],[112.7537225,33.7071993],[112.7508378,33.7069914],[112.7479725,33.7069121],[112.7457916,33.7069447],[112.7432597,33.7070957],[112.7410069,33.7073283],[112.7379561,33.7077719],[112.7349378,33.7083755],[112.732941,33.7086397],[112.7303534,33.7090248],[112.7285269,33.7091942],[112.7266908,33.7092888],[112.7229946,33.7093228],[112.7203066,33.7091397],[112.7179076,33.7089042],[112.7159006,33.7088143],[112.7140814,33.7086339],[112.711123,33.7084554],[112.7092315,33.7083493],[112.704024,33.708616],[112.7011105,33.708761],[112.6992962,33.7088112],[112.6972793,33.7086952],[112.6949315,33.7083866],[112.6922325,33.7077197],[112.6903744,33.7071778],[112.6868877,33.7061506],[112.6815487,33.7045111],[112.6787069,33.7036481],[112.6747183,33.7025947],[112.6727959,33.7021567],[112.67031,33.7016453],[112.6676959,33.7015406],[112.6658031,33.7017699],[112.663981,33.7020297],[112.6621802,33.7024506],[112.660465,33.7030021],[112.6583805,33.7038964],[112.6556302,33.7053839],[112.6529712,33.7073076],[112.6490167,33.7104404],[112.6470177,33.7119669],[112.6444641,33.7137881],[112.642431,33.7152533],[112.6400635,33.716751],[112.6373298,33.7182177],[112.635623,33.7191451],[112.632227,33.7205117],[112.6289538,33.7215776],[112.6256631,33.7229751],[112.6239795,33.7237614],[112.6217377,33.724974],[112.6190292,33.7266046],[112.6172391,33.7278971],[112.6150437,33.7295326],[112.6119187,33.732015],[112.6100223,33.7334135],[112.6079438,33.7346435],[112.6046948,33.7365664],[112.6017885,33.7380028],[112.5994854,33.7391162],[112.5964055,33.74064],[112.5940965,33.741761],[112.5919135,33.7427907],[112.5894555,33.7437847],[112.586349,33.7449383],[112.5836558,33.745674],[112.5802195,33.7463846],[112.5782254,33.7467683],[112.5743528,33.7474939],[112.5715294,33.7480216],[112.5693814,33.7483201],[112.5675053,33.748617],[112.5657132,33.748864],[112.5620601,33.7493045],[112.5599015,33.7494759],[112.5574883,33.7496676],[112.5531576,33.7499734],[112.5508968,33.7501443],[112.5480157,33.7505191],[112.5447957,33.7511547],[112.5423473,33.7517783],[112.5399603,33.7525098],[112.537548,33.7532863],[112.5354133,33.7538679],[112.532626,33.7544855],[112.5307059,33.7547371],[112.5287732,33.7550537],[112.526616,33.7553986],[112.5242392,33.75578],[112.5220868,33.7562142],[112.5202225,33.7566321],[112.5172002,33.7576064],[112.5140848,33.7586466],[112.5112758,33.7595789],[112.5084669,33.7604303],[112.5066026,33.7609219],[112.5043571,33.7613781],[112.5025566,33.7613509],[112.5006295,33.7614018],[112.4981661,33.7607423],[112.4955239,33.7594391],[112.4932656,33.7578769],[112.4917141,33.7558273],[112.4906712,33.7538637],[112.4896285,33.751322],[112.4866096,33.743963],[112.4854133,33.7411422],[112.4840686,33.7386335],[112.4824223,33.7364258],[112.4806553,33.734684],[112.4789478,33.7337642],[112.4771802,33.7328813],[112.4753674,33.7320643],[112.4735129,33.7313149],[112.4715914,33.7306247],[112.4695758,33.7299896],[112.467527,33.7294329],[112.4654494,33.7289555],[112.4633475,33.7285586],[112.460711,33.7281231],[112.4587583,33.7277573],[112.4567973,33.7275428],[112.4548209,33.7274806],[112.4512482,33.7276145],[112.4472753,33.7281763],[112.4415786,33.7288723],[112.4396927,33.72926],[112.4376939,33.7298645],[112.4358418,33.7306833],[112.433728,33.7318974],[112.4315393,33.7333072],[112.4274731,33.7360017],[112.4258208,33.737233],[112.4239193,33.7383757],[112.4220952,33.7392785],[112.4199774,33.7399645],[112.4179405,33.7404018],[112.41607853333333,33.7406442],[112.40117425,33.74388655],[112.3989773,33.74429],[112.3945355,33.7447361],[112.3921369,33.744775],[112.3897383,33.7447351],[112.3873781,33.7446187],[112.3850941,33.7444328],[112.3830856,33.7442606],[112.3811846,33.7442319],[112.3793925,33.7446623],[112.3776148,33.7449735],[112.3754452,33.745663],[112.3735877,33.7464517],[112.3720289,33.7474379],[112.3689072,33.7503542],[112.3654711,33.7536747],[112.3641241,33.7550336],[112.3626602,33.7563061],[112.3608684,33.7575639],[112.3590325,33.7584621],[112.3572957,33.7590624],[112.3545492,33.7595351],[112.3523148,33.7596464],[112.3500776,33.7594855],[112.3481386,33.759027],[112.3463295,33.7584675],[112.3444557,33.7579186],[112.3419035,33.7574031],[112.3398043,33.7573415],[112.337852,33.7576777],[112.3361201,33.7582379],[112.3343577,33.759124],[112.32970415,33.762295224999995],[112.3280489,33.7630673],[112.3253024,33.7637005],[112.3223987,33.7643484],[112.3205345,33.7649945],[112.3187863,33.7658453],[112.3170423,33.7669965],[112.3152703,33.7687275],[112.3137498,33.770281],[112.3124435,33.7715205],[112.3109599,33.7726748],[112.3090867,33.773917],[112.3074802,33.7748276],[112.3057973,33.7756783],[112.3034048,33.7766504],[112.3012698,33.777453],[112.2983301,33.7784072],[112.2962272,33.7794149],[112.2915172,33.7816353],[112.2881454,33.7834613],[112.2863674,33.7840341],[112.2845392,33.7846154],[112.2826094,33.7848869],[112.2191942,33.7851576],[112.2160824,33.7855593],[112.2137868,33.7856035],[112.2112334,33.7855143],[112.209231,33.7851697],[112.2072229,33.7844781],[112.204839,33.7831869],[112.2031472,33.782422],[112.2012755,33.7815991],[112.1994858,33.7809856],[112.197331,33.7804477],[112.1953448,33.7801957],[112.1933405,33.7801547],[112.1912663,33.7803217],[112.1886175,33.7807161],[112.1864961,33.7808108],[112.1844773,33.7807848],[112.1824122,33.78054],[112.1806147,33.7801284],[112.1787679,33.7794862],[112.1759462,33.7784696],[112.1741547,33.7781672],[112.1721024,33.7778935],[112.1700376,33.7778283],[112.1679852,33.7779082],[112.1641209,33.7783265],[112.1609761,33.778728],[112.1586574,33.7789689],[112.1563332,33.7792315],[112.1526164,33.7799856],[112.1505082,33.7806009],[112.14865,33.7809689],[112.1461308,33.7811716],[112.1426868,33.7809844],[112.1383953,33.7801907],[112.1361101,33.7799856],[112.1328122,33.7804481],[112.1310031,33.7805207],[112.1288788,33.7805028],[112.1251023,33.779941],[112.1218317,33.7795204],[112.1195446,33.7792984],[112.116886,33.7791825],[112.1149099,33.7789601],[112.1078396,33.7786123],[112.1058011,33.7784874],[112.1036339,33.7783715],[112.1009731,33.7780415],[112.0988166,33.7776402],[112.0953727,33.7767395],[112.0921218,33.7755891],[112.0885813,33.7739125],[112.0847834,33.7723508],[112.0820802,33.7713789],[112.0791562,33.7702261],[112.0742873,33.7679706],[112.0712729,33.7670968],[112.0690135,33.7669007],[112.0666594,33.7669361],[112.0608393,33.7679387],[112.0549571,33.7691367],[112.0508262,33.7701433],[112.0426136,33.7717364],[112.0397705,33.7720664],[112.0373511,33.771897],[112.0342988,33.7711523],[112.0314641,33.7700846],[112.0298002,33.7691907],[112.0278011,33.7683818],[112.0257264,33.7678379],[112.0238995,33.7675687],[112.0204747,33.767014],[112.0174384,33.7659705],[112.0144933,33.7643918],[112.011904,33.7634128],[112.0095018,33.7627088],[112.00336635,33.7620137],[112.0001199,33.7618432],[111.9934145,33.7613482],[111.9909653,33.7611774],[111.9882452,33.7608642],[111.9844901,33.7604093],[111.9819796,33.7599187],[111.9786537,33.7591338],[111.9744801,33.758331],[111.9712508,33.7579207],[111.9688691,33.7578302],[111.9663021,33.7577235],[111.9635049,33.7577502],[111.9604206,33.7577324],[111.957654,33.7575892],[111.9548578,33.7572583],[111.9519456,33.7568667],[111.9479046,33.7566889],[111.9450854,33.7568043],[111.942875,33.7570618],[111.9390382,33.7577122],[111.9362318,33.7580099],[111.9328576,33.7581258],[111.9302773,33.7578761],[111.9284534,33.7577021],[111.9234323,33.7573052],[111.9189691,33.7568949],[111.9170433,33.7568012],[111.9119667,33.7561012],[111.9092186,33.7554648],[111.9026506,33.7541921],[111.9004297,33.7536033],[111.8974686,33.7529967],[111.8956768,33.7525061],[111.8938208,33.7518906],[111.8912244,33.7507666],[111.8860906,33.7482644],[111.8824589,33.7469128],[111.8805814,33.7467701],[111.8786931,33.7464579],[111.8762577,33.7461902],[111.8708396,33.7452357],[111.8660223,33.744067],[111.8631581,33.742871],[111.8604219,33.7413816],[111.8588378,33.7404384],[111.8559587,33.7385356],[111.8529653,33.7382055],[111.7929268,33.7361266],[111.7885762,33.736111],[111.7858565,33.7364924],[111.7839897,33.7370099],[111.7820048,33.7390084],[111.7774343,33.7448387],[111.7752265,33.7469785],[111.7729306,33.7481628],[111.7710262,33.7487273],[111.7667983,33.7489561],[111.7638731,33.7492055],[111.7609763,33.7501868],[111.7590355,33.7513001],[111.7576432,33.752661],[111.7560393,33.7542648],[111.75146690000001,33.756862016666666],[111.7489117,33.7578136],[111.7427373,33.7588751],[111.7367399,33.7603156],[111.7336017,33.7609355]]}},{"type":"Feature","properties":{"level":"expressway","ref":"S29","name":"许信高速","routeKey":"expressway-S29","chainIndex":0,"sourceSegmentCount":632,"visualLengthKm":248.45,"sourceOsmCount":632},"geometry":{"type":"LineString","coordinates":[[113.7450718,33.9520776],[113.7460679,33.9481876],[113.7466461,33.9460731],[113.7475184,33.9433216],[113.7481503,33.9409191],[113.7491872,33.9365122],[113.7504029,33.9320377],[113.7528062,33.9228507],[113.7535572,33.9177938],[113.753879,33.9128078],[113.7538833,33.9041011],[113.7541631,33.898134],[113.75413,33.8883038],[113.7543139,33.8856411],[113.7544629,33.8833771],[113.7546559,33.881467],[113.7551907,33.879412],[113.7558324,33.8771502],[113.7566253,33.8748983],[113.7574863,33.8729005],[113.7585029,33.8710292],[113.7599186,33.8687723],[113.7617977,33.8662199],[113.76371,33.8640361],[113.7655038,33.8622666],[113.7679525,33.8599784],[113.7759438,33.8524954],[113.7831101,33.8456651],[113.7879523,33.841111],[113.7997754,33.8300114],[113.81462695,33.8146807],[113.8157006,33.8130367],[113.8175869,33.8100861],[113.8192979,33.8067124],[113.8201833,33.8047729],[113.8217497,33.8005649],[113.8227153,33.7967312],[113.8230983,33.7949123],[113.8233896,33.7930816],[113.8235954,33.7911614],[113.8237015,33.7891949],[113.8237023,33.7872264],[113.8234019,33.7770963],[113.823144,33.7692826],[113.823089,33.7623531],[113.822883,33.7605588],[113.8228225,33.7581508],[113.8227472,33.7537153],[113.8228033,33.7510425],[113.8229801,33.7482951],[113.8231565,33.7463869],[113.8233765,33.7444818],[113.82364,33.7425805],[113.8245093,33.7378207],[113.8268566,33.7250357],[113.8274224,33.7226517],[113.8280743,33.7190125],[113.8284193,33.716531],[113.8286441,33.7134754],[113.8285947,33.7110071],[113.828423,33.7064375],[113.8281623,33.7042203],[113.8278651,33.7006538],[113.8270298,33.6924679],[113.8265192,33.6857287],[113.8258163,33.6789127],[113.82535615,33.674224249999995],[113.8251423,33.671167],[113.825059,33.6689381],[113.825105,33.6667819],[113.825273,33.6645292],[113.825492,33.6626734],[113.8258958,33.6602543],[113.8263996,33.657465],[113.8270319,33.6553197],[113.8276137,33.653596],[113.828713,33.6507766],[113.8311881,33.6457275],[113.8330323,33.6425641],[113.8342372,33.6400207],[113.8349723,33.6379284],[113.8358798,33.6339352],[113.8364053,33.6298964],[113.8365765,33.6255082],[113.8365973,33.6228317],[113.8365605,33.6151728],[113.8365751,33.6120643],[113.8364938,33.606037],[113.836554,33.6040795],[113.8367212,33.6021467],[113.8369918,33.6002254],[113.8373961,33.5983212],[113.8381838,33.5960425],[113.8398643,33.5917924],[113.8413823,33.5880918],[113.8423142,33.585994],[113.8440431,33.5816923],[113.8457178,33.5776675],[113.846728,33.574695],[113.8474132,33.5721508],[113.8477553,33.5703074],[113.8480295,33.567835],[113.8481289,33.5657204],[113.8480076,33.5639186],[113.8478327,33.5616717],[113.84757,33.5597757],[113.8472375,33.5580053],[113.8468242,33.5562524],[113.8460991,33.5539599],[113.8443875,33.5493709],[113.8397097,33.5384079],[113.8368121,33.5311964],[113.8357905,33.5287426],[113.8341082,33.5248205],[113.83208155,33.51986265],[113.8310899,33.5167063],[113.8303167,33.5133469],[113.8301557,33.5112738],[113.8299388,33.509406],[113.8298042,33.5075031],[113.8296523,33.5055461],[113.8297007,33.5036718],[113.8298451,33.5017561],[113.8300827,33.4998468],[113.8305389,33.4978383],[113.8325673,33.4892989],[113.8343533,33.4815469],[113.8354557,33.4757352],[113.8358688,33.4716342],[113.8359385,33.4694819],[113.8361314,33.4669984],[113.8359597,33.4606597],[113.835833,33.4523714],[113.8357881,33.4475386],[113.8358235,33.4457324],[113.835938,33.4439286],[113.8361391,33.4420698],[113.8364241,33.4402186],[113.8369284,33.4378402],[113.8373521,33.4360805],[113.8377526,33.4341073],[113.8383035,33.4321608],[113.8401174,33.4271972],[113.8421774,33.4226305],[113.8441729,33.4180277],[113.8456106,33.4146068],[113.8465517,33.4125009],[113.8478497,33.409246],[113.8487734,33.4064008],[113.8494944,33.4036625],[113.849923,33.401421],[113.8502467,33.3991672],[113.8504639,33.3969236],[113.8505769,33.3946842],[113.8506993,33.3924413],[113.8502739,33.3837954],[113.8500573,33.3803859],[113.8498533,33.3749704],[113.8499867,33.3708651],[113.8502071,33.3676225],[113.8506586,33.3642985],[113.8509111,33.3620385],[113.8517493,33.34737185],[113.8524575,33.3445333],[113.8540661,33.3395164],[113.8548218,33.3369797],[113.8553265,33.3335536],[113.8555291,33.3307401],[113.8556099,33.3284877],[113.8553709,33.3263074],[113.8549373,33.3241376],[113.8537252,33.3200838],[113.8518976,33.3148831],[113.8511629,33.3129539],[113.8505889,33.3109739],[113.850176,33.3089167],[113.849942,33.3068399],[113.8498882,33.3047543],[113.8500149,33.3026709],[113.8503529,33.3005262],[113.8509785,33.2975678],[113.8525453,33.2895842],[113.8528518,33.2873749],[113.8530642,33.2851152],[113.8531761,33.2828285],[113.8531847,33.2805399],[113.85309,33.2782526],[113.85151655,33.2691992],[113.8497948,33.2616927],[113.8485288,33.2556502],[113.8483621,33.252196],[113.8481692,33.2469958],[113.8482764,33.2399441],[113.8480949,33.2377322],[113.8479815,33.2353361],[113.8477018,33.2335064],[113.8473301,33.2316873],[113.84619,33.2274609],[113.8455878,33.2252179],[113.8447631,33.2225808],[113.8434944,33.2178014],[113.842977,33.215655],[113.8425972,33.2137611],[113.842308,33.2119455],[113.8421233,33.2096016],[113.8419168,33.2072635],[113.841722,33.2014074],[113.8415929,33.1990787],[113.8413471,33.1967983],[113.8410849,33.1949785],[113.8406999,33.1930032],[113.8402126,33.1910437],[113.8396239,33.1891037],[113.8387441,33.1867333],[113.8378644,33.1843987],[113.8367466,33.182182],[113.8343574,33.1776765],[113.8335942,33.1760169],[113.8319032,33.1728884],[113.829137,33.16767935],[113.8284034,33.1657961],[113.8276676,33.1638258],[113.826995,33.1617078],[113.8264361,33.1595696],[113.8259877,33.157416],[113.8256446,33.1551668],[113.8252848,33.1517048],[113.8250501,33.149371],[113.82187425000001,33.13620865],[113.8209788,33.1331437],[113.8199932,33.1300084],[113.8190719,33.1251234],[113.8189443,33.1233269],[113.8189121,33.1215238],[113.8189766,33.1197029],[113.819143,33.1178496],[113.8194105,33.1160046],[113.8197781,33.1141743],[113.8210209,33.1101359],[113.8237517,33.1028435],[113.8250541,33.0986243],[113.8264274,33.0928719],[113.82736639999999,33.086659049999994],[113.8283607,33.0790204],[113.829302,33.0717772],[113.8296525,33.0690617],[113.8300581,33.0667943],[113.8304222,33.0643348],[113.8311309,33.0595476],[113.8316846,33.0548064],[113.8319485,33.0528559],[113.8321165,33.0508856],[113.8321865,33.0488867],[113.8321556,33.046887],[113.832024,33.0448902],[113.8317919,33.0428997],[113.831495,33.040114],[113.8310859,33.0383089],[113.8306356,33.0365118],[113.8301279,33.0346661],[113.8295766,33.0328291],[113.8289819,33.0310023],[113.8259999,33.021901],[113.8253534,33.0194822],[113.8247784,33.0170492],[113.8242538,33.0144894],[113.8238088,33.011919],[113.8234483,33.0093418],[113.8231708,33.0062653],[113.822806,33.0005432],[113.8224685,32.9959453],[113.821857,32.9913334],[113.821008,32.9868867],[113.8203946,32.9839972],[113.8198354,32.9821927],[113.81743,32.9749312],[113.8164583,32.9723725],[113.8124152,32.9611172],[113.8117368,32.959381],[113.8111293,32.9576286],[113.8105158,32.9555852],[113.8099975,32.9535233],[113.8095753,32.951446],[113.8092496,32.9493565],[113.8090211,32.9472579],[113.808925,32.9449745],[113.8088718,32.941072],[113.8090825,32.9388086],[113.8094984,32.9357573],[113.810191,32.9321751],[113.8106258,32.929371],[113.8125872,32.9160531],[113.813703,32.9089737],[113.8141543,32.9064823],[113.8142874,32.9045105],[113.8143847,32.9024073],[113.8142657,32.8983721],[113.8134277,32.8931942],[113.8107661,32.8817486],[113.8097362,32.8777663],[113.8081487,32.8707216],[113.8072689,32.866612],[113.8069242,32.8640411],[113.806341,32.8601715],[113.8063324,32.857782],[113.8069814,32.855468],[113.8075018,32.8526155],[113.8081992,32.8501729],[113.8090682,32.847505],[113.8126009,32.8387248],[113.8136816,32.8362285],[113.8143253,32.8341561],[113.8167239,32.8295568],[113.8180838,32.8277654],[113.8192445,32.8255252],[113.8203268,32.8236454],[113.8220498,32.8210928],[113.8233727,32.8193819],[113.8248517,32.8177251],[113.8264261,32.8157809],[113.8291432,32.813804],[113.831002,32.8124333],[113.8326733,32.8113227],[113.83643716666667,32.809127966666665],[113.8385767,32.8081878],[113.8405573,32.8073611],[113.8427394,32.8065712],[113.8466942,32.8053728],[113.8545987,32.8028241],[113.8580641,32.8017678],[113.8607571,32.8008739],[113.862538,32.8001626],[113.8645564,32.7991007],[113.866564,32.7978528],[113.8687715,32.7960579],[113.8700536,32.7947526],[113.871339,32.7931709],[113.8728217,32.7910306],[113.8740589,32.7891363],[113.8751297,32.7874876],[113.8765343,32.7853428],[113.8776706,32.7838074],[113.8786614,32.7822437],[113.8797297,32.7804487],[113.880718,32.7786176],[113.8823509,32.7752336],[113.8832957,32.7726605],[113.8844731,32.7695808],[113.8860275,32.7655268],[113.8879703,32.7604627],[113.8892609,32.7571056],[113.8901406,32.7547687],[113.8909212,32.7527296],[113.8918814,32.7499527],[113.8924769,32.7480848],[113.8931769,32.7450438],[113.8936134,32.7422235],[113.8938757,32.7400496],[113.8939668,32.7374431],[113.8939212,32.7355536],[113.8937475,32.7326002],[113.8933503,32.724923],[113.8933079,32.7229853],[113.8933826,32.7210988],[113.8935525,32.7189559],[113.8938342,32.7165573],[113.8942431,32.7143968],[113.894691,32.7125136],[113.8953522,32.710281],[113.8961344,32.7079205],[113.8978621,32.7024917],[113.8985655,32.7007843],[113.8997678,32.6972073],[113.9005775,32.6948985],[113.9010452,32.6931392],[113.9015655,32.6912955],[113.9022322,32.6894443],[113.9028409,32.6849632],[113.902837,32.6821915],[113.902684,32.6803587],[113.9023273,32.6781992],[113.9018581,32.6762794],[113.9008218,32.6743992],[113.8993191,32.6707532],[113.8973665,32.6673325],[113.8944127,32.6631383],[113.8899609,32.6574772],[113.8885085,32.6556322],[113.8870778,32.6534929],[113.8858639,32.6516723],[113.8847453,32.6493846],[113.883649,32.6466772],[113.8829699,32.6446688],[113.8824349,32.6427622],[113.8819919,32.6408378],[113.8815781,32.6385842],[113.8812947,32.636215],[113.8811271,32.6320396],[113.8812143,32.6299017],[113.881449,32.6275084],[113.8820327,32.625533],[113.8834164,32.6182485],[113.8831166,32.6150144],[113.8829765,32.6122061],[113.8826955,32.6099885],[113.8824548,32.6055103],[113.8820668,32.6029942],[113.8818901,32.6010997],[113.8820396,32.5991547],[113.8825307,32.5971798],[113.8837972,32.594098],[113.884304,32.5923218],[113.88443,32.5902443],[113.884297,32.5882051],[113.8836537,32.5851455],[113.88246115,32.579218749999995],[113.8822372,32.5768994],[113.882116,32.5745728],[113.8822268,32.5723891],[113.8823781,32.5699199],[113.8826639,32.567831],[113.8829208,32.5658977],[113.8830724,32.5639516],[113.8831044,32.56199],[113.8830035,32.5597623],[113.8827355,32.5574575],[113.8822225,32.5548432],[113.8817041,32.552919],[113.880879,32.5500678],[113.8805901,32.5469606],[113.8802701,32.5448009],[113.880026,32.5423296],[113.8799353,32.5396878],[113.8799818,32.5375393],[113.8800448,32.5356082],[113.8800837,32.5315543],[113.8801803,32.5288378],[113.8804838,32.5249279],[113.880468,32.5229354],[113.8802684,32.5209504],[113.8798973,32.5190311],[113.8791662,32.5171713],[113.8785061,32.5154854],[113.8769831,32.5127977],[113.8756661,32.5105285],[113.8747433,32.5089446],[113.8736343,32.5070271],[113.8722986,32.5047221],[113.871274,32.5029588],[113.8701421,32.5010021],[113.8688895,32.4987976],[113.8680914,32.4971094],[113.86649375,32.479325175],[113.84548434999999,32.46832965],[113.8437946,32.4656617],[113.8390284,32.4549584],[113.8382062,32.4525265],[113.8374088,32.4499111],[113.8366798,32.4462592],[113.8363991,32.4435138],[113.8362669,32.4380158],[113.8360136,32.4320206],[113.8359072,32.4298601],[113.8356185,32.4279174],[113.8351814,32.4261162],[113.8344846,32.4241285],[113.829837725,32.416280575],[113.8243957,32.4079908],[113.8230489,32.4055343],[113.822165,32.403572],[113.8215925,32.4010853],[113.8208844,32.3958054],[113.8205295,32.3937407],[113.8199876,32.3919102],[113.8186053,32.3886102],[113.8174827,32.3852201],[113.8169908,32.3823161],[113.8162069,32.3765692],[113.8158636,32.3739453],[113.8156982,32.3721485],[113.8155854,32.3688617],[113.8156656,32.366396],[113.8161768,32.3598537],[113.81666105,32.3539364],[113.8165552,32.3517963],[113.8163246,32.349907],[113.8154977,32.3467915],[113.8147701,32.3450258],[113.8136078,32.342491],[113.8128568,32.3403792],[113.8122265,32.3384314],[113.8117075,32.3361845],[113.8111053,32.3311317],[113.8098487,32.3188243],[113.8094464,32.3162561],[113.808753,32.314309],[113.8079484,32.312398],[113.80436025,32.30645749999999],[113.8033538,32.304772],[113.8016712,32.3021235],[113.8002934,32.2997311],[113.7995906,32.2980545],[113.7989241,32.2957986],[113.7986062,32.2936707],[113.7985647,32.2911313],[113.7989107,32.2886666],[113.7998803,32.2855783],[113.8008995,32.2835221],[113.8021213,32.2816157],[113.8055706,32.2768399],[113.8075259,32.2741004],[113.8088429,32.2722521],[113.8099372,32.270211],[113.8111362,32.2669225],[113.8114929,32.2650945],[113.8117129,32.2627266],[113.8115627,32.2607942],[113.8111657,32.2588821],[113.8104683,32.256344],[113.8098246,32.2534201],[113.8096234,32.2514126],[113.8095859,32.2472909],[113.8100982,32.2441535],[113.8109189,32.241227],[113.8125738,32.2374655],[113.8161841,32.2314373],[113.8191748,32.2267656],[113.821122,32.2245056],[113.8229191,32.2230443],[113.8262746,32.220959],[113.8286751,32.2195816],[113.8306519,32.2183971],[113.8329077,32.2168041],[113.8352707,32.2148276],[113.8372596,32.2127194],[113.8388434,32.2106883],[113.8407263,32.207595],[113.8426334,32.2038526],[113.8443661,32.2003188],[113.8471019,32.1951121],[113.8494784,32.1898415],[113.8500363,32.1877168],[113.8505003,32.1842232],[113.8502026,32.1816875],[113.8491243,32.1785275],[113.8480372,32.1763436],[113.8469517,32.1748497],[113.8446839,32.1720208],[113.8432074,32.1699934],[113.8420567,32.1678773],[113.8412762,32.1660609],[113.8408199,32.1639661],[113.840611,32.1618036],[113.8406432,32.159651],[113.8413325,32.1561201],[113.84707105,32.14165534999999],[113.8476196,32.1391309],[113.8482445,32.1369915],[113.8505137,32.1325534],[113.8516724,32.1303774],[113.8526139,32.1281264],[113.8533139,32.1245033],[113.8534453,32.1223862],[113.854183,32.1196285],[113.8552478,32.1171773],[113.8564414,32.115503],[113.8597968,32.1122498],[113.8615134,32.1110639],[113.8637021,32.1091759],[113.8649252,32.1076651],[113.8662207,32.1054726],[113.8677724,32.1006762],[113.8689593,32.097043],[113.8696191,32.0950707],[113.8707751,32.0917054],[113.8715127,32.090034],[113.8732508,32.0873378],[113.876684,32.0834427],[113.877891,32.0817246],[113.8788673,32.0796701],[113.8793957,32.0778429],[113.8798611,32.0752883],[113.8806121,32.0728929],[113.8816917,32.0706427],[113.8826734,32.0690016],[113.8834915,32.0672424],[113.884052,32.0653603],[113.8848165,32.0631305],[113.8856345,32.0611461],[113.8875309,32.0582],[113.8899985,32.0548788],[113.8913289,32.0520213],[113.8917983,32.0500889],[113.8919317,32.0472356],[113.8920571,32.0431877],[113.8923026,32.0412984],[113.8929007,32.0392987],[113.8944843,32.0353845],[113.8957495,32.0323406],[113.8969951,32.0296306],[113.8979351,32.0273339],[113.8995377,32.0234704],[113.9004806,32.020821],[113.9013699,32.0191228],[113.9023447,32.0175531],[113.9042973,32.0154403],[113.9063492,32.0136004],[113.9090717,32.011508],[113.9115339,32.0091086],[113.9128455,32.0071798],[113.9141371,32.0049201],[113.9157276,32.0025352],[113.9169413,32.0010932],[113.918328,31.9997989],[113.9218926,31.9972285],[113.924194,31.995088],[113.9254653,31.9935138],[113.9272007,31.9910616],[113.9288554,31.9887617],[113.9309156,31.9856836],[113.9322299,31.98213],[113.9328763,31.9794863],[113.9338553,31.9774387],[113.9354593,31.9750292],[113.9372268,31.9731498],[113.9390534,31.9716697],[113.9410812,31.9701805],[113.9430848,31.9686969],[113.9449878,31.9668515],[113.9466736,31.9645704],[113.9476848,31.9627033],[113.9494338,31.9591431],[113.9503207,31.9575422],[113.9531431,31.9514704],[113.9558084,31.945786249999998],[113.9573514,31.9428491],[113.9586848,31.9412348],[113.9604843,31.9394304],[113.9626294,31.9377103],[113.9643758,31.9367149],[113.967336,31.9353628],[113.9702797,31.9338491],[113.9723715,31.9325877],[113.97415537500001,31.93141825],[113.97656409999999,31.926016699999998],[113.9754374,31.9233608],[113.9741131,31.9197664],[113.973273,31.9172831],[113.9727654,31.9148113],[113.9725488,31.912527],[113.9723677,31.91008],[113.9721787,31.907527],[113.9718783,31.9050086],[113.9711746,31.9027223],[113.9702797,31.9009464],[113.9686489,31.8981729],[113.967316,31.896357],[113.9655197,31.8944456],[113.9624676,31.8913601],[113.9595669,31.8885217],[113.9548999,31.8836889],[113.9525759,31.881427],[113.9508366,31.8801718],[113.9486281,31.8791096],[113.9448319,31.8780439],[113.9420496,31.8774535],[113.9398795,31.8767377],[113.9375809,31.8755009],[113.9356832,31.8739836],[113.9340616,31.8722946],[113.9333343,31.8713944]]}},{"type":"Feature","properties":{"level":"expressway","ref":"S57","name":"渑淅高速","routeKey":"expressway-S57","chainIndex":0,"sourceSegmentCount":651,"visualLengthKm":81.33,"sourceOsmCount":651},"geometry":{"type":"LineString","coordinates":[[111.7684819,34.4191311],[111.7670898,34.420774],[111.7643015,34.4241055],[111.7628814,34.4257952],[111.7611171,34.4280917],[111.7595063,34.4300082],[111.7573821,34.4322573],[111.7559409,34.4343812],[111.7542279,34.4370976],[111.7533374,34.4387965],[111.7527366,34.4412917],[111.7532944,34.4455476],[111.7548608,34.4502722],[111.758809,34.4565711],[111.7630577,34.4620558],[111.7641305,34.4641434],[111.7647525,34.4661777],[111.7654069,34.4688574],[111.7664469,34.4729501],[111.7674106,34.4762601],[111.7686196,34.4793735],[111.7693903,34.4810147],[111.7705845,34.4835599],[111.7712959,34.4857811],[111.7718022,34.4877256],[111.7721683,34.4898555],[111.7726196,34.4936638],[111.7728129,34.4966297],[111.7731349,34.5029],[111.7732851,34.5065342],[111.773446,34.5102295],[111.7736066,34.5136882],[111.7740981,34.5166284],[111.7750944,34.5202212],[111.7760817,34.52397],[111.776823,34.5268023],[111.7774154,34.5315735],[111.7773979,34.53348],[111.7770151,34.5353053],[111.7756138,34.5385938],[111.7735442,34.5431517],[111.7724945,34.5457986],[111.7718536,34.5477419],[111.7714234,34.549525],[111.7711155,34.5517964],[111.7710459,34.5537655],[111.7711441,34.5557336],[111.7714096,34.5576912],[111.771897,34.5598336],[111.7753397,34.5705787],[111.7768319,34.5752547],[111.7773736,34.5770351],[111.7780734,34.5787736],[111.7789136,34.5804381],[111.7801029,34.5823463],[111.7823672,34.5852119],[111.7842721,34.5876239],[111.7860627,34.5899171],[111.7875917,34.5923457],[111.7883328,34.5943033],[111.7889464,34.5965249],[111.7895582,34.5983993],[111.7899401,34.6002636],[111.7902404,34.6023643],[111.7910976,34.606095],[111.7916391,34.6081509],[111.7927436,34.6112366],[111.7937958,34.6138464],[111.7945254,34.6155329],[111.7958397,34.619462],[111.7965639,34.621784],[111.7970627,34.6236601],[111.7983019,34.6280612],[111.7994177,34.632281],[111.8003511,34.6352471],[111.8012524,34.6382131],[111.802057,34.6419558],[111.8024111,34.6439859],[111.8026793,34.647543],[111.8026793,34.6495112],[111.802572,34.6514132],[111.8024003,34.65403],[111.8022287,34.6573925],[111.8018146,34.6611319],[111.8014187,34.6633978],[111.8005684,34.6655951],[111.7995357,34.6681188],[111.7984199,34.6704924],[111.7975241,34.6726719],[111.7969215,34.6744412],[111.7959042,34.6780556],[111.7957589,34.6799196],[111.7954652,34.6825534],[111.7954787,34.6853951],[111.795665,34.688214],[111.7960071,34.6906817],[111.7964177,34.6928986],[111.7971347,34.6950786],[111.7978136,34.6969],[111.7987055,34.6989362],[111.8003754,34.7022538],[111.8017168,34.7050638],[111.8034439,34.7082737],[111.8042911,34.7101811],[111.8048734,34.7119315],[111.805297,34.7137707],[111.806016,34.7160466],[111.8065866,34.7192764],[111.806705,34.7212222],[111.8068929,34.725392],[111.806866,34.7276911],[111.806866,34.7300293],[111.8070162,34.7329571],[111.8070323,34.7361789],[111.8071771,34.7382148],[111.8074934,34.7402194],[111.8078931,34.7420085],[111.8086444,34.7440658],[111.8102968,34.7474707],[111.8117827,34.7497759],[111.8133255,34.7519688],[111.8160889,34.7560244],[111.8176312,34.7584756],[111.8190676,34.7610456],[111.8204677,34.7644125],[111.8210363,34.7664573],[111.8213957,34.7696785],[111.8216395,34.7725558],[111.8219359,34.7759116],[111.822083,34.7783512],[111.8223238,34.7826594],[111.8225598,34.7845804],[111.8239653,34.7903165],[111.8244331,34.7922722],[111.8248966,34.7940173],[111.8251477,34.795953],[111.8250327,34.7978739],[111.8240985,34.8021573],[111.8234439,34.8059551],[111.8221032,34.8126482],[111.8216639,34.8146979],[111.821084,34.8167237],[111.8202046,34.8191872],[111.8193753,34.8208872],[111.817895,34.8238989],[111.8169134,34.8258494],[111.8158525,34.8279737],[111.8146743,34.8298047],[111.813027,34.8316961],[111.8115152,34.8329988],[111.8097783,34.8341966],[111.8069365,34.8355783],[111.8052821,34.8363201],[111.7998432,34.8388435],[111.7973577,34.839945],[111.7956168,34.8406156],[111.792687,34.8415719],[111.7906892,34.8420362],[111.7881525,34.8426021],[111.7854112,34.8432361],[111.78116340000001,34.844102649999996],[111.7794097,34.8447011],[111.7776596,34.8454638],[111.7760293,34.8465662],[111.7745498,34.8479159],[111.7730838,34.8501612],[111.7722868,34.8519307],[111.7721879,34.8569185],[111.7721343,34.8593659],[111.7719863,34.8614951],[111.7718983,34.8633274],[111.7695164,34.8740138],[111.7683363,34.8781155],[111.767479,34.8804936],[111.7634439,34.8885008],[111.7626687,34.8903596],[111.7622612,34.8922955],[111.7622285,34.8942189],[111.7626929,34.8968212],[111.7634225,34.8987882],[111.7645115,34.9006489],[111.765832,34.9022124],[111.7673518,34.9035432],[111.7701173,34.90522],[111.7863285,34.9120563],[111.7889249,34.913332],[111.7908454,34.9140576],[111.7951104,34.9151119],[111.7979393,34.9157859],[111.8003034,34.9168438],[111.8021858,34.9176692],[111.8040848,34.9187073],[111.8073785,34.9201677],[111.8094533,34.9208099],[111.8114753,34.9212488],[111.8134314,34.9217408],[111.8150238,34.9227241],[111.8165359,34.9238064],[111.8179166,34.9251792],[111.8189974,34.92668],[111.8197012,34.9284066],[111.8198904,34.9305929],[111.8192178,34.9335602],[111.818397,34.9361856],[111.8177533,34.9387099],[111.8174851,34.9405129],[111.8173134,34.9423422],[111.8177211,34.9470384],[111.8186545,34.9503978],[111.8189451,34.9524359],[111.8189952,34.9544162],[111.8184714,34.9564732],[111.8181975,34.9583658],[111.8173819,34.9601161],[111.8163737,34.9618581],[111.8153253,34.9634219],[111.8144892,34.9652537],[111.8140411,34.9671923],[111.8142021,34.9690606],[111.8146881,34.970941],[111.81638,34.9747971],[111.8169635,34.9766098],[111.8181395,34.9789992],[111.8187401,34.980915],[111.8191024,34.9830015],[111.8192654,34.9848469],[111.8197924,34.9867584],[111.8207359,34.9886686],[111.8226027,34.9911033],[111.82415785,34.99493615],[111.8241561,34.996987],[111.8238036,34.9988304],[111.822972,35.000679],[111.8217628,35.002425],[111.8193491,35.0047522],[111.81608299999999,35.007815300000004],[111.8140787,35.0097832],[111.8115279,35.0118613],[111.80870685,35.014646150000004],[111.806826,35.0188998],[111.8065582,35.0207427],[111.8067348,35.0228228],[111.8074001,35.0260542],[111.8078087,35.0282192],[111.8077393,35.03032],[111.8075943,35.0328488],[111.8078506,35.0354563],[111.8081219,35.0373407],[111.8088283,35.0391417],[111.8108272,35.0434933],[111.8113519,35.0455919],[111.8117367,35.0476003],[111.8123835,35.050288],[111.813848,35.0524705],[111.8156911,35.0545396],[111.8174725,35.0559803],[111.8186229,35.0574541],[111.8191988,35.0591892],[111.8157596,35.0734465]]}},{"type":"Feature","properties":{"level":"expressway","ref":"S60","name":"商登高速","routeKey":"expressway-S60","chainIndex":0,"sourceSegmentCount":308,"visualLengthKm":84.28,"sourceOsmCount":308},"geometry":{"type":"LineString","coordinates":[[113.1378047,34.4846644],[113.1403613,34.4856091],[113.1440769,34.4876448],[113.1463909,34.4880189],[113.1483865,34.4888635],[113.1504196,34.4897345],[113.1527156,34.4900838],[113.1548238,34.4892614],[113.1568037,34.4887673],[113.1619424,34.4877227],[113.1648872,34.4871533],[113.1683582,34.4864404],[113.1707239,34.4860292],[113.1734973,34.4856622],[113.1764477,34.4854765],[113.1796449,34.4854632],[113.1826168,34.4856091],[113.184607,34.4857993],[113.186726,34.4861221],[113.1886947,34.4864316],[113.1915218,34.4867057],[113.1945044,34.486834],[113.1982166,34.4866836],[113.2027763,34.4864051],[113.2056731,34.4862105],[113.2095784,34.4860425],[113.2122606,34.4860513],[113.2144654,34.4861486],[113.2167326,34.4863512],[113.2200293,34.4866268],[113.222046,34.4869749],[113.2263179,34.4878708],[113.229296,34.4885652],[113.2316102,34.4891043],[113.2353513,34.48994],[113.2418473,34.4913902],[113.2446176,34.4920085],[113.2481399,34.4925724],[113.2511075,34.4927747],[113.2535481,34.4927256],[113.25697,34.4925451],[113.2607349,34.4923414],[113.2636248,34.4924661],[113.2672413,34.4931314],[113.2694049,34.4938393],[113.2717971,34.494903],[113.2747878,34.496396],[113.2772797,34.497421],[113.2794557,34.4980715],[113.2822147,34.4985947],[113.2851264,34.4989068],[113.2883333,34.4988979],[113.2906515,34.4986783],[113.292804,34.498283],[113.2958619,34.4975981],[113.2982775,34.4970194],[113.3008444,34.4965083],[113.3045892,34.4960206],[113.3080148,34.4957502],[113.3112248,34.4956086],[113.3171447,34.4953788],[113.3199262,34.4950845],[113.3224069,34.4946219],[113.3251207,34.4938982],[113.330789,34.4916878],[113.3341535,34.49041],[113.3361191,34.4897753],[113.3397043,34.4888923],[113.3415046,34.4885414],[113.3449614,34.4881063],[113.3478484,34.4878933],[113.3504338,34.4878002],[113.3544681,34.4878046],[113.3573083,34.487629],[113.3600553,34.4871732],[113.3637205,34.4862013],[113.3681411,34.4845073],[113.3705892,34.483505],[113.3734814,34.4819975],[113.3756447,34.4810944],[113.3773398,34.4803781],[113.3792388,34.4795291],[113.3819854,34.4782688],[113.3848447,34.4769465],[113.3867544,34.476124],[113.3900428,34.4749433],[113.3922422,34.4742888],[113.3951765,34.4736077],[113.3977622,34.4731036],[113.3999133,34.4727056],[113.4024024,34.4722456],[113.4045052,34.4717503],[113.4070427,34.4708382],[113.4096159,34.4697732],[113.4121902,34.4683554],[113.4141766,34.4670346],[113.416729,34.465085],[113.4191726,34.4634302],[113.44058054999999,34.4597866],[113.4424853,34.4599672],[113.4450747,34.4601389],[113.4477961,34.4600641],[113.449651,34.4599231],[113.4545606,34.4592692],[113.4573609,34.4589994],[113.4597588,34.4589729],[113.4617972,34.4590967],[113.4667647,34.459831],[113.4702516,34.4602954],[113.4732234,34.4604104],[113.4773594,34.460176],[113.4803903,34.4600256],[113.4824878,34.4599813],[113.4849662,34.4601008],[113.4897609,34.4607214],[113.4921586,34.4612843],[113.4956642,34.4621152],[113.4977926,34.4625031],[113.501131,34.4630282],[113.5039423,34.4632661],[113.5069294,34.4632837],[113.5087324,34.4632352],[113.5129185,34.4627944],[113.5149772,34.4624329],[113.5175489,34.4618939],[113.5197642,34.4614074],[113.5241741,34.4604697],[113.5280197,34.4596427],[113.5298522,34.4592356],[113.534646,34.4582873],[113.5377413,34.4576946],[113.5399032,34.4573407],[113.5442108,34.456978],[113.5468662,34.4569338],[113.5494715,34.4569102],[113.5535033,34.4572334],[113.5555846,34.4573838],[113.5604187,34.4577687],[113.5656496,34.4581978],[113.5696029,34.4585427],[113.5730138,34.4588081],[113.5758465,34.4590244],[113.5778799,34.4590508],[113.5799621,34.4589363],[113.582189,34.4586389],[113.5848999,34.458159],[113.5870671,34.4575928],[113.5897118,34.4570222],[113.5922652,34.4567436],[113.5950708,34.4567038],[113.5989869,34.4571903],[113.6028571,34.4581612],[113.6086321,34.4596806],[113.6125266,34.4607288],[113.6146475,34.4611568],[113.619115,34.4623508],[113.621422,34.4629761],[113.6244145,34.4631245],[113.6263853,34.4631643],[113.6294857,34.4629796],[113.6315117,34.4626667],[113.6367234,34.4616985],[113.6387101,34.4613222],[113.6425298,34.4607775],[113.66115959999999,34.46286885],[113.6629988,34.4632436],[113.6665447,34.4640839],[113.6698541,34.4648579],[113.6731968,34.465632],[113.6782128,34.4668483],[113.6808895,34.4674265],[113.6838792,34.4679821],[113.6872599,34.4683482],[113.6903506,34.4685069],[113.692207,34.4684805],[113.6955209,34.4682998],[113.6977405,34.4680352],[113.7006741,34.4675612],[113.7026293,34.4671615],[113.7047053,34.466706],[113.7070257,34.466215],[113.7108792,34.4653705],[113.7128539,34.4649435],[113.7153722,34.4643853],[113.7175432,34.4637279],[113.719927,34.4627596],[113.7220615,34.4615563],[113.7240466,34.460168],[113.7255365,34.4589418],[113.7271972,34.4575193],[113.7293297,34.4560079],[113.7314618,34.454781],[113.733641,34.4538312],[113.7353868,34.4532325],[113.7372776,34.4526744],[113.7399895,34.4521631],[113.7517696,34.4520739],[113.7541093,34.452062],[113.7568565,34.4520643],[113.7591203,34.451919],[113.7622789,34.4514801],[113.7641841,34.4512564],[113.7664211,34.4509135],[113.7694198,34.4505641],[113.7715226,34.4503982],[113.7742156,34.4502655],[113.7764647,34.4501179],[113.7787374,34.4499902],[113.7807025,34.4497267],[113.7827971,34.4492668],[113.7853254,34.4484551],[113.7870243,34.4477305],[113.789244,34.4465299],[113.7908319,34.445587],[113.7926305,34.4444596],[113.7955139,34.4426679],[113.7975319,34.4414064],[113.7996188,34.4402875],[113.8022608,34.4389204],[113.8044521,34.4379493],[113.8065228,34.4371839],[113.8091513,34.4363565],[113.8122225,34.4356155],[113.8147464,34.4351487],[113.8168938,34.4348668],[113.8198657,34.4346855],[113.8221697,34.4346279],[113.8240929,34.4346324],[113.8285282,34.4346956],[113.8314368,34.4348049],[113.8332902,34.4348403],[113.8354363,34.4347657],[113.8376356,34.4348075],[113.8408991,34.4347281],[113.8437149,34.4345472],[113.8466127,34.434389],[113.8488202,34.4341501],[113.851548,34.4338714],[113.8533906,34.4337386],[113.8569258,34.4336988],[113.8589106,34.433774],[113.8625351,34.434106],[113.8650778,34.4343454],[113.8674321,34.4348203],[113.8694775,34.4353201],[113.8717783,34.4360179],[113.873983,34.4367594],[113.8772462,34.4379413],[113.8808155,34.4392262],[113.8830022,34.4399671],[113.8856771,34.4406987],[113.8884096,34.4413439],[113.8917945,34.4417266],[113.8948147,34.4418173],[113.8966198,34.4417532],[113.8993852,34.4415076],[113.9025898,34.4409853],[113.9231037,34.4371469],[113.9261107,34.4365813],[113.9293653,34.436111],[113.9330707,34.4357211],[113.9351283,34.4355858],[113.9373871,34.4355035],[113.9407848,34.4353362],[113.9432396,34.4354449],[113.945605,34.4356581],[113.9606906,34.437297],[113.9633185,34.4375223],[113.9655427,34.4376546],[113.9680139,34.4377076],[113.9703094,34.4376966],[113.9726035,34.4376216],[113.9764206,34.4373476],[113.9785469,34.437184],[113.9803415,34.4370312],[113.9836995,34.4367569],[113.9870451,34.4365354],[113.9895962,34.436491],[113.9915727,34.4365553],[113.9939271,34.4367485],[113.9962322,34.4370328],[113.99831,34.4374113],[114.0009997,34.4380522],[114.002916,34.4386115],[114.0046513,34.4392159],[114.0064919,34.4399362],[114.008449,34.4407255],[114.0103849,34.4414378],[114.0131154,34.4422772],[114.0157004,34.4428549],[114.0175762,34.4431788],[114.0200231,34.4435149],[114.0207616,34.4436072]]}},{"type":"Feature","properties":{"level":"expressway","ref":"G59","name":"三淅高速","routeKey":"expressway-G59","chainIndex":0,"sourceSegmentCount":544,"visualLengthKm":211.05,"sourceOsmCount":544},"geometry":{"type":"LineString","coordinates":[[111.1289907,33.1273204],[111.1308369,33.1283484],[111.134088,33.129321],[111.1370841,33.1295012],[111.1391683,33.129527],[111.142766,33.129593],[111.1449,33.129851],[111.1475616,33.1304131],[111.1559825,33.1335436],[111.1582936,33.1349072],[111.1602767,33.1366759],[111.161375,33.1382125],[111.1622628,33.1402687],[111.1628534,33.1435436],[111.1633119,33.1464961],[111.1635813,33.1483201],[111.1638312,33.1504831],[111.1636359,33.1526],[111.162951,33.1544708],[111.16101,33.157862],[111.160023,33.159545],[111.159286,33.161519],[111.159021,33.163849],[111.1591101,33.1660076],[111.1596276,33.1713669],[111.1596316,33.1732584],[111.1595224,33.1757306],[111.1593113,33.178818],[111.15942,33.1809842],[111.159615,33.1830972],[111.1607087,33.1855032],[111.1621972,33.1877971],[111.1639333,33.1895506],[111.166729,33.191856],[111.168123,33.193072],[111.169413,33.194982],[111.1697036,33.1975963],[111.1691952,33.199626],[111.1681607,33.2018274],[111.1670975,33.2047544],[111.1664663,33.2072016],[111.1656064,33.2092449],[111.16437,33.211482],[111.163271,33.21317],[111.162182,33.215116],[111.1604243,33.2190737],[111.1587993,33.2222016],[111.1576872,33.224401],[111.1564917,33.2262693],[111.154457,33.2286878],[111.1525063,33.2304783],[111.1489876,33.2333407],[111.1472813,33.2352989],[111.145407,33.239829],[111.1435119,33.2430776],[111.1385601,33.2494438],[111.1370487,33.2507666],[111.1358744,33.2526216],[111.1351126,33.2552316],[111.1348794,33.2579524],[111.1348098,33.2602517],[111.1344496,33.2624626],[111.1273766,33.2736061],[111.1265214,33.2773178],[111.126102,33.2795383],[111.1255998,33.2812985],[111.1240139,33.2859734],[111.1224357,33.2928595],[111.1221838,33.2960272],[111.1220999,33.2985414],[111.1215636,33.3007181],[111.120586,33.302774],[111.119072,33.30494],[111.118444,33.306643],[111.118151,33.308741],[111.118176,33.310622],[111.118445,33.312496],[111.120152,33.31764],[111.120451,33.3194581],[111.1197761,33.3218012],[111.118451,33.323788],[111.115488,33.325708],[111.113258,33.327133],[111.111538,33.328815],[111.110551,33.330631],[111.110214,33.332722],[111.1111885,33.3378878],[111.1116421,33.340741],[111.1116409,33.3439679],[111.111304,33.3462191],[111.1101736,33.3501438],[111.1096455,33.3518755],[111.1086237,33.354926],[111.1078265,33.3565403],[111.1063045,33.3587043],[111.1054249,33.3604537],[111.1051105,33.3623037],[111.1053858,33.3642008],[111.1074692,33.36761],[111.1085212,33.369718],[111.1072434,33.3790885],[111.1054769,33.3823505],[111.1039893,33.3844651],[111.1019672,33.3868158],[111.1007339,33.3884794],[111.0992232,33.3907364],[111.0956564,33.3937318],[111.0942718,33.3950962],[111.0934596,33.3967127],[111.0932051,33.4008266],[111.0929415,33.4033826],[111.0926449,33.4055971],[111.092928,33.4077214],[111.0932544,33.4097039],[111.0930564,33.4116651],[111.0917649,33.4152296],[111.0908028,33.418582],[111.090958,33.4205187],[111.0918081,33.4240587],[111.0926052,33.4273143],[111.0929208,33.429271],[111.0929378,33.4311472],[111.0929421,33.4334284],[111.0934174,33.4358465],[111.094327,33.4374777],[111.0958207,33.4390121],[111.0977065,33.4403],[111.1039569,33.4440092],[111.1060129,33.4454414],[111.1075911,33.4470572],[111.108888,33.449176],[111.109249,33.45152],[111.108863,33.454112],[111.10843,33.456167],[111.108242,33.45797],[111.108557,33.460904],[111.109283,33.463272],[111.110321,33.465049],[111.111792,33.467243],[111.113726,33.469182],[111.1185042,33.4728953],[111.1203192,33.474529],[111.1217737,33.4759164],[111.1228384,33.4774095],[111.123836,33.479407],[111.124047,33.481219],[111.1235476,33.4856454],[111.1231213,33.487596],[111.1231052,33.4899355],[111.123851,33.491678],[111.124928,33.493272],[111.127465,33.495693],[111.128736,33.49722],[111.129775,33.498881],[111.1306512,33.5006103],[111.131615,33.503165],[111.132072,33.505054],[111.132468,33.508341],[111.132911,33.510153],[111.133658,33.511883],[111.135021,33.51393],[111.136289,33.515238],[111.1384145,33.5169067],[111.140135,33.518189],[111.14455305,33.523034100000004],[111.1469514,33.5261269],[111.148319,33.5275582],[111.14946,33.528968],[111.1502959,33.5306069],[111.151387,33.532987],[111.15193,33.535701],[111.152779,33.53773],[111.154218,33.539524],[111.15559,33.540702],[111.158226,33.542084],[111.160827,33.543175],[111.1632691,33.5441531],[111.165867,33.545426],[111.167888,33.546707],[111.170264,33.548856],[111.171677,33.550648],[111.173075,33.553243],[111.173835,33.555684],[111.174572,33.562047],[111.175098,33.564315],[111.176303,33.56658],[111.178102,33.568487],[111.18,33.56982],[111.182063,33.570861],[111.1859688,33.5727594],[111.1877424,33.5737524],[111.18926,33.5752839],[111.1902222,33.5774021],[111.1903181,33.5801075],[111.190278,33.582829],[111.191228,33.587482],[111.192912,33.589025],[111.194431,33.590215],[111.196714,33.591659],[111.1990134,33.5937214],[111.2003624,33.5951125],[111.2018216,33.5973556],[111.2026103,33.6013904],[111.2025499,33.6043846],[111.2015697,33.6061043],[111.1999467,33.6078353],[111.198111,33.609597],[111.196626,33.612295],[111.195274,33.614297],[111.193969,33.615759],[111.192943,33.61734],[111.1918401,33.6199442],[111.190619,33.621712],[111.188291,33.6238],[111.186497,33.625716],[111.185299,33.627601],[111.184183,33.630711],[111.1826425,33.6342505],[111.1726873,33.6512149],[111.1716435,33.6529109],[111.1700047,33.654584],[111.1676012,33.6567218],[111.1661986,33.6581795],[111.164745,33.66008],[111.1630583,33.6621949],[111.1614815,33.6657686],[111.1613041,33.6680996],[111.1610107,33.6712142],[111.160603,33.6732745],[111.1610335,33.6759604],[111.161233,33.6779472],[111.1609232,33.6811665],[111.1602795,33.6834431],[111.1590993,33.6861302],[111.1551404,33.6926559],[111.1527371,33.6957177],[111.1494745,33.6997741],[111.147574,33.701915],[111.143191,33.705733],[111.141635,33.707159],[111.1404076,33.7087282],[111.139573,33.710549],[111.139225,33.713113],[111.138772,33.715069],[111.138219,33.7172922],[111.1371967,33.7191186],[111.1359638,33.7205919],[111.1334423,33.7224],[111.1318493,33.7233657],[111.1300908,33.7243091],[111.1279005,33.7255989],[111.1261722,33.726821],[111.1242654,33.7285022],[111.1213589,33.7312231],[111.1181443,33.7342433],[111.1168964,33.7357005],[111.1159489,33.7373348],[111.1153443,33.7393706],[111.1146655,33.741172],[111.1135465,33.7428414],[111.1123769,33.7442455],[111.1109596,33.74548],[111.1093072,33.7465768],[111.09322125,33.751669899999996],[111.0915314,33.7525543],[111.089142,33.7536881],[111.0870428,33.7545926],[111.0826579,33.7568352],[111.0808902,33.7575364],[111.0782097,33.7583221],[111.0755738,33.7587569],[111.0720691,33.7589794],[111.0665129,33.7585811],[111.0641142,33.7581405],[111.0618387,33.7575971],[111.0597477,33.7570849],[111.057848,33.756921],[111.055605,33.756807],[111.0528879,33.7571253],[111.050243,33.757819],[111.048386,33.758548],[111.046175,33.759785],[111.0446901,33.7608782],[111.0426424,33.7626284],[111.041448,33.7641508],[111.0402631,33.7655196],[111.0387893,33.7667156],[111.0367981,33.7681135],[111.03511,33.768781],[111.032635,33.769503],[111.0295469,33.7701732],[111.026582,33.770924],[111.023061,33.772382],[111.020392,33.774249],[111.017967,33.776703],[111.0156139,33.7787051],[111.013294,33.7804538],[111.0116773,33.7814646],[111.0098132,33.7826328],[111.0073806,33.7836487],[111.004893,33.784733],[111.001986,33.786427],[110.999257,33.7882714],[110.9977235,33.7896801],[110.9958809,33.7911951],[110.9942043,33.792368],[110.9922512,33.7934744],[110.9906036,33.7943057],[110.988792,33.7952109],[110.986809,33.795937],[110.98414,33.796655],[110.982308,33.797384],[110.980453,33.798392],[110.9781003,33.80009],[110.975954,33.80156],[110.973655,33.802642],[110.969997,33.803924],[110.966697,33.805123],[110.964084,33.806405],[110.962342,33.80745],[110.959394,33.809654],[110.957138,33.811844],[110.955367,33.814168],[110.954457,33.815834],[110.952958,33.8180971],[110.9524578,33.819949],[110.9535241,33.8300164],[110.9544642,33.8327727],[110.9552323,33.8346721],[110.9563398,33.8371752],[110.9574976,33.8393788],[110.9585864,33.8416009],[110.9591172,33.843444],[110.9595348,33.8473002],[110.9595877,33.8491513],[110.9598927,33.8560914],[110.9601064,33.8581944],[110.9605188,33.8609235],[110.9607014,33.8633957],[110.9756939,33.8910517],[110.9770818,33.8927314],[110.9783953,33.8946001],[110.9797401,33.8961068],[110.9810752,33.8978772],[110.9821295,33.8997425],[110.9831308,33.9023293],[110.9836426,33.9058227],[110.9835593,33.9080734],[110.983699,33.9106976],[110.9826583,33.9132708],[110.9821287,33.9153603],[110.981978,33.917775],[110.982385,33.919962],[110.9831508,33.9225577],[110.9837505,33.9244591],[110.98445,33.9262514],[110.984713,33.929307],[110.984663,33.931396],[110.9844896,33.9332274],[110.9841011,33.9350958],[110.98395624999999,33.940221949999994],[110.9844602,33.9420354],[110.9857853,33.946716],[110.9869503,33.9487528],[110.9890989,33.9519351],[110.9911551,33.9538981],[110.9926157,33.9557058],[110.994553,33.957471],[110.996303,33.959677],[110.997454,33.96186],[110.998191,33.964436],[110.99834,33.967437],[110.998577,33.96932],[110.999411,33.97161],[111.000495,33.973262],[111.002464,33.975227],[111.005067,33.977328],[111.0075708,33.9798608],[111.008977,33.982722],[111.0099685,33.9867479],[111.0102217,33.9912937],[111.0091715,33.9939536],[111.0084608,33.9956662],[111.0078833,33.997459],[111.0074842,33.9994885],[111.0074475,34.0031068],[111.007731,34.005923],[111.008241,34.008126],[111.008889,34.010008],[111.0106445,34.013469],[111.012852,34.01607],[111.014353,34.018501],[111.015209,34.020541],[111.016322,34.022364],[111.0178193,34.0243147],[111.0189075,34.0258493],[111.0197769,34.027773],[111.0203649,34.0322899],[111.0209057,34.0368611],[111.0216,34.039901],[111.022522,34.04298],[111.024031,34.046364],[111.0248625,34.0481707],[111.0260708,34.0501753],[111.0272838,34.0521999],[111.0282005,34.0537892],[111.0301664,34.0566477],[111.0311129,34.0582423],[111.0321018,34.0599639],[111.0344004,34.0627145],[111.0357725,34.0643356],[111.0375483,34.0668674],[111.0388105,34.0687943],[111.0405133,34.0711909],[111.0426161,34.0736379],[111.0440336,34.0749747],[111.0451195,34.0764552],[111.0466104,34.0787694],[111.0477304,34.0807108],[111.0485097,34.0825637],[111.0489935,34.0846865],[111.0491749,34.0865728],[111.0491767,34.0889736],[111.0495426,34.0922445],[111.0489939,34.0943127],[111.0487617,34.0965959],[111.0483787,34.0985987],[111.0478379,34.1004096],[111.0467058,34.1030077],[111.0453125,34.1055212],[111.0440957,34.1069796],[111.0419876,34.1093451],[111.0403873,34.1114953],[111.038449,34.113837],[111.0373035,34.1163067],[111.0367728,34.1182923],[111.0367795,34.1202057],[111.0372364,34.1230894],[111.0372061,34.125595],[111.0367258,34.1273468],[111.0358826,34.1290514],[111.0342769,34.1310173],[111.0321573,34.1327273],[111.0302325,34.133948],[111.0283412,34.1355718],[111.0269774,34.1377182],[111.0264836,34.140037],[111.0268665,34.1424809],[111.0279689,34.1448234],[111.0296339,34.1473524],[111.0309641,34.1490788],[111.0321634,34.1504827],[111.0341352,34.1525287],[111.0355125,34.1537991],[111.0373667,34.1555977],[111.0387978,34.1572683],[111.0398391,34.1589584],[111.0405748,34.1606317],[111.0411929,34.1629804],[111.0412231,34.1660379],[111.0408099,34.1679724],[111.0399802,34.1703765],[111.0390799,34.1731946],[111.0381945,34.1750502],[111.0371666,34.1779655],[111.036273,34.1804916],[111.0355575,34.1825091],[111.034711,34.1848183],[111.0336831,34.1875526],[111.0327459,34.1896922],[111.0318086,34.1914789],[111.0300081,34.1944853],[111.028782,34.1961829],[111.0273308,34.1979028],[111.0260093,34.1998541],[111.0242827,34.2017489],[111.0225527,34.2038659],[111.0210444,34.2062496],[111.0198553,34.2087637],[111.0191229,34.2112611],[111.0189785,34.2136835],[111.0194823,34.2161835],[111.0206077,34.2185446],[111.0223765,34.2206678],[111.0248623,34.2228232],[111.0266729,34.2246091],[111.0286314,34.2271283],[111.0300187,34.2296224],[111.0310533,34.2320025],[111.0317856,34.2337161],[111.0328135,34.2361517],[111.0335492,34.2385733],[111.0337373,34.2410254],[111.0334148,34.2433191],[111.0326422,34.245524],[111.0311745,34.2479385],[111.0300712,34.2493728],[111.0288987,34.251402],[111.0282323,34.2536521],[111.0281757,34.2557877],[111.0286127,34.2577961],[111.0295305,34.2598095],[111.0312751,34.2620256],[111.0327808,34.263296],[111.0344782,34.2643767],[111.03638,34.2655639],[111.0381591,34.2671122],[111.0395291,34.2696181],[111.0400635,34.2714832],[111.04290616666667,34.2811881],[111.0442819,34.2839093],[111.0451306,34.2860105],[111.0456713,34.2883765],[111.0459322,34.2908307],[111.0459165,34.2930148],[111.0460894,34.2950222],[111.04652,34.2970478],[111.047177,34.2989434],[111.0482406,34.3009724],[111.0495854,34.3029401],[111.050651,34.305046],[111.0515815,34.3074971],[111.0521724,34.3096938],[111.0525214,34.3122564],[111.0525617,34.3143142],[111.052437,34.3169048],[111.0518198,34.3197266],[111.0513751,34.3215412],[111.0506762,34.3238562],[111.0500758,34.3268286],[111.0500381,34.3293829],[111.0505347,34.3324589],[111.0508931,34.3342863],[111.0509465,34.3363498],[111.0506416,34.3384289],[111.0501921,34.3404119],[111.0501513,34.3422832],[111.0506731,34.3443206],[111.0516475,34.346127],[111.0526722,34.3481669],[111.0532066,34.3502275],[111.0532318,34.3522491],[111.0527163,34.3550051],[111.0524899,34.3570162],[111.0527508,34.3595022],[111.0532789,34.361425],[111.0542471,34.3633062],[111.0553567,34.3648475],[111.0576577,34.3673125],[111.059318,34.3692753],[111.0608837,34.3709443],[111.0625299,34.3729635],[111.0632727,34.3753004],[111.0641654,34.3770023],[111.0656931,34.3787509],[111.0682047,34.3814671],[111.0706848,34.3848395],[111.0713481,34.3868084],[111.0715618,34.3890938],[111.0712192,34.3913401],[111.0701284,34.3936383],[111.0688355,34.3954261],[111.0663491,34.396819],[111.0644882,34.397706],[111.0626116,34.398868],[111.0606784,34.400751],[111.0589967,34.4031578],[111.0575288,34.4047451],[111.0554447,34.406143],[111.0532569,34.4071726],[111.0505483,34.4082274],[111.0470403,34.4096668],[111.044601,34.4107145],[111.0420957,34.4117777],[111.0394804,34.4128695],[111.0364722,34.4140442],[111.0344824,34.4143347],[111.0316251,34.4143917],[111.0284377,34.4147962],[111.0249894,34.4160487],[111.0225627,34.4174983],[111.0210618,34.4189486],[111.0194115,34.4198451],[111.0175915,34.4211727],[111.0151616,34.4225522],[111.0134642,34.4233508],[111.0115027,34.4241883],[111.0097362,34.4254077],[111.0080073,34.4265226],[111.0063068,34.4280368],[111.00482,34.4298103],[111.0033362,34.4316996],[111.0026792,34.4335197],[111.0025284,34.4363255],[111.002717,34.438778],[111.0030911,34.4413601],[111.0033017,34.443198],[111.0034966,34.4450826],[111.0030973,34.4473034],[111.0027138,34.4499293],[111.0016105,34.4528972],[111.0008341,34.4548334],[110.9999854,34.4568991],[110.9989481,34.4594417],[110.9977599,34.4624378],[110.9966314,34.4645526],[110.9951005,34.4666026],[110.9930636,34.4685644],[110.9905404,34.4703393],[110.9884483,34.4717787],[110.985021,34.4746974],[110.9836908,34.4765635],[110.981734,34.479267],[110.979888,34.4810751],[110.9780021,34.4825503],[110.9761641,34.4840148],[110.9746137,34.4855424],[110.9730092,34.4875724],[110.9718036,34.4904288],[110.971206,34.493076],[110.9700824,34.4956063],[110.9684822,34.4980617],[110.9668756,34.5000451],[110.9654953,34.502346],[110.9647679,34.5043327],[110.9645099,34.506703],[110.9647131,34.5090264],[110.9648139,34.5112574],[110.9644353,34.5132159],[110.9621891,34.5158269],[110.9607241,34.5173358],[110.9588929,34.5192218],[110.9556324,34.522756400000006],[110.9543913,34.5246092],[110.953807,34.5265547],[110.9535727,34.5287645],[110.9540415,34.5317345],[110.9549543,34.5336701],[110.9561954,34.5353781],[110.9583726,34.538139],[110.9600345,34.5404653],[110.9609244,34.542334],[110.9620474,34.5453917],[110.9636424,34.5476049],[110.9660144,34.5492257],[110.9705519,34.5520756],[110.972382,34.5539622],[110.973851,34.5561872],[110.974847,34.5585761],[110.9751048,34.5604965],[110.9750612,34.5627367],[110.9746006,34.5650947],[110.97381,34.5672937],[110.9725637,34.5710635],[110.9718053,34.573168],[110.9711531,34.5752285],[110.9707274,34.5773343],[110.9705127,34.5795093],[110.9705481,34.5816585],[110.9707764,34.5834671],[110.9712102,34.5854094],[110.9723359,34.5886925],[110.9738084,34.5927686],[110.9745622,34.5952233],[110.9756118,34.5980982],[110.9764822,34.5999177],[110.9773714,34.6017641],[110.9785618,34.6034573],[110.9804078,34.6053807],[110.9817133,34.6067307],[110.9828503,34.6085673],[110.9836251,34.6102699],[110.9841658,34.6131164],[110.9840628,34.615091],[110.9834407,34.617124],[110.9825122,34.6194994],[110.9822516,34.6213685],[110.9824683,34.623299],[110.9838384,34.6262006],[110.9844427,34.6281142],[110.9846028,34.6299255],[110.9842252,34.6317891],[110.98342,34.633462],[110.981015,34.6357366],[110.9792706,34.636601],[110.9772208,34.6372267],[110.9740225,34.6381229],[110.9721484,34.6386159],[110.9704572,34.639391],[110.968901,34.640463],[110.967586,34.6417804],[110.9658058,34.6445014],[110.9645229,34.6468454],[110.9628597,34.6501057],[110.9616504,34.6521059],[110.9599451,34.6552143],[110.9586259,34.6575853],[110.9577577,34.6593138],[110.9567995,34.6622147],[110.9562036,34.6647876],[110.9551935,34.6668524],[110.9542843,34.6684374],[110.952239,34.6709399],[110.9509576,34.6723324],[110.9491709,34.6742497],[110.9477105,34.6756984],[110.9462551,34.6770148],[110.9447907,34.67816],[110.9430951,34.6789814],[110.9354691,34.681585],[110.9334536,34.6823013],[110.9315757,34.6831855],[110.9297998,34.6841876],[110.9281942,34.6855256],[110.9263777,34.687359],[110.9250054,34.6885609],[110.9232352,34.6897539],[110.9213915,34.6905974],[110.9193081,34.6912333],[110.917427,34.6915643],[110.8981338,34.6940341]]}},{"type":"Feature","properties":{"level":"expressway","ref":"S26","name":"台辉高速","routeKey":"expressway-S26","chainIndex":0,"sourceSegmentCount":427,"visualLengthKm":59.73,"sourceOsmCount":427},"geometry":{"type":"LineString","coordinates":[[113.688008,35.6991799],[113.6909585,35.6984763],[113.6938666,35.6985898],[113.6957531,35.6989956],[113.6983801,35.6999327],[113.7003499,35.7011013],[113.7019121,35.702355],[113.7037575,35.7043343],[113.7048725,35.7064096],[113.7055937,35.7083428],[113.7055755,35.7109575],[113.7055027,35.7132576],[113.7058809,35.7151026],[113.706493,35.7168295],[113.7078842,35.7191086],[113.7097823,35.7209508],[113.7118784,35.7221706],[113.7149716,35.7234879],[113.72059665,35.7265857],[113.7223523,35.7278176],[113.7242937,35.7293836],[113.7258395,35.7304326],[113.7285291,35.7317978],[113.7317133,35.732917],[113.7335256,35.7334352],[113.7352685,35.7340413],[113.7388855,35.7358481],[113.7415751,35.7376799],[113.743937,35.7392257],[113.7465895,35.7404201],[113.7495061,35.7413188],[113.752174,35.7417649],[113.7549196,35.7420739],[113.7570544,35.7426468],[113.7590779,35.7436084],[113.7620049,35.7458463],[113.7639493,35.7480469],[113.7657787,35.7495847],[113.7677388,35.7508706],[113.7694807,35.7517172],[113.771267,35.7523552],[113.7739784,35.7530512],[113.7766981,35.7533958],[113.7795565,35.7534157],[113.7819985,35.7531373],[113.7849059,35.7523751],[113.7894468,35.7504729],[113.793857,35.7486302],[113.7988789,35.7464504],[113.8020307,35.7451009],[113.8051597,35.7439442],[113.8082749,35.7430804],[113.810134,35.7426985],[113.81244751666667,35.742390183333335],[113.8217792,35.74029],[113.8235864,35.7396013],[113.8254041,35.7387931],[113.8277392,35.7379138],[113.8305192,35.7370539],[113.832891,35.7363622],[113.8352891,35.7358505],[113.8390103,35.7350635],[113.8435695,35.7341559],[113.8463279,35.733531],[113.8481957,35.7330473],[113.8500971,35.7324114],[113.8527416,35.7314277],[113.85473,35.7307158],[113.858593,35.7301288],[113.8604743,35.7299712],[113.863728,35.7294223],[113.8657163,35.7288793],[113.8675337,35.7285725],[113.8702676,35.7282677],[113.8723843,35.7283224],[113.8744494,35.7288128],[113.8764804,35.729717],[113.8826212,35.7329875],[113.8854112,35.734206],[113.888764,35.7350997],[113.8931255,35.736721],[113.8950737,35.7372644],[113.8983342,35.7375687],[113.9008957,35.7374731],[113.9028801,35.7372427],[113.9047577,35.7369507],[113.906525,35.7365686],[113.9091264,35.735808],[113.9117247,35.7348171],[113.9142891,35.7334621],[113.9167498,35.7323877],[113.9191282,35.7309526],[113.9221229,35.7291456],[113.9447831,35.7215417],[113.9469055,35.7204],[113.949114,35.7192884],[113.9526672,35.7159915],[113.954129,35.7142947],[113.9559017,35.7108466],[113.957448,35.7040077],[113.9582454,35.7020505],[113.959271,35.6996981],[113.98264465,35.68534825],[113.9863621,35.6853216],[113.9909863,35.6854832],[113.9934269,35.6849843],[113.9957394,35.6840272],[113.9973305,35.6830551],[113.999379,35.6810753],[114.0006782,35.6787315],[114.0013694,35.6750484],[114.0021435,35.6729903],[114.0035578,35.6715389],[114.0058587,35.6700291],[114.0081823,35.6690678],[114.0107245,35.6685542],[114.0129391,35.6678676],[114.0149917,35.6669293],[114.017498,35.6666868],[114.0202056,35.666456],[114.0236376,35.6667034],[114.0256694,35.6669912],[114.0276111,35.6670501],[114.0306883,35.6667533],[114.0337408,35.6665993],[114.0364943,35.6666176],[114.0432915,35.6668478],[114.0531025,35.6673814],[114.0561088,35.6673858],[114.0581355,35.6671278],[114.0600613,35.6667266],[114.0625319,35.6658716],[114.0717065,35.6628199],[114.0743815,35.662434],[114.0768726,35.6622353],[114.0791121,35.6627135],[114.0817284,35.6634496],[114.0836935,35.6643441],[114.0859082,35.6650909],[114.0881196,35.6653741],[114.0917035,35.6650277],[114.0939974,35.6644998],[114.0961128,35.6640128],[114.0982546,35.6639143],[114.1016561,35.6643291],[114.1034192,35.6649585],[114.1070914,35.6662962],[114.1096341,35.6666319],[114.1123875,35.6662011],[114.1182416,35.6637891],[114.1207757,35.6635711],[114.1240594,35.6635911],[114.1263309,35.6640525],[114.1287224,35.6650312],[114.131417,35.6656364],[114.1335565,35.6660633],[114.1357022,35.6661766],[114.1384113,35.6660546],[114.1406456,35.6659194],[114.1432144,35.6661199],[114.1453003,35.6664455],[114.1476612,35.6669294],[114.1503065,35.6673924],[114.1525536,35.6675215],[114.1545188,35.6674568],[114.1563851,35.6672264],[114.1589659,35.6665134],[114.1621498,35.6654067],[114.1645892,35.6646601],[114.1668717,35.663872],[114.1707819,35.6632814],[114.1728917,35.6632609],[114.1791905,35.6638304],[114.1815075,35.6638044],[114.1835393,35.6637625],[114.1864538,35.6636225],[114.1889938,35.6637316],[114.1923108,35.664085],[114.1963703,35.6650224],[114.2004378,35.6662429],[114.2033642,35.6669444],[114.2057725,35.6673126],[114.2080669,35.6674568],[114.2116422,35.6673218],[114.2139661,35.6671208],[114.2164547,35.6667369],[114.2205974,35.6663859],[114.2228156,35.6663826],[114.2259168,35.6666827],[114.2287456,35.6671724],[114.2320381,35.6678285],[114.2342938,35.6681571],[114.2366709,35.6683758],[114.2390888,35.6681814],[114.243892,35.6676951],[114.2460803,35.6675922],[114.2480745,35.6676557],[114.2503899,35.6678383],[114.2554995,35.668514],[114.26021275,35.668416300000004]]}},{"type":"Feature","properties":{"level":"expressway","ref":"S32","name":"兰原高速","routeKey":"expressway-S32","chainIndex":0,"sourceSegmentCount":514,"visualLengthKm":47.5,"sourceOsmCount":514},"geometry":{"type":"LineString","coordinates":[[115.3862559,34.7524531],[115.383549,34.7519456],[115.3787317,34.75109005],[115.3711237,34.7497186],[115.3667732,34.7487919],[115.3614396,34.747777],[115.3574292,34.747249],[115.35449,34.74688],[115.3510863,34.7466321],[115.3478797,34.7465428],[115.3455971,34.7465616],[115.3420754,34.7466255],[115.3346805,34.7472304],[115.32611893333335,34.74802053333334],[115.3209536,34.7483717],[115.31834951666667,34.74865388333334],[115.3142459,34.7490174],[115.3119271,34.7492741],[115.3065807,34.749712],[115.3022486,34.7500668],[115.2933626,34.7507054],[115.2855679,34.7514552],[115.2791387,34.7520006],[115.275849,34.7523081],[115.2726772,34.7527003],[115.2706103,34.7530769],[115.2667443,34.7538291],[115.2590892,34.7556181],[115.256824,34.7560125],[115.2537328,34.7564687],[115.2503624,34.7567257],[115.2441198,34.7571364],[115.2403969,34.7574802],[115.2366209,34.7580881],[115.2340507,34.7586073],[115.2310918,34.7593459],[115.2242358,34.7615455],[115.2202749,34.7632336],[115.2173594,34.7646262],[115.2146611,34.7662656],[115.2120562,34.7677098],[115.2083427,34.7703559],[115.2068773,34.7714874],[115.2025267,34.775028],[115.1979549,34.7779273],[115.1933321,34.7805005],[115.1877826,34.7828444],[115.1832451,34.7844532],[115.1811363,34.7851782],[115.1708331,34.7887347],[115.1643949,34.7909295],[115.1598228,34.792488],[115.1529367,34.7948353],[115.146275,34.7974922],[115.1433814,34.7989024],[115.1403049,34.8004662],[115.1370238,34.8023508],[115.1342883,34.8040792],[115.12354285,34.810743],[115.1198583,34.8130949],[115.1166841,34.8151103],[115.1129061,34.817587],[115.1106557,34.8193679],[115.1090839,34.8206847],[115.1065063,34.8230969],[115.1049601,34.8247174],[115.10019510000001,34.8303594],[115.0977141,34.8335804],[115.0950775,34.8368828],[115.091836,34.8402334],[115.0898927,34.8418415],[115.0880045,34.8436059],[115.0851841,34.8455287],[115.0816503,34.8478213],[115.0797674,34.8489527],[115.0774768,34.8502052],[115.0755134,34.8511561],[115.0723001,34.8525582],[115.0690573,34.8537589],[115.0651588,34.8549893],[115.0627206,34.8557255],[115.0594255,34.8564628],[115.0569123,34.8569118],[115.0525296,34.8574709],[115.0487758,34.8579155],[115.0413555,34.858776],[115.0362432,34.8593615],[115.0335409,34.8595651],[115.0280812,34.8601879],[115.0248452,34.8607172],[115.021888,34.8611475],[115.0183985,34.8621324],[115.0137985,34.8635101],[115.0107864,34.864287],[115.0077045,34.864824],[115.0055239,34.8650825],[115.0018264,34.8652619],[114.9997458,34.8652568],[114.9977387,34.8651029],[114.9948192,34.8648284],[114.9906832,34.8644806],[114.9881619,34.8643915],[114.9836102,34.8643288],[114.981211,34.8645522],[114.9772963,34.8649582],[114.9750057,34.8652861],[114.97172,34.8658957],[114.9696051,34.8663821],[114.9666117,34.8671589],[114.9600792,34.8691791],[114.9580729,34.8695973],[114.9537116,34.8705787],[114.9473307,34.871613],[114.9439001,34.8724382],[114.9402496,34.8733075],[114.937204,34.8742438],[114.9322061,34.875806],[114.9296332,34.8764185],[114.9251969,34.8771708],[114.9204384,34.877775],[114.9158506,34.8782632],[114.9137083,34.878503]]}},{"type":"Feature","properties":{"level":"expressway","ref":"G0421","name":"许广高速","routeKey":"expressway-G0421","chainIndex":0,"sourceSegmentCount":471,"visualLengthKm":150.91,"sourceOsmCount":471},"geometry":{"type":"LineString","coordinates":[[113.4638889,33.5960601],[113.4638055,33.593136],[113.463655,33.5900143],[113.4632524,33.5872322],[113.4625363,33.5837165],[113.462112,33.5818782],[113.4611838,33.5778236],[113.4607868,33.5760487],[113.460434,33.5741418],[113.4601696,33.5720998],[113.4599925,33.570117],[113.4599299,33.5677873],[113.4599893,33.565494],[113.460153,33.5634431],[113.4603797,33.5615768],[113.4606421,33.5597381],[113.4609087,33.5568642],[113.4609062,33.5549709],[113.4604829,33.5518262],[113.460035,33.5490109],[113.4598228,33.5471074],[113.4599177,33.5452633],[113.4602561,33.5425688],[113.4607887,33.5399381],[113.4611651,33.5368628],[113.4609981,33.5346993],[113.4607102,33.5326816],[113.4599717,33.5297336],[113.4593893,33.5280168],[113.4590353,33.5260906],[113.4584493,33.5231286],[113.4581226,33.5210446],[113.4578599,33.5170187],[113.4578741,33.515053],[113.4580019,33.5126669],[113.4584835,33.5087592],[113.4585984,33.5051292],[113.4584919,33.5023283],[113.4582434,33.4997997],[113.4579806,33.4977863],[113.4570006,33.4943041],[113.4554171,33.4888998],[113.4545144,33.4857242],[113.4527682,33.4803709],[113.4516675,33.4763193],[113.450936,33.4721373],[113.4506236,33.467333],[113.4504176,33.4650878],[113.4498992,33.4620012],[113.4492814,33.4598388],[113.4480407,33.4566174],[113.4470716,33.4546944],[113.4451881,33.4517397],[113.4429819,33.4487937],[113.440904,33.4454583],[113.4385049,33.4395893],[113.4379762,33.4371898],[113.4379215,33.4351099],[113.4379261,33.4327395],[113.4387649,33.4269053],[113.439022,33.422746],[113.4386119,33.4194393],[113.4382257,33.4176723],[113.43554669999999,33.411268783333334],[113.4345759,33.409129],[113.4338331,33.4073046],[113.4331859,33.4055365],[113.4325643,33.4029527],[113.432376,33.4000118],[113.4320415,33.3975173],[113.4315651,33.3953109],[113.43151,33.3924869],[113.4322815,33.389985],[113.4328395,33.3852223],[113.4325915,33.3821449],[113.4318613,33.379378],[113.4302424,33.3755583],[113.4296362,33.3738555],[113.4294469,33.3715248],[113.4298757,33.3692031],[113.4305963,33.3675423],[113.4315846,33.3656418],[113.4323841,33.3637787],[113.4328878,33.3619117],[113.4331557,33.3597465],[113.43084110000001,33.3476799],[113.4308503,33.3455036],[113.4314581,33.3427674],[113.4318838,33.3407297],[113.431889,33.3381662],[113.4315875,33.336179],[113.4308606,33.3341082],[113.4293618,33.3311273],[113.4284359,33.3286799],[113.4281117,33.3265312],[113.4281054,33.3243075],[113.4285929,33.3218844],[113.4300641,33.3192108],[113.4312722,33.3170398],[113.4319276,33.3152661],[113.4322457,33.3130334],[113.4321393,33.3104854],[113.4303391,33.3067427],[113.4294395,33.305153],[113.4289413,33.3025933],[113.4292111,33.3001285],[113.4297209,33.2982572],[113.4307129,33.295885],[113.4314155,33.2940021],[113.4318426,33.2922286],[113.431933,33.2894922],[113.4322275,33.2868351],[113.4326181,33.2850286],[113.4344298,33.2814351],[113.4361245,33.2789875],[113.4371716,33.2768278],[113.4379156,33.2745068],[113.4380051,33.2720245],[113.4376574,33.269537],[113.4353398,33.2638007],[113.4344236,33.2613872],[113.4338518,33.259325],[113.4335694,33.2570784],[113.4336643,33.2549846],[113.4340504,33.2525033],[113.4347715,33.2503641],[113.4354991,33.2485604],[113.4365285,33.2458072],[113.4369927,33.2439702],[113.4382002,33.2392124],[113.4387169,33.2352112],[113.438698,33.2321765],[113.4386279,33.2300124],[113.4386871,33.2277255],[113.4388737,33.2248231],[113.4389433,33.2228616],[113.4393387,33.2205623],[113.4402586,33.216159],[113.4405881,33.2136737],[113.4407922,33.2086991],[113.4405636,33.2055863],[113.4402611,33.2034074],[113.4398051,33.2010113],[113.4392268,33.19873],[113.4384457,33.1960715],[113.4373867,33.1910184],[113.4372211,33.188971],[113.43792975,33.1780889],[113.4381764,33.1755518],[113.4381777,33.1727387],[113.4378984,33.1695003],[113.4374693,33.1663832],[113.4373266,33.1642519],[113.4372965,33.1623406],[113.43786665,33.153494],[113.4379049,33.1511108],[113.4375754,33.146369],[113.4375751,33.1431623],[113.4378177,33.1412164],[113.43886715,33.1361964],[113.4398682,33.1320694],[113.4418775,33.1244854],[113.4423307,33.1221234],[113.4425501,33.1196052],[113.4427311,33.1176086],[113.4427669,33.1148693],[113.4426617,33.1117114],[113.4424371,33.1089651],[113.4418731,33.1056467],[113.4412047,33.1028974],[113.4405264,33.1004915],[113.43865080999998,33.08160196],[113.4391186,33.0783046],[113.4396798,33.0755857],[113.4401518,33.0727345],[113.4403608,33.0706979],[113.440386,33.067318],[113.44043,33.0646016],[113.4407099,33.0608607],[113.4410339,33.0581636],[113.4413693,33.0563553],[113.4419468,33.0538263],[113.4432469,33.0489907],[113.4437638,33.0469167],[113.444129,33.0449641],[113.4445695,33.042212],[113.4447838,33.0396835],[113.4448389,33.0354831],[113.4448507,33.0306842],[113.4449254,33.0273997],[113.445327,33.0243523],[113.445759,33.0224947],[113.4464559,33.0193353],[113.4474687,33.0159328],[113.4482314,33.0135464],[113.4489171,33.010941],[113.4497219,33.0056493],[113.45335994999999,32.99250255],[113.4548186,32.9881025],[113.4570827,32.981298],[113.457862,32.9787478],[113.4603261,32.9713325],[113.4618265,32.966814],[113.4633317,32.9622923],[113.46484995,32.955874449999996],[113.4650105,32.9533617],[113.4650288,32.9514529],[113.4648641,32.9493235],[113.4645163,32.9469071],[113.4639549,32.9446069],[113.4632913,32.9425188],[113.4622743,32.939928],[113.4612999,32.9375955],[113.4604395,32.9355418],[113.459602,32.9336005],[113.4582569,32.9303101],[113.4567479,32.9264339],[113.4552189,32.9228484],[113.45260365,32.91479415],[113.4517484,32.9109735],[113.4512079,32.9087056],[113.4504324,32.9059307],[113.4497531,32.9031329],[113.448505,32.8973864],[113.4472096,32.8919515],[113.4467951,32.8898962],[113.4466073,32.8868805],[113.4467485,32.884837],[113.4470659,32.8828324],[113.4476428,32.880254],[113.4482111,32.8784408],[113.4487631,32.8765259],[113.4493829,32.8731686],[113.4495322,32.8677677],[113.4497737,32.8652557],[113.4504233,32.8628109],[113.4511526,32.8611379],[113.4527087,32.8586966],[113.4537131,32.8571722],[113.4553088,32.8554378],[113.4566371,32.8539782],[113.4583817,32.851583],[113.4593841,32.8497204],[113.4607799,32.8461492],[113.461952,32.8422098],[113.4633484,32.837601],[113.4641136,32.8351223],[113.4649278,32.8323135],[113.4662919,32.8278138],[113.4670097,32.8256034],[113.4679004,32.8234707],[113.4688291,32.8218506],[113.4703932,32.819633],[113.4720149,32.8177622],[113.4754251,32.8144171],[113.4774307,32.8124616],[113.4788003,32.8110104],[113.4806318,32.8085591],[113.482182,32.8058404],[113.4833148,32.8029664],[113.483914,32.8005185],[113.48411775,32.792175799999995],[113.4841766,32.7903621],[113.4844254,32.7874666],[113.4849108,32.7852617],[113.4856651,32.7824604],[113.4859303,32.7801362],[113.4858541,32.7780714],[113.4854677,32.7760659],[113.4848753,32.7743368],[113.4820425,32.76955845],[113.4807297,32.7680959],[113.4788804,32.7652631],[113.4777754,32.7629374],[113.4769407,32.7600858],[113.4764042,32.7575304],[113.4761,32.755683],[113.4755457,32.7526558],[113.475038,32.7493996],[113.4745845,32.7465953],[113.4742249,32.7443386],[113.4738488,32.7424414],[113.4731323,32.7398364],[113.4722375,32.7372832],[113.4710294,32.7339604],[113.4703951,32.7320636],[113.4696972,32.726424349999995],[113.4698412,32.7242195],[113.4706233,32.7204838],[113.4710201,32.7187269],[113.4715816,32.7162412],[113.4725214,32.7125926],[113.4728015,32.7093971],[113.4726706,32.7069345],[113.4723048,32.7045396],[113.4719154,32.702283],[113.4715798,32.7002664],[113.4712542,32.6982397],[113.4708006,32.6955255],[113.470442,32.6933352],[113.47006,32.6910292],[113.4695716,32.6892902],[113.4689322,32.6872979],[113.4679688,32.6844974],[113.4670907,32.6818678],[113.4665059,32.6797645],[113.4659915,32.6777929],[113.4658906,32.6758122],[113.4658404,32.6737209],[113.4659996,32.671277],[113.466338,32.6692864],[113.466785,32.6671481],[113.4671797,32.6648277],[113.468413,32.6592585],[113.4688942,32.6572064],[113.4692312,32.6546956],[113.4692703,32.6527803],[113.4690491,32.6508179],[113.4686079,32.6488563],[113.4680184,32.6464373],[113.467612,32.644487],[113.4674341,32.6423364],[113.4676063,32.640324],[113.4681143,32.6380266],[113.4689074,32.6359974],[113.4701231,32.6338868],[113.4714687,32.632022],[113.4733612,32.6301124],[113.4748699,32.6287266],[113.4762419,32.6270139],[113.4771683,32.624963],[113.477658,32.6216116],[113.4781079,32.6177585],[113.4783638,32.6157186],[113.480116475,32.608891924999995],[113.4812173,32.6063224],[113.4823303,32.6040952],[113.4834832,32.6022033],[113.4845041,32.6006924],[113.4860791,32.5985797],[113.4875316,32.5969111],[113.4891643,32.595187],[113.4911551,32.5930997],[113.4924578,32.5914532],[113.493526,32.589392],[113.4943598,32.5869945],[113.494748,32.5846416],[113.4947304,32.5823816],[113.4944083,32.5804524],[113.4939451,32.5783187],[113.4939319,32.575973],[113.4945671,32.5741663],[113.4959876,32.5722815],[113.4974522,32.5708502],[113.4985728,32.5694003],[113.4992521,32.567731],[113.4994198,32.5658907],[113.4987845,32.5635781],[113.4969802,32.5610648],[113.4955637,32.5589022],[113.4947289,32.556964],[113.4942361,32.5551132],[113.4936681,32.5532511],[113.4925931,32.5511244],[113.4914695,32.5496081],[113.4890253,32.5467445],[113.4877286,32.5449204],[113.4869829,32.5431922],[113.4866375,32.5410925],[113.4864743,32.5390036],[113.4863067,32.5368988],[113.4860309,32.5347556],[113.485806,32.5320517],[113.4856119,32.5301549],[113.4852001,32.5276395],[113.484395,32.525344],[113.4832463,32.5226108],[113.4826988,32.5208672],[113.4823344,32.5189315],[113.4821909,32.5164761],[113.4822269,32.5144314],[113.4825334,32.5125414],[113.4829124,32.5102915],[113.4834142,32.506819],[113.4837424,32.5046927],[113.4840615,32.5019999],[113.4837696,32.4995582],[113.4828301,32.4968566],[113.4818344,32.4942161],[113.4814742,32.4924351],[113.481264,32.4896085],[113.4816549,32.48709],[113.4821995,32.4850763],[113.4826514,32.4830638],[113.4829323,32.4809735],[113.4829756,32.4791003],[113.4828315,32.4763551],[113.4823817,32.474418],[113.4818484,32.4723316],[113.4815038,32.4702727],[113.481388,32.468125],[113.4815222,32.4657659],[113.4820016,32.4632056],[113.483215,32.4595862],[113.4837709,32.4574254],[113.4840306,32.4551202],[113.4839913,32.4532563],[113.4836511,32.4511062],[113.4830635,32.4491923],[113.4823705,32.4473251],[113.4815071,32.4450171],[113.4800453,32.4411418],[113.479359,32.4393224],[113.4787637,32.4373856],[113.4784201,32.4350695],[113.4782682,32.4327195],[113.4782154,32.4299659],[113.4779723,32.4280487],[113.4774387,32.4257902],[113.4767483,32.4239664],[113.4756698,32.4218086],[113.4745101,32.4199016],[113.4722854,32.4162227],[113.4713297,32.4116944],[113.4714214,32.4092173],[113.4721209,32.4057622],[113.4729425,32.402194],[113.4735019,32.3996683],[113.4737174,32.396892],[113.4734353,32.3941796],[113.4726261,32.3913748],[113.471313,32.3887143],[113.4690184,32.3848067],[113.4681891,32.3824629],[113.4673722,32.3798848],[113.4672059,32.3777397],[113.4678045,32.3743642],[113.4686193,32.3723023],[113.4703819,32.3697915],[113.4756437,32.3649277],[113.476972,32.3635637],[113.4784299,32.3619264],[113.4800783,32.3597719],[113.4817964,32.3575281],[113.4835545,32.355248],[113.4849243,32.353533],[113.4861096,32.3517278],[113.4879969,32.3482136],[113.4890299,32.3461854],[113.4904465,32.3429052],[113.4919225,32.3398345],[113.4929561,32.337442],[113.4943967,32.3339234],[113.495106,32.3322679],[113.495821,32.3305581],[113.4963398,32.328761],[113.4966755,32.3265955],[113.496709,32.3236952],[113.4967085,32.3218059],[113.4967926,32.3160039],[113.4965792,32.3138748],[113.4961029,32.3116239],[113.4951615,32.3093378],[113.4938854,32.3073651],[113.4924559,32.3057589],[113.4906656,32.3042751],[113.4891082,32.303098],[113.4864228,32.301199],[113.4791204,32.2952595],[113.477013,32.2929822],[113.4757715,32.2915084],[113.4739167,32.2893435]]}},{"type":"Feature","properties":{"level":"expressway","ref":"S38","name":"新阳高速","routeKey":"expressway-S38","chainIndex":0,"sourceSegmentCount":278,"visualLengthKm":171.34,"sourceOsmCount":278},"geometry":{"type":"LineString","coordinates":[[115.1936172,32.8478771],[115.1906265,32.8484086],[115.1874985,32.848828],[115.1856432,32.8491509],[115.1833081,32.8493767],[115.1811943,32.8494179],[115.1786062,32.8495521],[115.17605,32.8495897],[115.1737175,32.8496004],[115.1717621,32.8495574],[115.1691804,32.8494286],[115.1672203,32.8492892],[115.1632948,32.848924],[115.1607642,32.8485482],[115.157978,32.848167],[115.1553516,32.8477858],[115.1525336,32.8473807],[115.1500669,32.8470162],[115.1481284,32.8467732],[115.1459369,32.8465416],[115.143094,32.846271],[115.1407566,32.8461298],[115.1343754,32.845958],[115.1277771,32.8459399],[115.1234426,32.845683],[115.1211297,32.8454319],[115.1191082,32.8451422],[115.1147241,32.8445615],[115.1106533,32.844389],[115.1075425,32.8444076],[115.1014876,32.844854],[115.0996816,32.845107],[115.09296492499999,32.8465687],[115.0907671,32.847194],[115.0884827,32.8477388],[115.0836848,32.8484372],[115.0800579,32.8487437],[115.0780478,32.8486848],[115.074436,32.8486211],[115.0697841,32.8482483],[115.0661575,32.847704],[115.0627242,32.8468928],[115.0586677,32.8456184],[115.0535785,32.84381345],[115.0501049,32.8428957],[115.0470099,32.8419547],[115.0425158,32.8413841],[115.0403503,32.841218],[115.0384246,32.8410851],[115.0359374,32.8409959],[115.0332167,32.8409146],[115.0308953,32.8409657],[115.0280034,32.8410466],[115.0256987,32.8413421],[115.0218973,32.8418678],[115.0194409,32.8421739],[115.0173528,32.8424903],[115.0112645,32.8430785],[115.0069374,32.8432818],[115.0016267,32.8434505],[114.9889178,32.8435879],[114.9851012,32.8436803],[114.977591,32.8447686],[114.9735068,32.8451135],[114.9695967,32.8451899],[114.9677259,32.845037],[114.95698820000001,32.8435652],[114.9533632,32.8434413],[114.9482143,32.8434685],[114.9448359,32.8439075],[114.9426935,32.8443725],[114.9402393,32.8449597],[114.9355768,32.8464113],[114.9333489,32.8471348],[114.92588250000001,32.84966073333334],[114.923075,32.8506042],[114.9186752,32.8521389],[114.9161127,32.8529772],[114.9128964,32.8539944],[114.9098972,32.8546786],[114.9078267,32.8550431],[114.9060417,32.8552893],[114.902738,32.8556729],[114.8999809,32.8558376],[114.8969882,32.8558648],[114.8931742,32.8558487],[114.8895518,32.8558265],[114.8870915,32.8559889],[114.8846639,32.8561924],[114.8819511,32.8564863],[114.8777312,32.8569339],[114.8757331,32.8571698],[114.8718631,32.8576174],[114.8687681,32.857952],[114.8662383,32.8582323],[114.8642527,32.8584657],[114.8621442,32.8586991],[114.8596892,32.8588909],[114.8576606,32.859022],[114.8552362,32.8591179],[114.8518562,32.8592122],[114.8463641,32.8593273],[114.841576,32.8594615],[114.8383224,32.8595334],[114.8315933,32.8596932],[114.8271817,32.8598182],[114.8227286,32.8599717],[114.8201025,32.8601315],[114.817286,32.860432],[114.8144314,32.860854],[114.8108842,32.861519],[114.8082352,32.8621712],[114.8057157,32.8628163],[114.8028681,32.8635315],[114.8010186,32.863895],[114.7990751,32.8642291],[114.7971768,32.8644871],[114.79348,32.8647819],[114.7906673,32.8648405],[114.7878826,32.864735],[114.7848555,32.8645506],[114.781634,32.8644495],[114.7794692,32.8642959],[114.7775654,32.864183],[114.7745976,32.8640114],[114.7707529,32.8637373],[114.768918,32.8636559],[114.7648379,32.8636175],[114.7622878,32.8636686],[114.7599052,32.8637965],[114.7569137,32.8640395],[114.7549878,32.8642441],[114.7529021,32.8645062],[114.7509306,32.8648195],[114.7474198,32.8654882],[114.7450212,32.8659013],[114.7424914,32.8665885],[114.7383763,32.867818],[114.7365596,32.8684066],[114.7341644,32.8693153],[114.7313386,32.8704681],[114.7286634,32.8715802],[114.7253693,32.8729346],[114.7232836,32.8738169],[114.7192105,32.8754869],[114.716966,32.876391],[114.715109,32.8770917],[114.711051,32.8784312],[114.7083259,32.8792112],[114.7057682,32.8798952],[114.7021829,32.8807902],[114.6973752,32.8820023],[114.6950279,32.8825941],[114.6899278,32.8838917],[114.6864628,32.8848828],[114.6732263,32.8882239],[114.6690564,32.8893972],[114.6671977,32.8899603],[114.6641364,32.891013],[114.6617967,32.8919128],[114.6579368,32.8934755],[114.6518476,32.8960153],[114.6496892,32.8969137],[114.6441547,32.8991287],[114.641323,32.9001123],[114.6375872,32.9012817],[114.6351244,32.901909],[114.6326637,32.9024997],[114.6286512,32.9032819],[114.62403,32.9039479],[114.6210077,32.9042938],[114.6171147,32.9044514],[114.6139019,32.9046991],[114.6116172,32.9046701],[114.6086756,32.9046128],[114.6029546,32.9042674],[114.599863,32.9041251],[114.5966996,32.904251],[114.5934124,32.9046343],[114.5904968,32.9052641],[114.587203,32.9062881],[114.5847333,32.9073179],[114.5791283,32.9103208],[114.5762234,32.9118624],[114.5738353,32.912905],[114.5708858,32.9141079],[114.5681413,32.9150436],[114.5654933,32.9158328],[114.5616364,32.9168257],[114.5579829,32.9175386],[114.5542404,32.9181089],[114.5505245,32.9186792],[114.5465414,32.9193475],[114.5424513,32.9200158],[114.5390296,32.9206841],[114.5349217,32.9216732],[114.5306801,32.9229564],[114.527088,32.9242223],[114.5240567,32.9254217],[114.5207464,32.9266336],[114.5143228,32.9292372],[114.5111773,32.9303154],[114.5075951,32.9314293],[114.5036654,32.932454],[114.4994149,32.9333273],[114.4956387,32.9339448],[114.4921266,32.9345998],[114.4868247,32.9353929],[114.4837467,32.9358655],[114.4781715,32.9366421],[114.4763778,32.9368767],[114.46906609999999,32.93806145],[114.465732,32.9385579],[114.4607597,32.9391282],[114.456732,32.9393866],[114.4521519,32.9395292],[114.4486677,32.9394757],[114.4443638,32.9392975],[114.4393826,32.9390124],[114.4343089,32.9387568],[114.4299595,32.9385288],[114.4263016,32.9383621],[114.4227386,32.9383323],[114.4201293,32.938399],[114.4147396,32.9387352],[114.4127535,32.9389423],[114.4107591,32.9391749],[114.4067534,32.9397862],[114.3959738,32.9416762],[114.3920432,32.9422793],[114.3875901,32.9430437],[114.3826252,32.9439277],[114.376323,32.9450201],[114.3737125,32.9454155],[114.3711992,32.9457228],[114.3687791,32.9459716],[114.3658931,32.9461841],[114.3631792,32.9462994],[114.3604593,32.9463581],[114.3578493,32.9463444],[114.3551502,32.9462518],[114.3501623,32.9459748],[114.3467897,32.945688],[114.3445319,32.945511],[114.3360847,32.9449102],[114.3272015,32.9442785],[114.3233474,32.9440007],[114.3192315,32.9435252],[114.3162796,32.9430356],[114.3136067,32.9424966],[114.3112085,32.9419151],[114.3091164,32.9413442],[114.3073598,32.940806],[114.304491,32.9398234],[114.2947415,32.9364684],[114.2912673,32.9352321],[114.2873965,32.9338604],[114.2839737,32.9327423],[114.2821973,32.932205],[114.2791253,32.931392],[114.2769019,32.9308577],[114.2741849,32.9302989],[114.2720881,32.929911],[114.2693686,32.9294107],[114.2659438,32.9289774],[114.2631099,32.9287005],[114.2598146,32.9284935],[114.2544747,32.92819],[114.2495136,32.927896],[114.2469509,32.9277504],[114.2435218,32.9275756],[114.2415007,32.9274038],[114.2394092,32.9272003],[114.2376044,32.9269854],[114.2354326,32.9266794],[114.2329736,32.9262594],[114.2297191,32.9256217],[114.2264342,32.9249143],[114.2169504,32.9228341],[114.2141852,32.922221],[114.2118191,32.9217592],[114.208197,32.921172],[114.2045589,32.9207347],[114.2009037,32.9204139],[114.1987788,32.9202829],[114.195573,32.920156],[114.193526,32.920156],[114.1911089,32.9201995],[114.1892434,32.9202431],[114.1864124,32.9204463],[114.1830081,32.9207077],[114.1772592,32.9212085],[114.1727515,32.921615],[114.169456,32.9218908],[114.1676268,32.9219997],[114.1637724,32.9221086],[114.1602011,32.9220142],[114.1564774,32.9217094],[114.1524633,32.9211577],[114.1469104,32.9200471],[114.1416994,32.9188394],[114.1362568,32.9175232],[114.1330879,32.9167836],[114.1311932,32.9164058],[114.1282424,32.9158426],[114.1238999,32.9152082],[114.1201645,32.9147479],[114.1169707,32.9145084],[114.1080134,32.9138551],[114.1051104,32.9136664],[114.1026572,32.9135069],[114.0994707,32.9134051],[114.0961313,32.9130547],[114.0931641,32.9128049],[114.0903663,32.91246],[114.0883046,32.9120951],[114.0855006,32.9115191],[114.0831664,32.9108977],[114.0792634,32.9096245],[114.0762093,32.9085862],[114.0727611,32.9073585],[114.0708513,32.9066309],[114.0680548,32.905282],[114.0663976,32.9042565],[114.0645156,32.9029478],[114.0624239,32.901326],[114.0608855,32.9001437],[114.0581572,32.8983173],[114.0544589,32.8962635],[114.0517913,32.8950813],[114.0472972,32.8930654],[114.045016,32.8920953],[114.0433791,32.8911935],[114.0404524,32.8896603],[114.0387813,32.8886372],[114.0370188,32.8876492],[114.0340247,32.8856773],[114.0322201,32.8843919],[114.0289289,32.8820805],[114.0235941,32.87909045],[114.0214721,32.8781004],[114.0197417,32.8773377],[114.0163818,32.8757117],[114.0139969,32.8742269],[114.0116344,32.8727785],[114.0098652,32.8714962],[114.0076051,32.869725],[114.0056448,32.8683977],[114.0037626,32.8670241],[114.0019766,32.8657102],[114.000358,32.8645368],[113.9986928,32.8633817],[113.9967358,32.8621091],[113.9937126,32.860297],[113.9918569,32.859361],[113.9895541,32.8584165],[113.9860909,32.8569829],[113.9830626,32.8557391],[113.9802519,32.8544883],[113.9785621,32.8535501],[113.9767635,32.8523695],[113.9750193,32.8509781],[113.9731706,32.8491438],[113.9716445,32.8470264],[113.9705333,32.845201],[113.9697215,32.8434978],[113.9689801,32.8413845],[113.9685761,32.839519],[113.9683513,32.8376441],[113.9683472,32.8354566],[113.9688994,32.8327258],[113.9692905,32.8303797],[113.9698846,32.8273865],[113.9703531,32.8251934],[113.9709848,32.8220749],[113.971428,32.8202446],[113.9719259,32.8178638],[113.972315,32.8160426],[113.96648719999999,32.80515735],[113.9646924,32.8045158],[113.9626467,32.8039793],[113.9594504,32.8033134],[113.9557724,32.8025155],[113.9514643,32.8016031],[113.9459454,32.8004094],[113.9432374,32.7998869],[113.9414316,32.7995934],[113.9364843,32.7990191],[113.9289607,32.7983181],[113.9262586,32.7980678],[113.9243298,32.7979919],[113.9222098,32.7982067],[113.9190682,32.7988452],[113.9163381,32.7992111],[113.9141739,32.7989722],[113.9115432,32.7982283],[113.9093446,32.797895],[113.9066026,32.7981215],[113.9045719,32.7982831],[113.9022092,32.7979874],[113.899809,32.797271],[113.8972767,32.7966018],[113.8944949,32.7962322],[113.8926839,32.7961937],[113.8906492,32.7963461],[113.8886277,32.7965299],[113.8759287,32.7976412],[113.8706956,32.7981539],[113.8677035,32.7983618],[113.8649809,32.7985134],[113.8620849,32.7984835],[113.8598123,32.7983077],[113.8564903,32.7979466],[113.8489908,32.797098],[113.8452917,32.7965547],[113.8416089,32.7958951],[113.8367652,32.7947901],[113.8272545,32.7925061],[113.8242046,32.7918114],[113.8220623,32.7914964],[113.8188982,32.7913695],[113.8132842,32.7917481],[113.8104588,32.7918516],[113.8082096,32.791821],[113.8042088,32.7917011],[113.7998504,32.7917111],[113.7936879,32.792068],[113.7825376,32.7926604],[113.7799351,32.792857],[113.7777695,32.7931033],[113.7714824,32.7943313],[113.767843,32.7950452],[113.7657717,32.7953641],[113.75132375000001,32.796724999999995],[113.7466744,32.7970668],[113.743946,32.7970533],[113.7414945,32.7969169],[113.7391953,32.7965],[113.736309,32.7958682],[113.7344102,32.795447],[113.7318607,32.7948755],[113.7281301,32.7939462],[113.7259881,32.7934697],[113.7233569,32.7929759],[113.7196924,32.792061],[113.7164642,32.7914297],[113.7140892,32.7909172],[113.7110413,32.7904381],[113.7081121,32.7902717],[113.7055788,32.7902916],[113.7025705,32.7904181],[113.7000925,32.7904713],[113.6976146,32.7902584],[113.6904184,32.7883683],[113.687418,32.787756],[113.6851855,32.7875829],[113.6762618,32.7880403],[113.6726381,32.7882375],[113.6706165,32.7882162],[113.667962,32.7881896],[113.6646003,32.7879966],[113.6619264,32.7879566],[113.6599103,32.7879833],[113.6572854,32.7881433],[113.6535808,32.7884046],[113.6494101,32.788701],[113.6440822,32.7884814],[113.6420793,32.7883882],[113.6400922,32.7883549],[113.6382001,32.7884015],[113.6320014,32.7888408],[113.6258422,32.7892667],[113.623103,32.7892667],[113.6208151,32.7889539],[113.6187014,32.788335],[113.6149251,32.786731],[113.6130647,32.7860788],[113.610856,32.7855863],[113.6083939,32.7853833],[113.6056771,32.7855189],[113.6024668,32.785669],[113.5999412,32.7859889],[113.5799766,32.7863215],[113.5781449,32.786741],[113.5725242,32.7881519],[113.5705134,32.788478],[113.5677664,32.7886577],[113.5638081,32.7885512],[113.5615282,32.7884713],[113.5589791,32.788458],[113.556612,32.7887176],[113.5544271,32.7893099],[113.5520898,32.7901777],[113.5495041,32.7915734],[113.5476087,32.7922204],[113.5456712,32.7924347],[113.5436408,32.7922611],[113.5396991,32.7913666],[113.5373564,32.7908744],[113.5350497,32.7907008],[113.5326464,32.7908552],[113.5298717,32.7914325],[113.5263649,32.792287],[113.5235095,32.7928575],[113.5202587,32.7931033],[113.5181746,32.7930288],[113.5156479,32.7926185],[113.5127351,32.7917797],[113.5092665,32.7904049],[113.5043747,32.7882522],[113.5021488,32.7872589],[113.4994202,32.785747],[113.4974257,32.7842312],[113.4953371,32.782324],[113.4938284,32.7807746],[113.491762,32.7788468],[113.4898609,32.7770303],[113.4878666,32.7751714],[113.4857652,32.7731828],[113.4844273,32.7719267],[113.4830936,32.7706107],[113.4822492,32.7696815]]}},{"type":"Feature","properties":{"level":"expressway","ref":"S33","name":"沿太行高速","routeKey":"expressway-S33","chainIndex":0,"sourceSegmentCount":397,"visualLengthKm":24.75,"sourceOsmCount":397},"geometry":{"type":"LineString","coordinates":[[113.483856,35.446169],[113.4854634,35.4471196],[113.4871457,35.4479343],[113.4891766,35.4486876],[113.4918406,35.4494022],[113.4956467,35.4505673],[113.4984898,35.4514937],[113.5007965,35.4524026],[113.5027385,35.4532329],[113.5052597,35.4544827],[113.5073519,35.45568],[113.5088851,35.4566666],[113.5112464,35.4583716],[113.5160637,35.462374],[113.5184669,35.464279],[113.5209453,35.4661315],[113.5232135,35.4676516],[113.5261714,35.4695484],[113.5284141,35.4708765],[113.5301129,35.4721003],[113.5318922,35.4732553],[113.5364914,35.476241],[113.5386801,35.4777525],[113.5402312,35.4789363],[113.5415983,35.4804172],[113.5426548,35.4819987],[113.543461,35.483675],[113.5440013,35.4854069],[113.5443857,35.4881734],[113.5444072,35.4905922],[113.5446153,35.4924221],[113.5450791,35.4942214],[113.5460635,35.4966951],[113.5470606,35.4988425],[113.5481644,35.5015309],[113.5489261,35.503662],[113.549999,35.5071905],[113.5507768,35.5098274],[113.5518331,35.5120356],[113.553029,35.5138596],[113.555197,35.5160825],[113.5576067,35.5178106],[113.5598883,35.5188779],[113.5637641,35.520325],[113.5668003,35.5216785],[113.5683775,35.5225779],[113.57173371666666,35.52507565],[113.5733731,35.5264314],[113.5762076,35.5282641],[113.5781221,35.5292535],[113.5817745,35.5309471],[113.5848462,35.5323136],[113.5876366,35.533374],[113.5893276,35.5342048],[113.5908372,35.5352132],[113.5923379,35.5364435],[113.5936428,35.5379175],[113.595007,35.5395645],[113.5962821,35.541104],[113.5978925,35.5431218],[113.5992122,35.5447019],[113.6012828,35.5467097],[113.6035037,35.548246],[113.6077137,35.5501675],[113.6105563,35.5509039],[113.6134836,35.5514358],[113.6155561,35.551794],[113.6174843,35.552305],[113.6201415,35.5534103],[113.6217642,35.5544348],[113.6237186,35.5559616],[113.6263563,35.5586133],[113.6278174,35.5597759],[113.629344,35.5607833],[113.6317727,35.5620226],[113.6340811,35.5627611],[113.6367416,35.5638175],[113.6392629,35.5649608],[113.6411726,35.5661041],[113.6438943,35.5677667],[113.6455587,35.5687405],[113.6472962,35.5694992],[113.6491077,35.5700801],[113.6546363,35.5714066],[113.6604284,35.5726541],[113.6631861,35.5731979],[113.6661852,35.5734625],[113.6679897,35.5734452],[113.6699989,35.5733235],[113.6726568,35.5730009],[113.6758554,35.5726779],[113.6805582,35.5722217],[113.6853218,35.5716981]]}},{"type":"Feature","properties":{"level":"expressway","ref":"S95","name":"济洛高速","routeKey":"expressway-S95","chainIndex":0,"sourceSegmentCount":285,"visualLengthKm":62,"sourceOsmCount":285},"geometry":{"type":"LineString","coordinates":[[112.3674774,35.2261562],[112.367153,35.2243271],[112.3662251,35.2224348],[112.3650042,35.2207665],[112.3619306,35.2169708],[112.3608459,35.2145297],[112.3604421,35.2126335],[112.3603667,35.2099706],[112.3605137,35.2055678],[112.3610088,35.2026981],[112.3614103,35.2003138],[112.3717605,35.1872122],[112.3727308,35.1855702],[112.3733474,35.1835886],[112.3734371,35.1815452],[112.372996,35.1795324],[112.3721437,35.1777951],[112.3714418,35.1761059],[112.3697757,35.1740845],[112.3680253,35.1721112],[112.3661927,35.1701884],[112.3642802,35.1683182],[112.3623767,35.1665796],[112.3594201,35.1652748],[112.3582509,35.1638906],[112.357009,35.1620496],[112.3560253,35.1601071],[112.3553119,35.1580872],[112.3548925,35.1561176],[112.3543668,35.1532755],[112.3546158,35.151324],[112.3548495,35.1484245],[112.3554865,35.1464851],[112.3563937,35.144619],[112.3575588,35.1428512],[112.3588976,35.1412769],[112.3604215,35.1398494],[112.3618546,35.1387196],[112.3632998,35.1374442],[112.3646054,35.1360717],[112.3657332,35.1346522],[112.3669026,35.1328298],[112.3680192,35.1301228],[112.3678318,35.1280037],[112.3679111,35.1261684],[112.3677021,35.1243338],[112.3672044,35.1225275],[112.3664267,35.1207886],[112.3653817,35.1191459],[112.3640871,35.1176269],[112.362629,35.1160915],[112.3614348,35.1144656],[112.3604829,35.1127359],[112.3597865,35.1109265],[112.3590231,35.1072619],[112.3584974,35.1052168],[112.3583242,35.1032854],[112.358515,35.1013595],[112.3590846,35.0993956],[112.3598707,35.0977558],[112.3610015,35.0960415],[112.3622622,35.0945666],[112.3638355,35.0933205],[112.3654247,35.0924442],[112.3671481,35.0917516],[112.3689952,35.0911401],[112.3719238,35.0906372],[112.3767809,35.08933295],[112.3784708,35.0884259],[112.3802128,35.0872069],[112.3823261,35.0852023],[112.383515,35.0835069],[112.3845198,35.0816212],[112.3852056,35.0799503],[112.3857636,35.0781645],[112.3860758,35.0763518],[112.3861241,35.0744117],[112.3861108,35.0675362],[112.3861057,35.0649061],[112.3859874,35.0617003],[112.3859469,35.0570782],[112.3862686,35.0550792],[112.3867425,35.053303],[112.3875352,35.051304],[112.389505,35.0482278],[112.3913651,35.0464494],[112.3978253,35.0411189],[112.4028387,35.0367778],[112.4051851,35.0340194],[112.4063942,35.0320388],[112.4072273,35.0297703],[112.4077364,35.0253262],[112.4072803,35.0224624],[112.4065798,35.0202926],[112.406158,35.0178535],[112.4061373,35.0148455],[112.4071791,35.0115612],[112.4093104,35.0084522],[112.410966,35.0067798],[112.4121772,35.0054263],[112.413546,35.0034222],[112.415086,35.0006157],[112.4169392,34.9971331],[112.4193395,34.9944697],[112.4209147,34.9933287],[112.4225128,34.9920802],[112.4239906,34.9907599],[112.425836,34.9883559],[112.427544,34.9851783],[112.4290583,34.9828898],[112.4314575,34.9803201],[112.4336626,34.9777636],[112.4345692,34.9761503],[112.4352996,34.9738723],[112.4356475,34.9711613],[112.4351239,34.9670587],[112.4350491,34.9650381],[112.434647,34.9630354],[112.4341936,34.9592022],[112.4342196,34.9570771],[112.4346239,34.9545325],[112.4356364,34.9513891],[112.4368564,34.9493124],[112.4390401,34.9449952],[112.4394639,34.9416342],[112.4393164,34.9397569],[112.439004,34.9376033],[112.4392086,34.9356849],[112.4398228,34.932882],[112.4404108,34.9307396],[112.4409446,34.9264615],[112.4406857,34.915596],[112.4401687,34.9135193],[112.4391486,34.9107491],[112.4371576,34.9081554],[112.4355458,34.9060065],[112.4338726,34.9036323],[112.4327893,34.9018002],[112.4321885,34.8998799],[112.4314854,34.8981093],[112.4305768,34.8952895],[112.4297126,34.8936764],[112.4275953,34.8909644],[112.4261717,34.8896015],[112.4227205,34.8872358],[112.4207366,34.8858735],[112.4191169,34.8845205],[112.4178002,34.8831989],[112.4166539,34.8816829],[112.4155967,34.8800583],[112.4147077,34.8784107],[112.4129026,34.875396],[112.4106953,34.8727274],[112.4094149,34.8713325],[112.4065098,34.8691488],[112.4030533,34.8672354],[112.4014983,34.8663116],[112.399492,34.8646739],[112.3971414,34.8622921],[112.3957478,34.8604139],[112.3935828,34.8575748],[112.3922686,34.8560898],[112.3907698,34.8546432],[112.3861403,34.8507496],[112.3843997,34.8488236],[112.3819771,34.8447714],[112.3806859,34.8426238],[112.3786393,34.8403811],[112.37668,34.838511],[112.3749425,34.8368642],[112.3737365,34.8353825],[112.3718981,34.832107],[112.3704248,34.8293663],[112.3687016,34.8272985],[112.3673212,34.8260843],[112.3650455,34.8245917],[112.362676,34.823572],[112.3591695,34.8225053],[112.3569119,34.8217193],[112.3551285,34.820934],[112.3532855,34.8199371],[112.3502082,34.8178316],[112.3482522,34.816054],[112.3460202,34.8133182],[112.3446151,34.8109759],[112.3435952,34.8084816],[112.3430507,34.806268],[112.3427143,34.8037411],[112.3428443,34.8009428],[112.3430724,34.7979985],[112.3430619,34.7952246],[112.3426483,34.7920749],[112.3420045,34.7895675],[112.3408427,34.7863906],[112.3402102,34.783916],[112.3399893,34.7817247],[112.3401442,34.7798609],[112.3405374,34.7778738],[112.3416666,34.7752022],[112.3427766,34.7723502],[112.3432296,34.7699332],[112.3430104,34.7679453],[112.3425947,34.76583],[112.3418356,34.7639668],[112.3393688,34.7602027],[112.3377553,34.7584521],[112.3349556,34.7553977],[112.3326078,34.7527618],[112.3311513,34.7506473],[112.329889,34.7476689],[112.3296422,34.7453769],[112.3295214,34.7432917]]}},{"type":"Feature","properties":{"level":"expressway","ref":"G3615","name":"洛卢高速","routeKey":"expressway-G3615","chainIndex":0,"sourceSegmentCount":297,"visualLengthKm":24.32,"sourceOsmCount":297},"geometry":{"type":"LineString","coordinates":[[111.0150911,34.001265],[111.0114786,34.001425],[111.0096715,34.0013742],[111.0069054,34.0011093],[111.0046041,34.0007312],[111.0018951,34.0000063],[110.9986048,33.99882],[110.9956455,33.997329],[110.9939182,33.9962839],[110.9910214,33.9942158],[110.9885591,33.9920853],[110.987405,33.9906512],[110.9794643,33.9835273],[110.9701699,33.9779893],[110.9672845,33.9761523],[110.9597974,33.9717829],[110.9547542,33.9692844],[110.9507443,33.967437],[110.9474576,33.9663182],[110.9449374,33.9658165],[110.9426594,33.9657822],[110.9404649,33.9659537],[110.9371946,33.9666851],[110.9335606,33.9677822],[110.9306143,33.9683693],[110.9273388,33.9684963],[110.9199009,33.9690214],[110.9156216,33.9695884],[110.9114802,33.9699414],[110.9089303,33.9701402],[110.9067063,33.9708599],[110.9038016,33.9717289],[110.9006024,33.972538],[110.8975152,33.9732904],[110.8951362,33.9734382],[110.892776,33.9732176],[110.8884557,33.9725877],[110.8824706,33.9716627],[110.8805511,33.9712824],[110.8783058,33.9705408],[110.8757762,33.9692295],[110.8731566,33.9674417],[110.8712362,33.9662826],[110.8688423,33.964684],[110.866769,33.9636675],[110.8643115,33.9628493],[110.8619962,33.9621992],[110.8574874,33.9621815],[110.8551383,33.96263],[110.8526875,33.9634341],[110.850838,33.9641499],[110.8487041,33.9646457],[110.8468774,33.9648127],[110.8450292,33.9647179],[110.8387591,33.9642621],[110.8368933,33.9645545],[110.8350171,33.965059],[110.8318453,33.9660211],[110.8290445,33.9666647],[110.825981,33.9670393],[110.823715,33.9675791],[110.8210573,33.9688215],[110.8191062,33.9701387],[110.8174785,33.9720906],[110.8165345,33.9740404],[110.8157799,33.9759189],[110.8146565,33.9779118],[110.8128407,33.9799936],[110.811415,33.9812107],[110.8054293,33.9845956],[110.7980769,33.9885475],[110.7950756,33.9895888],[110.7930604,33.9898998],[110.7909866,33.9899464],[110.7875279,33.9893575],[110.7853174,33.9890942]]}},{"type":"Feature","properties":{"level":"expressway","ref":"G4222","name":"和襄高速","routeKey":"expressway-G4222","chainIndex":0,"sourceSegmentCount":499,"visualLengthKm":29.88,"sourceOsmCount":499},"geometry":{"type":"LineString","coordinates":[[114.2454073,31.851388],[114.2444766,31.8530671],[114.2424086,31.8567373],[114.2398176,31.8612686],[114.2381117,31.8634236],[114.236446,31.8646856],[114.2338309,31.8662734],[114.2317763,31.8671868],[114.2298069,31.8677259],[114.2269073,31.8680965],[114.2226568,31.867893],[114.2171824,31.8674351],[114.2150956,31.8672916],[114.2121398,31.8673463],[114.2095408,31.8678064],[114.2075533,31.8683303],[114.2055549,31.8690003],[114.2038706,31.8697904],[114.2003569,31.8719954],[114.1987151,31.8733372],[114.1962907,31.874731],[114.1929781,31.8757537],[114.1905186,31.8762389],[114.1878203,31.8770771],[114.1852695,31.8782045],[114.1820025,31.879685],[114.1801491,31.8805527],[114.1780543,31.8815868],[114.1757798,31.8831924],[114.1741289,31.884494],[114.1723506,31.8856237],[114.1706702,31.8867783],[114.1684453,31.887818],[114.1648847,31.8887062],[114.1588956,31.889715],[114.1562265,31.890371],[114.1537104,31.890575],[114.1511429,31.890191],[114.1492987,31.8898757],[114.1470163,31.8894693],[114.1451862,31.8889583],[114.1422298,31.8884324],[114.1404137,31.8883308],[114.1385695,31.8883248],[114.1366056,31.8883875],[114.1333953,31.8884674],[114.1313615,31.888415],[114.1256968,31.8879961],[114.1234251,31.887751],[114.1213222,31.8873879],[114.1192069,31.8869023],[114.1166324,31.8862135],[114.11452804999999,31.885367033333335],[114.11077920000001,31.883911416666663],[114.1076084,31.8822523],[114.1052521,31.8813198],[114.1000664,31.878455],[114.098067,31.8775631],[114.0952673,31.8766068],[114.0930887,31.8763363],[114.0908767,31.876281],[114.0886805,31.8763288],[114.0866963,31.8762985],[114.0848485,31.8761548],[114.0821381,31.8756641],[114.0782361,31.8744838],[114.0764893,31.8739198],[114.0744321,31.8735015],[114.0723726,31.8732493],[114.0690029,31.8735791],[114.0659199,31.8740454],[114.0628649,31.8752409],[114.06,31.8769983],[114.0529179,31.8822722],[114.0511842,31.8833392],[114.0486004,31.8851765],[114.042538,31.8890868],[114.0397858,31.8908828],[114.0365249,31.892595],[114.0339927,31.8937425],[114.0307178,31.8952321],[114.0259506,31.8973775],[114.0227778,31.8988237],[114.0188271,31.9007046],[114.0149944,31.9020791],[114.0126288,31.9028684],[114.0089901,31.903951],[114.0052541,31.9051192],[114.0027309,31.9060334],[114.0009185,31.9068529],[113.9978767,31.9084535],[113.9960571,31.9096672],[113.9941427,31.9111453],[113.9913996,31.9137162],[113.9870853,31.9183818],[113.9838785,31.9217066],[113.9808516,31.9248517],[113.9793605,31.9264776],[113.9776506,31.9283285],[113.9755847,31.9302581]]}},{"type":"Feature","properties":{"level":"expressway","ref":"S22","name":"南林高速","routeKey":"expressway-S22","chainIndex":0,"sourceSegmentCount":226,"visualLengthKm":147.16,"sourceOsmCount":226},"geometry":{"type":"LineString","coordinates":[[115.4514234,36.0794217],[115.449214,36.0794365],[115.446986,36.0793929],[115.4446609,36.079271],[115.442716,36.0791128],[115.4403646,36.0788599],[115.4378251,36.0785292],[115.4352916,36.0781187],[115.4333667,36.0777124],[115.430629,36.0771071],[115.4279252,36.0764157],[115.4245371,36.0753825],[115.4210224,36.0740904],[115.4175607,36.0726329],[115.4142888,36.0710544],[115.4105891,36.0694147],[115.4052193,36.0673033],[115.4028995,36.0665098],[115.4002707,36.0657521],[115.3979688,36.0650724],[115.3888913,36.0626683],[115.3841206,36.0614383],[115.3793559,36.0602101],[115.3745912,36.0589993],[115.3710198,36.0583643],[115.3673196,36.057816],[115.3636285,36.0573653],[115.3595783,36.0570124],[115.3558603,36.0566638],[115.3518212,36.05652],[115.3467723,36.0560038],[115.3447315,36.0557195],[115.3427032,36.0553925],[115.3406161,36.0551147],[115.3387043,36.054702],[115.3368296,36.0542594],[115.3350179,36.0537951],[115.3331636,36.0532282],[115.3273189,36.051474],[115.3223408,36.050375],[115.3203788,36.0500388],[115.3183775,36.0497002],[115.3149193,36.0493592],[115.3118341,36.0491927],[115.3088254,36.0491423],[115.3034931,36.0491467],[115.3015298,36.049151],[115.2982249,36.049009],[115.2958435,36.0488257],[115.2927643,36.0484787],[115.2887249,36.0478195],[115.2862573,36.047299],[115.2836578,36.0466423],[115.280512,36.0459913],[115.2782433,36.0455144],[115.2748498,36.0449547],[115.2712932,36.0445491],[115.2693191,36.044291],[115.2671492,36.0441804],[115.2642444,36.0442433],[115.2616855,36.0442889],[115.2598509,36.0443865],[115.2577961,36.0445556],[115.2552456,36.0446922],[115.2506151,36.0453345],[115.2482209,36.0456074],[115.2456379,36.0457896],[115.242159,36.0459031],[115.2401555,36.046],[115.2367678,36.0458742],[115.2348098,36.0457245],[115.2327177,36.0455098],[115.2304733,36.0452106],[115.2246025,36.0441215],[115.2189778,36.042782],[115.2132131,36.0416273],[115.2111379,36.0412998],[115.2086487,36.0409747],[115.2061439,36.0407002],[115.2035418,36.0404666],[115.200924,36.0403027],[115.1984896,36.0401981],[115.1933806,36.0401426],[115.1913357,36.0401224],[115.1889447,36.0399143],[115.1840475,36.0398781],[115.1816377,36.0398423],[115.1748627,36.0397027],[115.1723915,36.0395676],[115.169977,36.0393684],[115.1672324,36.0390731],[115.1643293,36.0386587],[115.1621852,36.0384061],[115.1599618,36.0381902],[115.1565711,36.0379953],[115.1546009,36.0379653],[115.152615,36.0379859],[115.1483273,36.0381988],[115.1464858,36.0383597],[115.1446442,36.0385891],[115.1421583,36.0390751],[115.1393231,36.03958],[115.1373861,36.040026],[115.1346483,36.0405686],[115.1322609,36.0413003],[115.1300474,36.0419983],[115.1270574,36.0430353],[115.1250353,36.0435393],[115.122326,36.0441674],[115.1197397,36.044646],[115.1161262,36.0450637],[115.1137972,36.045301],[115.1118064,36.0454253],[115.1099064,36.0455128],[115.1069171,36.0457131],[115.1006645,36.0458411],[115.0966358,36.0459284],[115.0945115,36.0458807],[115.0921686,36.0456476],[115.0896845,36.0454658],[115.0867628,36.045165],[115.0846408,36.0448556],[115.0823699,36.0444615],[115.0798852,36.0439647],[115.0773964,36.0433566],[115.0753423,36.0427849],[115.0733145,36.0421529],[115.0712303,36.0414472],[115.069098,36.0406376],[115.0666947,36.0396388],[115.0646453,36.038696],[115.0622921,36.0375026],[115.0602307,36.0364644],[115.0575829,36.0352477],[115.0552696,36.0342787],[115.053043,36.0334289],[115.051297,36.0328207],[115.0492012,36.0321428],[115.0463183,36.0313149],[115.044192,36.0307725],[115.0415751,36.0301941],[115.0394769,36.0298022],[115.0374311,36.0294692],[115.0352363,36.0292614],[115.0323855,36.0288483],[115.0301551,36.0286741],[115.0267253,36.0284426],[115.0245335,36.0283124],[115.0182315,36.0279335],[115.0154905,36.0277731],[115.0111804,36.0275061],[115.0082919,36.0273013],[115.0061013,36.0270633],[115.00403795000001,36.026833624999995],[114.9903951,36.02338345],[114.9883213,36.0226097],[114.9863598,36.0219237],[114.9841386,36.0211598],[114.9823899,36.0206033],[114.9804414,36.0200433],[114.9786003,36.0195699],[114.9758002,36.0190224],[114.9729147,36.0185056],[114.9706215,36.018183],[114.9676061,36.017851],[114.9657824,36.0177093],[114.9636482,36.0175869],[114.9609746,36.0175303],[114.9588185,36.0175771],[114.9560846,36.0177087],[114.9542521,36.0178408],[114.9522946,36.0180332],[114.9492042,36.0184572],[114.9474113,36.0187947],[114.9430177,36.0196136],[114.9409349,36.0198955],[114.937617,36.0204953],[114.9341127,36.0211212],[114.9311703,36.0216657],[114.9268453,36.0224521],[114.924387,36.0228632],[114.9224196,36.02313],[114.9199171,36.0234164],[114.9170445,36.0236441],[114.9146278,36.0237439],[114.9119832,36.0237852],[114.9097234,36.023757],[114.9068709,36.0236322],[114.9047419,36.0235118],[114.9025713,36.0233903],[114.90005,36.0232634],[114.8973115,36.0231181],[114.8941907,36.0229565],[114.8879626,36.0226181],[114.8846608,36.0224543],[114.8828396,36.0223718],[114.8799106,36.0223198],[114.87703,36.0223762],[114.8742364,36.0225237],[114.86783439999999,36.023230749999996],[114.8651127,36.0237465],[114.8610563,36.0246149],[114.8586245,36.0251482],[114.8547056,36.0260073],[114.8526309,36.0264596],[114.849985,36.0270311],[114.8473135,36.0276211],[114.8454842,36.0280192],[114.8431263,36.0285279],[114.8408232,36.0289933],[114.8389009,36.0293491],[114.8365119,36.0297451],[114.8340491,36.0301107],[114.8318972,36.0303904],[114.8297433,36.0305058],[114.827238,36.0307538],[114.8249401,36.0309369],[114.8223029,36.0310972],[114.812174,36.0312604],[114.809881,36.0312616],[114.807476,36.0311467],[114.8048833,36.0309829],[114.8011443,36.0307497],[114.798835,36.0306076],[114.7960508,36.030433],[114.7921373,36.030177],[114.7894901,36.0300024],[114.7871235,36.0298463],[114.7849335,36.0297617],[114.7825507,36.0296478],[114.7804569,36.0296099],[114.7777851,36.0296435],[114.7758655,36.0297248],[114.7732204,36.0299232],[114.7707376,36.0301856],[114.7687057,36.0304717],[114.7665525,36.0308317],[114.762605,36.0316471],[114.7596974,36.0322491],[114.7562614,36.0329562],[114.7529733,36.0335561],[114.7502793,36.0339467],[114.7476955,36.0342375],[114.7457218,36.0344013],[114.7432404,36.0345531],[114.7408063,36.0346822],[114.7382569,36.0348351],[114.735466,36.0349945],[114.7324166,36.0351659],[114.7300141,36.0353523],[114.7274225,36.0356082],[114.7254463,36.0358619],[114.7234524,36.0361583],[114.7204486,36.0365438],[114.7177303,36.037105],[114.7142655,36.0378306],[114.7120409,36.0382947],[114.7087398,36.0389878],[114.7066987,36.0394302],[114.7037839,36.0400471],[114.7012682,36.040575],[114.6991277,36.0410368],[114.6965012,36.0415633],[114.6941823,36.041979],[114.6914024,36.0423249],[114.6891773,36.0425553],[114.6866559,36.0427264],[114.6847973,36.0427999],[114.6827353,36.0428335],[114.6793216,36.0428389],[114.6774862,36.0428378],[114.6738071,36.0428074],[114.6718608,36.0428226],[114.6686736,36.0428215],[114.6665332,36.0428129],[114.6638573,36.0428878],[114.6618593,36.042991],[114.6595901,36.0431879],[114.6572574,36.0434584],[114.6550257,36.0437997],[114.6522929,36.0443049],[114.6503447,36.044718],[114.6480996,36.045271],[114.6447856,36.0462415],[114.641563,36.0471534],[114.6395219,36.0478968],[114.6369884,36.0486602],[114.6346922,36.0493369],[114.6320168,36.0501262],[114.6285665,36.0510611],[114.6254808,36.0517716],[114.6234016,36.0521794],[114.6207737,36.0526424],[114.6185065,36.0529917],[114.6161427,36.053291],[114.6130866,36.0535633],[114.6112628,36.0536809],[114.6086089,36.0536691],[114.6068072,36.0538377],[114.6045547,36.0538442],[114.6023304,36.0537834],[114.6004697,36.053701],[114.5983113,36.0535405],[114.596275,36.0533724],[114.593565,36.0530492],[114.5903146,36.0525622],[114.5882486,36.052237],[114.5862922,36.0518491],[114.5835077,36.0515571],[114.5815676,36.0513944],[114.5795634,36.051262],[114.5769073,36.0511428],[114.5709491,36.0510297],[114.5621102,36.0508508],[114.5596616,36.0507619],[114.5571499,36.0505891],[114.553053,36.0500858],[114.5509276,36.0498968],[114.5470417,36.0491123],[114.54435,36.0484428],[114.5421106,36.0477967],[114.5396345,36.0469842],[114.5370472,36.0460323],[114.533921,36.0447089],[114.5309161,36.0432614],[114.5285918,36.0420568],[114.526473,36.041051],[114.5238118,36.039546],[114.520521,36.0378824],[114.5181508,36.0366547],[114.5162333,36.0356902],[114.5142064,36.0346167],[114.5122126,36.033611],[114.5097662,36.032342],[114.5073827,36.0311884],[114.5044414,36.0299391],[114.5022704,36.0291003],[114.4985766,36.0278549],[114.495498,36.02697],[114.4925516,36.0262876],[114.4889577,36.0256131],[114.4860694,36.0251595],[114.4829834,36.024671],[114.4805603,36.0243104],[114.4781741,36.024042],[114.4745348,36.0236891],[114.4723168,36.0235643],[114.4696993,36.0236267],[114.4666213,36.0236679],[114.463618,36.0238354],[114.4611615,36.0240661],[114.4587182,36.0243577],[114.4557868,36.0246995],[114.4526041,36.0252874],[114.4501248,36.0258877],[114.4468004,36.0266559],[114.4437044,36.0273342],[114.4414326,36.0275087],[114.4388118,36.0275552],[114.4360392,36.0272665],[114.4310944,36.026875],[114.429018,36.0268106],[114.4238485,36.0269393],[114.4205538,36.0269574],[114.4152712,36.0271552],[114.4115626,36.0272912],[114.4074584,36.0274684],[114.4015122,36.0277265],[114.3968522,36.0279474],[114.3867193,36.0282541],[114.3842955,36.02835],[114.3818636,36.0284422],[114.3770255,36.0287034],[114.3721285,36.0289354],[114.3701731,36.0290045],[114.3672045,36.0291094],[114.3617507,36.0293151],[114.3575905,36.0294826],[114.34797335000002,36.02992415],[114.345756,36.0300707],[114.3435383,36.0300575],[114.340132,36.0301651],[114.3375289,36.03044],[114.3345752,36.0307671],[114.3313106,36.0312971],[114.329434,36.0316947],[114.3259669,36.032605],[114.3231509,36.033567],[114.3193328,36.0351935],[114.3109035,36.0393969],[114.3083049,36.0407977],[114.3055304,36.0422352],[114.3027149,36.0438113],[114.3000145,36.0453538],[114.2973785,36.0469936],[114.2948685,36.0485462],[114.2924484,36.0503306],[114.2889544,36.0528607],[114.2854075,36.0555322],[114.2818747,36.058052],[114.2767721,36.0618002],[114.273107,36.0643148],[114.2707339,36.0656137],[114.2681575,36.0668607],[114.2655019,36.0679758],[114.2633394,36.0687265],[114.2611319,36.069395],[114.2576341,36.0703413],[114.2552719,36.071023],[114.2521736,36.0720284],[114.2503129,36.0727478],[114.2473376,36.0740755],[114.2453953,36.0748799],[114.2387057,36.0780146],[114.2367155,36.0788409],[114.2347765,36.0795698],[114.2303468,36.0810279],[114.2275624,36.0818244],[114.2252502,36.0824946],[114.2232079,36.083317],[114.2204943,36.0843326],[114.2187826,36.0850768],[114.2162502,36.0863857],[114.2133979,36.0880775],[114.2114623,36.0893893],[114.2076451,36.0918167],[114.2056118,36.093119],[114.2032443,36.0944657],[114.2006613,36.0957212],[114.1980047,36.0968182],[114.1955539,36.0976816],[114.1927797,36.0984777],[114.1900594,36.0991905],[114.1879959,36.099741],[114.181916,36.10139975],[114.1765991,36.1027191],[114.1716687,36.1038441],[114.169031,36.1043758],[114.1668668,36.1047234],[114.1626185,36.1053393],[114.1540575,36.1066072],[114.1492515,36.1073522],[114.1472358,36.1075942],[114.1450711,36.1078794],[114.1411025,36.1079222],[114.1379368,36.1078355],[114.1333875,36.1074482],[114.1285994,36.1069619],[114.1259499,36.1067047],[114.1235513,36.1065131],[114.1216151,36.1063157],[114.1190562,36.1060726],[114.1157023,36.1058749],[114.1129451,36.1058945],[114.1097579,36.1059444],[114.106503,36.1061303],[114.1019294,36.1064631],[114.0989362,36.10648],[114.0961318,36.1062733],[114.0917925,36.1053069],[114.0894713,36.1045705],[114.087023,36.1035685],[114.0798419,36.0998944],[114.0758867,36.0982319],[114.0733709,36.0973729],[114.071009,36.0964689],[114.0682937,36.0954575],[114.0644439,36.093487],[114.0627427,36.0925],[114.0609787,36.0913608],[114.0583623,36.0896014],[114.0560633,36.0881282],[114.0541775,36.087153],[114.0517382,36.0859989],[114.0499853,36.0852265],[114.0482693,36.0844541],[114.0459592,36.0834371],[114.0441479,36.0826637],[114.0411194,36.0810238],[114.0382303,36.0793503],[114.0347529,36.0770763],[114.0323693,36.0754577],[114.0306607,36.0742932],[114.0282884,36.0726897],[114.0258331,36.0711198],[114.0232043,36.0698272],[114.0205944,36.0688852],[114.0179053,36.0681962],[114.0161025,36.0678816],[114.0132346,36.0674512],[114.0111918,36.0670629],[114.0087261,36.0667394],[114.0059345,36.0663677],[114.0033218,36.06594],[114.0006214,36.0654268],[113.9975233,36.0646392],[113.9927612,36.0636923],[113.9893748,36.0632632],[113.9862121,36.0631111],[113.982478,36.0628073],[113.9800659,36.0628604],[113.9763365,36.0629017],[113.9733297,36.0628103],[113.971454,36.0625949],[113.9675823,36.0617808],[113.9653856,36.0610492],[113.9621196,36.0595713],[113.9598863,36.0583028],[113.957259,36.0567776],[113.9555322,36.0557404],[113.9534997,36.0547118],[113.9510285,36.0537267],[113.9488779,36.0531293],[113.9467659,36.052621],[113.9444951,36.0523165],[113.9418159,36.0520993],[113.9389732,36.0520175],[113.9344975,36.0517991],[113.930104,36.0516125],[113.9270643,36.0514886],[113.9240804,36.0513778],[113.921878,36.0513079],[113.9185075,36.0508494],[113.9151264,36.0502284],[113.9133593,36.0498794],[113.9084031,36.0489965],[113.9055103,36.0484322],[113.9032835,36.048017],[113.9013637,36.0476603],[113.8992097,36.0474658],[113.8936393,36.04752335]]}},{"type":"Feature","properties":{"level":"expressway","ref":"S62","name":"淮内高速","routeKey":"expressway-S62","chainIndex":0,"sourceSegmentCount":183,"visualLengthKm":143.26,"sourceOsmCount":183},"geometry":{"type":"LineString","coordinates":[[113.8491098,32.4723207],[113.8508318,32.4737285],[113.853142,32.4752786],[113.855465,32.4765113],[113.8589903,32.4780073],[113.8629911,32.47898],[113.8699233,32.4800701],[113.8726826,32.4807442],[113.8748713,32.4814378],[113.8767654,32.4821734],[113.890981,32.4880184],[113.897295,32.4897501],[113.9014423,32.4908304],[113.905266,32.4918264],[113.9094259,32.4931331],[113.9127087,32.4943614],[113.9143725,32.495476],[113.9237125,32.5007253],[113.9289011,32.5032636],[113.932912,32.5049493],[113.9352715,32.5057581],[113.9401886,32.50695],[113.9569255,32.5095142],[113.9654086,32.5110315],[113.9736264,32.5130601],[113.9910032,32.5176885],[113.995741,32.5183953],[114.0003865,32.5186908],[114.0029609,32.5186893],[114.0054462,32.5185137],[114.0145057,32.5175406],[114.0174549,32.517332],[114.0211325,32.5172867],[114.0235294,32.5173415],[114.0254491,32.5174662],[114.0278319,32.5176617],[114.0312751,32.5181137],[114.0365723,32.5189979],[114.0437507,32.5195508],[114.0487448,32.5199589],[114.0590389,32.5202864],[114.064131875,32.52087775],[114.0674711,32.5215543],[114.0761024,32.5231696],[114.0786705,32.5234098],[114.0859273,32.5235657],[114.0964337,32.5227665],[114.1025034,32.5222422],[114.1065892,32.5218989],[114.1094725,32.5215453],[114.1161607,32.5211321],[114.1181133,32.5207765],[114.1207074,32.5205687],[114.1267454,32.520271],[114.1318797,32.5203874],[114.1404738,32.5219056],[114.1471596,32.5228075],[114.1530621,32.5229825],[114.1616163,32.5243126],[114.1654469,32.5249286],[114.1686287,32.5251635],[114.1731782,32.525066],[114.1771985,32.5249473],[114.1821849,32.5253134],[114.1882671,32.5259396],[114.1911454,32.5260754],[114.193874,32.5259011],[114.1977832,32.5256244],[114.2022614,32.525225],[114.2048862,32.5251455],[114.2095161,32.5250899],[114.2136686,32.525458],[114.2191561,32.5263019],[114.2262804,32.5280181],[114.2308068,32.5290535],[114.2342861,32.5295923],[114.2381166,32.5300293],[114.240405,32.5301573],[114.2446272,32.5302702],[114.2465532,32.530161],[114.2508635,32.5298779],[114.2541886,32.5297333],[114.2562836,32.529751],[114.2598005,32.5300263],[114.2670844,32.5307286],[114.2732238,32.5313141],[114.2759439,32.5314415],[114.2863086,32.5314449],[114.2883423,32.5316557],[114.2914216,32.5320681],[114.3046998,32.5347152],[114.3067993,32.5350502],[114.3104862,32.5355559],[114.3142398,32.5358757],[114.317422,32.5359562],[114.3206675,32.535901],[114.3254739,32.5357837],[114.3283865,32.5358245],[114.3319267,32.5360753],[114.3351586,32.5363749],[114.3418165,32.5368477],[114.3470496,32.5372947],[114.3518776,32.5375134],[114.3559495,32.5374758],[114.3599635,32.537203],[114.3624156,32.5369607],[114.3668968,32.5363931],[114.3736634,32.5353834],[114.379685,32.5345052],[114.4023972,32.5305988],[114.408339,32.529672],[114.4122153,32.5286693],[114.4170229,32.5272217],[114.4203547,32.5260001],[114.4297021,32.5219173],[114.4388373,32.5178359],[114.4437715,32.5155952],[114.4493085,32.513308],[114.4525685,32.5122712],[114.4554042,32.5113693],[114.4583666,32.5106874],[114.4613015,32.510168],[114.46614,32.5095213],[114.4694469,32.5089643],[114.474005,32.5080864],[114.4784202,32.5069181],[114.482852,32.505442],[114.4853709,32.5044313],[114.48945230000001,32.50264265],[114.4917606,32.5013112],[114.4939338,32.5000031],[114.4962412,32.4984819],[114.4985154,32.4969166],[114.503333,32.4936421],[114.5117653,32.4878355],[114.5133636,32.4867481],[114.5162111,32.4848864],[114.5189135,32.4833031],[114.5207735,32.4823186],[114.5245217,32.4806922],[114.5289719,32.4789804],[114.5324004,32.4779308],[114.535372,32.477027],[114.5373792,32.4764166],[114.5418229,32.4749516],[114.5489936,32.4728618],[114.5537548,32.471537],[114.5591624,32.4699621],[114.5623713,32.4690227],[114.5684177,32.4668619],[114.5732036,32.4644301],[114.579235,32.4611734],[114.5840417,32.4590693],[114.5871971,32.4579853],[114.5930887,32.4568731],[114.5964115,32.4563167],[114.5994357,32.4556358],[114.6027314,32.4548111],[114.6070146,32.4533593],[114.6094176,32.4525393],[114.6178696,32.4497214],[114.6223163,32.4481165],[114.6255127,32.4471855],[114.6277143,32.4466745],[114.6300338,32.4461959],[114.6353135,32.4453163],[114.641746,32.4444409],[114.6463841,32.4435902],[114.6500794,32.4427999],[114.6532995,32.4419869],[114.6567923,32.440834],[114.6592107,32.4399201],[114.6637326,32.4381745],[114.6663612,32.43708],[114.6681717,32.4363397],[114.6726269,32.4348139],[114.6759098,32.4337885],[114.6793951,32.4330168],[114.6821332,32.4326851],[114.6856998,32.4321041],[114.6911125,32.4318552],[114.695638,32.4319095],[114.7008787,32.4324962],[114.7043332,32.4330595],[114.7071148,32.4336066],[114.7132435,32.4350743],[114.7170737,32.4358009],[114.7207672,32.4362823],[114.7254433,32.436668],[114.729426,32.4369098],[114.7328679,32.4372192],[114.7366195,32.4377899],[114.7409795,32.4387628],[114.7456665,32.4401462],[114.749115,32.4412925],[114.75756865,32.4438758],[114.7598657,32.4444323],[114.7627431,32.4448882],[114.7651979,32.4451091],[114.7673522,32.445192],[114.7711199,32.4451481],[114.774012,32.4448763],[114.778305,32.4444728],[114.7852736,32.4436441],[114.7944527,32.4428206],[114.7983096,32.4428668],[114.8010962,32.4430319],[114.8066243,32.4435971],[114.8126785,32.4440874],[114.8158374,32.4446582],[114.82759795000001,32.4452214],[114.8312589,32.4449962],[114.8409235,32.4438828],[114.843787,32.4435975],[114.8465556,32.4434273],[114.8507791,32.4429729],[114.8548186,32.4424584],[114.8589636,32.4422431],[114.8619727,32.4422156],[114.8650953,32.4423335],[114.8683617,32.442656],[114.8713385,32.4430996],[114.8743343,32.4437894],[114.8774697,32.4446016],[114.8803947,32.4454876],[114.8840115,32.4463206],[114.8859429,32.4465943],[114.8883721,32.4467321],[114.8922803,32.4467201],[114.8951207,32.4467303],[114.8987063,32.4469768],[114.9020768,32.4474575],[114.905758,32.4480529],[114.9081933,32.4483542],[114.9112761,32.4486271],[114.9142933,32.4487678],[114.9175655,32.448746],[114.9226908,32.4484403],[114.9261051,32.4480009],[114.9305803,32.4472617],[114.9348396,32.446818],[114.9371141,32.4467184],[114.9398004,32.4467205],[114.9459166,32.4470744],[114.9492489,32.4471586],[114.9520189,32.4471194],[114.9567065,32.4468023],[114.9623945,32.4463655],[114.9719968,32.445601],[114.9782663,32.4452293],[114.982931,32.4453175],[114.9865307,32.4456025],[114.9892256,32.4459127],[114.9921947,32.4463672],[114.9972506,32.4470922],[115.002896075,32.447825175],[115.0082356,32.4484364],[115.0112248,32.4486383],[115.0139488,32.4486185],[115.0190907,32.4483095],[115.0274845,32.447809],[115.0303756,32.4476919],[115.034076,32.4477279],[115.0366125,32.4478635],[115.0393551,32.4481082],[115.0440205,32.4486903],[115.0488362,32.4497375],[115.0557094,32.4513841],[115.061718,32.4527401],[115.0650734,32.4535772],[115.0679672,32.4544963],[115.0699777,32.4552695],[115.0718603,32.4560826],[115.0741592,32.4572172],[115.076735,32.458637],[115.078828,32.4598103],[115.080806,32.4608179],[115.0832403,32.4618794],[115.0852274,32.4626214],[115.0870242,32.4632165],[115.0897098,32.4639624],[115.0919969,32.464497],[115.095666,32.4650575],[115.0999566,32.4653847],[115.1020652,32.465416],[115.1050483,32.4653142],[115.111079,32.4650052],[115.1171879,32.4645962],[115.1243441,32.4643335],[115.1275568,32.4642624],[115.1298915,32.4643291],[115.1331396,32.4646021],[115.1351826,32.4648854],[115.1396899,32.4658206],[115.1427957,32.4666437],[115.1460399,32.4673896],[115.1497837,32.4679085],[115.1519824,32.4681096],[115.1540811,32.4681809],[115.1559499,32.4681105],[115.1579248,32.4679799],[115.1614917,32.4678993],[115.1665254,32.4677842],[115.1686177,32.4677645],[115.1706949,32.4677962],[115.1725901,32.4679073],[115.179998,32.46888005],[115.1818334,32.46921],[115.1838172,32.4696788],[115.1858253,32.4702244],[115.1882243,32.4709587],[115.1905437,32.4719078],[115.1924681,32.4725477],[115.1941792,32.4731542],[115.1966378,32.4739575],[115.1994246,32.4744224],[115.2021729,32.4747324],[115.204403,32.4747583],[115.207,32.4745836],[115.2097928,32.4741833],[115.2123384,32.4735752],[115.2154324,32.4728284],[115.2184441,32.4722566],[115.2210726,32.4718859],[115.2234281,32.4717106],[115.2257798,32.4714966],[115.228187,32.471289],[115.2306407,32.4711073],[115.2329076,32.4709582],[115.2358899,32.4706923],[115.2378592,32.4705495],[115.2397562,32.4704199],[115.2420999,32.4701801],[115.2444693,32.4699789],[115.2480446,32.4697064],[115.2501393,32.4695505],[115.2531344,32.469492],[115.2560751,32.469492],[115.2582326,32.4695895],[115.2604579,32.4697649],[115.2643031,32.4701607],[115.2670708,32.4704396],[115.2702363,32.4707313],[115.2732293,32.4710234],[115.2769762,32.4713862],[115.2793169,32.4715351],[115.2833628,32.4715999],[115.2853351,32.4715546],[115.2873287,32.4714769],[115.2909082,32.4711271],[115.2942881,32.4706877],[115.2991928,32.4696979],[115.3015936,32.4691281],[115.3067819,32.4683366],[115.3148563,32.4678704],[115.3106439,32.4681553],[115.3095254,32.4682032]]}},{"type":"Feature","properties":{"level":"expressway","ref":"S96","name":"洛栾高速","routeKey":"expressway-S96","chainIndex":0,"sourceSegmentCount":469,"visualLengthKm":130.05,"sourceOsmCount":469},"geometry":{"type":"LineString","coordinates":[[112.407828,34.5486552],[112.4076722,34.5465314],[112.4071228,34.5446551],[112.4061586,34.5427199],[112.404999,34.5410857],[112.4035339,34.5393132],[112.4023446,34.5377343],[112.4007941,34.5350299],[112.4000137,34.5326656],[112.3998027,34.530526],[112.3997968,34.5275551],[112.4001352,34.5248011],[112.4009048,34.5184132],[112.4014284,34.5155455],[112.4017294,34.5133924],[112.4021452,34.511196],[112.4027783,34.5085536],[112.4035579,34.5060043],[112.4051423,34.5019674],[112.4058025,34.5000136],[112.4061835,34.4978618],[112.4063853,34.4956539],[112.4061604,34.4926561],[112.4056651,34.4906145],[112.4052305,34.4885775],[112.405213,34.4865725],[112.405344,34.4840445],[112.4062424,34.4807033],[112.4069737,34.4787168],[112.4075035,34.476695],[112.4078399,34.4747011],[112.4082298,34.4717133],[112.4080388,34.4692624],[112.4077311,34.4671093],[112.4066804,34.4639827],[112.405801,34.4619282],[112.4049323,34.460294],[112.4037195,34.458279],[112.4020457,34.4560093],[112.4005802,34.4545748],[112.3990202,34.452882],[112.3974229,34.4510771],[112.3953924,34.4488458],[112.3942791,34.4473824],[112.3926748,34.4448387],[112.391158,34.4422631],[112.3899602,34.4395901],[112.3876123,34.4359795],[112.3857145,34.4339349],[112.3839386,34.4320398],[112.3822984,34.4305218],[112.380767,34.4292967],[112.3776983,34.4271632],[112.3740212,34.4248601],[112.3702746,34.4223683],[112.3678103,34.4208387],[112.3662783,34.4198878],[112.364435,34.4185568],[112.3630014,34.4172572],[112.3615736,34.4157014],[112.3596279,34.4128164],[112.3588161,34.4111798],[112.3582158,34.4089933],[112.3578789,34.4067367],[112.3577329,34.4048458],[112.3579972,34.4022853],[112.3583335,34.4000254],[112.3584096,34.397815],[112.35462720000001,34.3886213],[112.3528629,34.3870053],[112.3508882,34.3854881],[112.3486785,34.3842569],[112.3470088,34.383377],[112.3443189,34.3825405],[112.3409976,34.3819235],[112.3379849,34.3811898],[112.3356772,34.380227],[112.3337348,34.3789838],[112.3305136,34.3757839],[112.3294366,34.3736929],[112.3286891,34.3707435],[112.3283465,34.36875],[112.3276839,34.3670415],[112.3261851,34.3649673],[112.3241368,34.3626423],[112.3226662,34.3604346],[112.3216273,34.3581179],[112.320713,34.3556135],[112.3199511,34.3536076],[112.3188291,34.3513249],[112.3177902,34.3494516],[112.3167725,34.3479145],[112.3147067,34.345188],[112.3127563,34.3430812],[112.3104956,34.3409767],[112.3082638,34.3391139],[112.306013,34.3375155],[112.3041406,34.3363104],[112.3025051,34.3354502],[112.3003347,34.3343172],[112.2969951,34.3329322],[112.2935337,34.3316614],[112.2909916,34.3307175],[112.2883601,34.329703],[112.2865495,34.3290064],[112.284183,34.327921],[112.2818754,34.3264653],[112.27755239999999,34.3224285],[112.2762825,34.3206429],[112.2750344,34.3190845],[112.2737183,34.3177434],[112.2716847,34.3162086],[112.2684113,34.3143696],[112.2659812,34.3130159],[112.2644395,34.311732],[112.2624542,34.3093756],[112.2610219,34.3068548],[112.2602239,34.3048597],[112.2588439,34.3018992],[112.2575363,34.299861],[112.2561863,34.2980095],[112.2548554,34.2958024],[112.2541807,34.2938192],[112.2538941,34.2918972],[112.2540034,34.2895299],[112.2545239,34.2869851],[112.255307,34.2853279],[112.2563481,34.2837626],[112.254258675,34.25938545],[112.2520812,34.2583284],[112.2487704,34.2558194],[112.2469292,34.2545018],[112.2446113,34.2535228],[112.242839,34.2530749],[112.2400058,34.2522499],[112.2379577,34.251281],[112.2360133,34.2496054],[112.2345517,34.2478822],[112.2331393,34.2459609],[112.2286998,34.24264882],[112.2256849,34.2408598],[112.2233441,34.2389646],[112.2203369,34.2362751],[112.2191161,34.2346629],[112.2180922,34.2330868],[112.2172256,34.2305579],[112.2167453,34.2288034],[112.2166343,34.2268736],[112.2161207,34.2243594],[112.2154999,34.2225018],[112.2137833,34.2204398],[112.2116994,34.2190762],[112.209906,34.2180863],[112.2082195,34.2165037],[112.2073342,34.2147695],[112.2060463,34.2127601],[112.2044313,34.2103686],[112.2034735,34.2085226],[112.2028915,34.2064659],[112.2028719,34.2040201],[112.2035713,34.2020625],[112.2052137,34.1995426],[112.2063639,34.1974814],[112.2070628,34.1954107],[112.2068872,34.1931854],[112.2059171,34.1910194],[112.2050456,34.1887716],[112.2045772,34.1862312],[112.2044661,34.1842666],[112.2041855,34.1820868],[112.2032686,34.1799477],[112.201088,34.1775513],[112.1992816,34.1755934],[112.1977583,34.1732954],[112.1972535,34.171085],[112.1969539,34.1679782],[112.1963624,34.1656754],[112.1953796,34.1636891],[112.1935618,34.1610407],[112.1920963,34.1582056],[112.1907593,34.1564348],[112.1897997,34.1544942],[112.1887905,34.1521733],[112.1881608,34.1498359],[112.1866481,34.1477798],[112.1853199,34.1465205],[112.18308,34.1452937],[112.1780925,34.1438426],[112.1763998,34.1431299],[112.1739039,34.1416304],[112.1721045,34.1410247],[112.1580158,34.1389401],[112.155301,34.1379314],[112.1526059,34.1369722],[112.1510962,34.1359652],[112.1490271,34.1334955],[112.147482,34.1317976],[112.1458739,34.1308069],[112.143771,34.1297275],[112.1418756,34.1291419],[112.1400155,34.1289618],[112.1375095,34.1288205],[112.1350361,34.1287661],[112.1329095,34.1284419],[112.1309114,34.1276444],[112.1288572,34.1264666],[112.1274534,34.125169],[112.1248599,34.1216764],[112.1233101,34.1200732],[112.1206883,34.1185705],[112.1183726,34.117868],[112.1161435,34.1174637],[112.114155,34.1169215],[112.1119505,34.1162396],[112.1099206,34.1154942],[112.1077022,34.1142638],[112.1060445,34.1131728],[112.1037175,34.1113471],[112.1011304,34.1099537],[112.0978445,34.108945],[112.0960306,34.1083768],[112.0917281,34.1066424],[112.0859738,34.10567285],[112.0834649,34.1051539],[112.0817421,34.1045951],[112.0794865,34.1032054],[112.0777727,34.1018303],[112.0752729,34.0998707],[112.073256,34.098499],[112.0714015,34.0977481],[112.0697711,34.0969488],[112.0678064,34.0963869],[112.0659981,34.0958951],[112.0640039,34.0952379],[112.0612998,34.0942562],[112.0580097,34.0924618],[112.0561138,34.090638],[112.0543111,34.0884611],[112.0523315,34.0864945],[112.0501274,34.0847866],[112.0477522,34.0834291],[112.0453077,34.0825028],[112.0429202,34.0817791],[112.0384685,34.0810731],[112.0363952,34.0808821],[112.0341929,34.080724],[112.0322836,34.0804997],[112.0302555,34.0801789],[112.0266358,34.0788521],[112.024731,34.0779364],[112.022986,34.0769177],[112.0205285,34.0761008],[112.0184068,34.0757013],[112.0164936,34.0757569],[112.01432445,34.075837699999994],[112.00824560000001,34.0746623],[112.0043218,34.073045],[112.0006387,34.0714249],[111.9982004,34.0706891],[111.9950634,34.0706757],[111.9923061,34.0708246],[111.9889614,34.0702202],[111.9868084,34.069926],[111.9832751,34.0697648],[111.9807668,34.0696657],[111.9788686,34.0691591],[111.9770319,34.0683193],[111.972848,34.065089],[111.9708925,34.0628715],[111.9697219,34.0614814],[111.9691821,34.0596703],[111.9667017,34.0564416],[111.9632212,34.0531132],[111.9570565,34.0503171],[111.954472,34.0487702],[111.9508713,34.0467658],[111.9491816,34.0460368],[111.9469392,34.0454501],[111.94099395,34.045735275],[111.9391729,34.0462862],[111.9366474,34.0471029],[111.9339066,34.0475762],[111.9301316,34.04729],[111.9264579,34.0466769],[111.9225141,34.0459637],[111.9191285,34.0455299],[111.9166612,34.0446286],[111.9144955,34.0432674],[111.9128913,34.0416096],[111.9114688,34.040435],[111.9096586,34.03891],[111.9070387,34.0374755],[111.9053547,34.0364177],[111.9035143,34.0351772],[111.9018218,34.0333257],[111.9004592,34.0311984],[111.8996814,34.0281642],[111.8986648,34.0261102],[111.8974015,34.0247231],[111.8958002,34.0233426],[111.8941829,34.0224],[111.8922088,34.0218265],[111.8900952,34.0216886],[111.8879119,34.0220354],[111.8856642,34.0228513],[111.8836606,34.0238674],[111.8813753,34.0258101],[111.879884,34.0271439],[111.8781505,34.0282219],[111.8764425,34.02883],[111.8732455,34.0296669],[111.869815,34.0303671],[111.8676472,34.0308515],[111.8642452,34.0316818],[111.8614003,34.0323259],[111.8585017,34.0324714],[111.8554595,34.0321729],[111.8528675,34.0315319],[111.8498748,34.030146],[111.8475741,34.0287355],[111.8458414,34.0274951],[111.8423599,34.025121],[111.8398425,34.0235216],[111.8373469,34.0221377],[111.8351244,34.0212583],[111.8319096,34.0198024],[111.829857,34.018955],[111.8270391,34.0175091],[111.8246251,34.0163975],[111.8229192,34.0157306],[111.8204731,34.0145745],[111.8179212,34.0114863],[111.817236,34.009774],[111.816605,34.007504],[111.8161447,34.0057528],[111.8150912,34.0038668],[111.8131316,34.0022268],[111.8115098,34.0009587],[111.809708,34.000423],[111.8073543,34.0001957],[111.8054922,34.0003087],[111.8033257,34.0009469],[111.8012986,34.0014203],[111.7992548,34.0015479],[111.7971941,34.0014004],[111.7949848,34.0008812],[111.7931313,34.0001112],[111.7908078,33.9986366],[111.7884751,33.9970332],[111.7849714,33.9943003],[111.7833406,33.9933173],[111.7815447,33.9925535],[111.7781684,33.9921753],[111.7756957,33.9917752],[111.7732156,33.990792],[111.7713223,33.9899845],[111.7682343,33.9887063],[111.7661749,33.987655],[111.764026,33.9861743],[111.7627596,33.9848698],[111.7615879,33.982531],[111.7611808,33.9804592],[111.760752,33.978572],[111.7568349,33.9709472],[111.7549252,33.9646652],[111.7531401,33.9566374],[111.7523456,33.9536656],[111.7532381,33.9509039],[111.7541674,33.9483594],[111.754469,33.9456833],[111.7539541,33.9439412],[111.7526692,33.9419167],[111.752206,33.9395964],[111.7522839,33.9375192],[111.7529728,33.9347394],[111.7543631,33.9325031],[111.755759,33.929951],[111.75688,33.926909],[111.7572607,33.9244728],[111.7577853,33.9183897],[111.7567713,33.915417],[111.75397015,33.9095374],[111.7520518,33.9071847],[111.7505637,33.9055028],[111.749149,33.9041885],[111.7475871,33.9029825],[111.7449394,33.901486],[111.7424886,33.9003353],[111.7406306,33.8994945],[111.7385792,33.8982122],[111.7368937,33.8964818],[111.73597,33.8947755],[111.735446,33.892506],[111.7353917,33.8893385],[111.734209,33.8865027],[111.7326288,33.8841425],[111.7313731,33.8817264],[111.7315991,33.8788265],[111.7328507,33.8770241],[111.7358618,33.8747801],[111.7380395,33.873281],[111.7394608,33.8685726],[111.7371819,33.8611067],[111.7364242,33.8587506],[111.736424,33.855224],[111.736352,33.853045],[111.734908,33.8487287],[111.7335968,33.8470232],[111.732632,33.845444],[111.7313437,33.8426661],[111.7313454,33.8407609],[111.731864,33.838659],[111.732252,33.8363439],[111.7320056,33.8341033],[111.7312954,33.831848],[111.7304938,33.8297357],[111.7300455,33.827814],[111.7297339,33.825676],[111.7295921,33.8233523],[111.7288632,33.8200439],[111.7279471,33.8178623],[111.7262307,33.8154054],[111.7245705,33.8137605],[111.7217221,33.8113769],[111.7194323,33.809697],[111.7179208,33.8085427],[111.7163232,33.8076427],[111.7112611,33.8056129],[111.7093136,33.8048044],[111.7070692,33.8038801],[111.7043169,33.8019446],[111.7029206,33.7999649],[111.70208,33.7973596],[111.7020428,33.7947741],[111.7028046,33.7915197],[111.7029002,33.7893364],[111.7023665,33.7871515],[111.7017505,33.784727],[111.7015318,33.7818228],[111.702442,33.7785379],[111.7035462,33.7760219],[111.7050219,33.7727268],[111.706871,33.7696622],[111.7087161,33.7680575],[111.7107328,33.7669018],[111.7126107,33.7660775],[111.7176211,33.7648065],[111.7198312,33.7642535],[111.7218053,33.7635846],[111.7241586,33.7633167],[111.7261022,33.7622734],[111.7280441,33.7614885],[111.7307156,33.7613369],[111.7326093,33.7613101],[111.7336285,33.7611139]]}},{"type":"Feature","properties":{"level":"expressway","ref":"S97","name":"新伊高速","routeKey":"expressway-S97","chainIndex":0,"sourceSegmentCount":231,"visualLengthKm":127.31,"sourceOsmCount":231},"geometry":{"type":"LineString","coordinates":[[112.125306,35.1403614],[112.1248647,35.1384169],[112.1240628,35.1367285],[112.1234486,35.1349106],[112.1232489,35.1330772],[112.1234734,35.1310296],[112.124128,35.1292081],[112.1249278,35.1275363],[112.125669,35.1256442],[112.1260713,35.1238512],[112.1261711,35.1218473],[112.1261637,35.1198581],[112.1263988,35.1178555],[112.1270454,35.1159022],[112.1279173,35.1141199],[112.1286694,35.1123063],[112.1290975,35.1103629],[112.1291286,35.1085551],[112.1287963,35.1065877],[112.1283805,35.1047977],[112.1281613,35.1029291],[112.1281978,35.101027],[112.1281861,35.0992175],[112.1277672,35.0972588],[112.1270512,35.0954442],[112.1259874,35.0936872],[112.1247888,35.0920427],[112.1238371,35.0902608],[112.1232412,35.0884464],[112.122913,35.086621],[112.1227491,35.0844214],[112.1226765,35.0823889],[112.1224925,35.0802634],[112.1221991,35.0781038],[112.1218055,35.0759624],[112.1213212,35.0738914],[112.1207554,35.0719431],[112.1201173,35.0701695],[112.1128014,35.0553837],[112.112149,35.0535811],[112.1117364,35.0516139],[112.1115904,35.0497547],[112.1117364,35.0478355],[112.1122785,35.0459872],[112.1130527,35.0442612],[112.1135934,35.0422656],[112.1136896,35.0403365],[112.1133454,35.0384565],[112.1125661,35.0366085],[112.1115233,35.0348833],[112.1105153,35.0332222],[112.1096079,35.0316605],[112.1079146,35.0284567],[112.1061501,35.0251114],[112.1050607,35.0233397],[112.1042947,35.0215789],[112.1038724,35.0195868],[112.1039353,35.0176673],[112.1044215,35.0157568],[112.1052682,35.0137905],[112.1060086,35.0120891],[112.1063818,35.0100115],[112.1061892,35.0079472],[112.1054416,35.0059541],[112.1044023,35.0043898],[112.089869,34.9902276],[112.088382,34.9890066],[112.0866666,34.9880026],[112.0849899,34.9873033],[112.083275,34.9867462],[112.0811544,34.9861855],[112.0792751,34.9857461],[112.0774178,34.9851317],[112.0756911,34.9843212],[112.0741085,34.9833438],[112.0726837,34.9822285],[112.071265,34.9808173],[112.0700483,34.9792523],[112.0690273,34.9774263],[112.0685394,34.9755725],[112.0682487,34.9734677],[112.0680463,34.9715169],[112.0678857,34.9696733],[112.0677476,34.967774],[112.0676002,34.9656872],[112.0675701,34.9636249],[112.0681258,34.9609739],[112.0689099,34.9592418],[112.0699766,34.957628],[112.0712905,34.9561184],[112.0727053,34.9546165],[112.0741761,34.953169],[112.0754859,34.9516369],[112.0766361,34.9500078],[112.0776278,34.9482694],[112.0784623,34.9464094],[112.0791403,34.9444254],[112.0796708,34.9426316],[112.0802252,34.9408258],[112.0809716,34.9389759],[112.0818888,34.9374127],[112.0895313,34.9283682],[112.0906436,34.9268951],[112.0917094,34.9248791],[112.0923069,34.9228271],[112.0924442,34.920765],[112.0921294,34.9187185],[112.0913701,34.9167135],[112.0901739,34.914776],[112.0889943,34.9133829],[112.087182,34.911529],[112.0828715,34.9069042],[112.0814852,34.9053568],[112.0804572,34.9036967],[112.0797161,34.9018624],[112.0792588,34.8998892],[112.0790819,34.8978127],[112.0790277,34.8956874],[112.0785873,34.8936264],[112.0778903,34.8919588],[112.0768888,34.8903288],[112.0755788,34.8887284],[112.0739567,34.8871501],[112.0723899,34.8856678],[112.0711774,34.8843023],[112.0700659,34.8827176],[112.0691862,34.8810747],[112.0683877,34.8792505],[112.0650496,34.8709826],[112.0639996,34.868369],[112.0625877,34.8648772],[112.0608657,34.8606065],[112.059941,34.8590296],[112.0589503,34.8572627],[112.0579713,34.8556923],[112.0568978,34.8541264],[112.0557736,34.8526354],[112.0545365,34.8510248],[112.0530184,34.8499006],[112.0510326,34.8488899],[112.0491736,34.8480987],[112.0474245,34.8474064],[112.0456143,34.8465827],[112.0440097,34.8456025],[112.0421972,34.8440775],[112.040769,34.8423352],[112.0397369,34.8404107],[112.0391129,34.8383389],[112.0389092,34.8361548],[112.0391381,34.8338926],[112.0394311,34.8315865],[112.0394256,34.8292943],[112.0391501,34.8270498],[112.0386334,34.8248859],[112.0379038,34.8228355],[112.03699,34.8209313],[112.0359203,34.8192062],[112.0328799,34.8153098],[112.0292463,34.8109481],[112.0276746,34.8089567],[112.0262744,34.8069846],[112.0251858,34.8054517],[112.0242382,34.8036082],[112.023713,34.8017956],[112.0235718,34.7999606],[112.0237772,34.7980497],[112.0242926,34.7960105],[112.0249214,34.7939619],[112.0253134,34.7921968],[112.025458,34.7903391],[112.0251789,34.7883307],[112.0244253,34.7866047],[112.0235471,34.7847256],[112.0227051,34.7829481],[112.0218497,34.7811047],[112.0211184,34.7794134],[112.0205571,34.7776185],[112.0202192,34.7757014],[112.0201136,34.7738277],[112.0201937,34.7718814],[112.0202507,34.7699768],[112.0202691,34.7680078],[112.0202379,34.7657732],[112.019916,34.7637549],[112.0192723,34.7619921],[112.018296,34.759707],[112.0168798,34.7570054],[112.0158901,34.7550687],[112.0148583,34.7529891],[112.0138632,34.7512832],[112.011711,34.7485603],[112.0093223,34.7459962],[112.0080828,34.7445918],[112.0070849,34.7428103],[112.0065981,34.7408902],[112.0066428,34.7389559],[112.0081266,34.7355506],[112.0120066,34.7313488],[112.0133563,34.7297605],[112.0145187,34.7282299],[112.0153803,34.7264861],[112.0159016,34.7245866],[112.0161268,34.7215013],[112.0158368,34.7183454],[112.0158475,34.7162535],[112.0162904,34.7139911],[112.0169156,34.7118556],[112.0178821,34.710255],[112.0188209,34.7087064],[112.0200647,34.7071374],[112.023381,34.7040424],[112.0258284,34.7015949],[112.0270514,34.7001042],[112.0287198,34.6978461],[112.0299697,34.6955394],[112.0308763,34.6931444],[112.0314878,34.691164],[112.0320833,34.6884028],[112.0327645,34.6852709],[112.0332809,34.6834633],[112.0337609,34.681239],[112.0347443,34.6784525],[112.0359459,34.6758393],[112.0370721,34.6739694],[112.0384963,34.6719923],[112.0404975,34.6691683],[112.0421201,34.6666628],[112.0433485,34.6648803],[112.0444766,34.6632048],[112.045357,34.6613024],[112.0459181,34.658981],[112.0459986,34.6563555],[112.0449901,34.6530062],[112.0440084,34.6505394],[112.0428098,34.6475533],[112.0418814,34.6456991],[112.0404358,34.6425143],[112.0397234,34.6400115],[112.0396017,34.6380405],[112.0398553,34.6361304],[112.0404695,34.6342765],[112.0414474,34.6325582],[112.0425361,34.6311178],[112.0440453,34.6294004],[112.0460833,34.6271144],[112.0492759,34.6235601],[112.0512131,34.6213168],[112.0536804,34.6183671],[112.055279,34.6164423],[112.056722,34.6142967],[112.0577198,34.6118596],[112.0582455,34.6101069],[112.0588034,34.606769],[112.0592219,34.6037886],[112.059651,34.6010995],[112.0600426,34.5985429],[112.0603967,34.5961495],[112.0609077,34.5938934],[112.0612515,34.5920638],[112.0620167,34.5885186],[112.0632023,34.5852461],[112.0645112,34.5817482],[112.065053,34.5796591],[112.0653498,34.5777184],[112.0653319,34.5754278],[112.0650423,34.5728306],[112.0645112,34.5700963],[112.0639945,34.5668654],[112.0642203,34.5644133],[112.0648301,34.5621466],[112.0657982,34.5606214],[112.0677876,34.5583494],[112.0705117,34.5557367],[112.0722628,34.5528452],[112.0729494,34.5498055],[112.0725363,34.5465845],[112.0711702,34.5432143],[112.0707929,34.5406414],[112.0707163,34.5386068],[112.0710606,34.5363387],[112.0717106,34.5345044],[112.07321370000001,34.53031345],[112.0738399,34.5275033],[112.0741081,34.5250195],[112.0740598,34.522182],[112.0738989,34.5203522],[112.0732778,34.5161868],[112.072597,34.5124103],[112.0723943,34.510215],[112.0723623,34.5078879],[112.0723164,34.5049342],[112.0724426,34.501796],[112.0728183,34.4975642],[112.072405,34.4731476],[112.0727536,34.471221],[112.0737162,34.469546],[112.077257,34.4672437],[112.0791721,34.4662088],[112.0838606,34.4647316],[112.0865482,34.4637055],[112.0928192,34.4611535],[112.0944581,34.460246],[112.0959292,34.4591605],[112.0974334,34.4576524],[112.0986199,34.455949],[112.0994643,34.4540501],[112.10078,34.4457599],[112.1006298,34.4436055],[112.1010431,34.4417267],[112.1017973,34.4398451],[112.102748,34.4382398],[112.1039395,34.4367478],[112.1053522,34.4353935],[112.1069631,34.434199],[112.109285,34.4331284],[112.1109354,34.4323884],[112.1143536,34.4312105],[112.1164602,34.4302795],[112.1185791,34.4292618],[112.1202674,34.4282366],[112.1218922,34.4268779],[112.12323176666666,34.42546121666667],[112.12596516,34.42195954],[112.1278248,34.419767],[112.1291748,34.4181202],[112.1316736,34.4157068],[112.1348176,34.4132803],[112.1366546,34.4121746],[112.1387537,34.4110597],[112.1407896,34.410178],[112.144318,34.4087712],[112.1490536,34.4068243],[112.151735,34.4058067],[112.154135,34.4048498],[112.159399,34.4026804],[112.1615756,34.4017604],[112.1670663,34.3996146],[112.1693512,34.398736],[112.1731402,34.3977963],[112.1770393,34.3975945],[112.1802076,34.3978236],[112.1857069,34.3984301],[112.1898776,34.3987302],[112.1919692,34.3988764],[112.1951991,34.3988365],[112.1973664,34.3986904],[112.1996033,34.3983982],[112.2025484,34.3980264],[112.204526,34.397845],[112.2067354,34.3975581],[112.2099321,34.3973863],[112.2132695,34.3973421],[112.2153437,34.3973226],[112.2175687,34.3975174],[112.2210771,34.3978405],[112.2231491,34.3979535],[112.22533,34.397953],[112.2271509,34.3978073],[112.228968,34.3975274],[112.2310388,34.3970172],[112.237731725,34.395115575],[112.2397734,34.3946079],[112.2419107,34.3940983],[112.2439022,34.393743],[112.2459799,34.3935041],[112.248142,34.3933682],[112.2513563,34.3933847],[112.2543089,34.393566],[112.2585916,34.3938583],[112.2619087,34.3939027],[112.2660426,34.3934676],[112.268205,34.393162],[112.2702252,34.3929195],[112.2724133,34.3928006],[112.2745106,34.3928182],[112.2764662,34.3929505],[112.2793391,34.3932291],[112.2821432,34.3934995],[112.2839963,34.3934627],[112.2873545,34.393476],[112.2900581,34.3934273],[112.2946362,34.3935928],[112.2972609,34.393857],[112.3009594,34.3943834],[112.3034204,34.3947638],[112.3055881,34.394981],[112.3083132,34.3953086],[112.3103428,34.3953783],[112.3125863,34.3952868],[112.3145199,34.3950386],[112.3172557,34.3944631],[112.3200016,34.3939697],[112.3223228,34.3935008],[112.3246506,34.3930228],[112.3284344,34.3922754],[112.3318192,34.391723],[112.333656,34.3914806],[112.3371105,34.3913309],[112.3393036,34.3913875],[112.3413656,34.3916143],[112.3455316,34.392117],[112.3509657,34.3929581],[112.35283,34.3931331],[112.3549155,34.3931647],[112.3569606,34.3930119],[112.3592323,34.3925863],[112.3627782,34.3916567],[112.364822,34.3910192],[112.3671795,34.3903301],[112.3695559,34.3895686],[112.3728633,34.3885978],[112.3757893,34.3877327],[112.3783895,34.3868917],[112.3801622,34.3862313],[112.3820523,34.3855444],[112.3842464,34.3843847],[112.3863333,34.3832588],[112.3879457,34.3823834],[112.3899542,34.3814656],[112.3926223,34.3804449],[112.3944175,34.3798997],[112.3963691,34.379508],[112.3999964,34.3789376],[112.4031677,34.3784681],[112.4050631,34.3781491],[112.41612495,34.37637635],[112.4199521,34.3757456],[112.4248284,34.3750062],[112.4266952,34.3746697],[112.4288783,34.3743133],[112.4306805,34.3738601],[112.4324197,34.3733568],[112.4346483,34.3725678],[112.4376212,34.3715686],[112.4411021,34.3706255],[112.4434029,34.370251],[112.4463828,34.370009],[112.448422,34.3699869],[112.4517295,34.3699913],[112.4552059,34.3700445],[112.4577214,34.3700401],[112.4606224,34.3700976],[112.4635175,34.3701286],[112.4658536,34.3700798],[112.46839,34.3698797],[112.4702439,34.3696351],[112.4733264,34.3689712],[112.4761516,34.3681006],[112.4789182,34.3670896],[112.4808083,34.3664001],[112.4828852,34.3657478],[112.4850993,34.365237],[112.4893358,34.3646771],[112.4916361,34.3645599],[112.4934598,34.3645523],[112.4967516,34.3646731],[112.4994957,34.3645653],[112.5026286,34.3640782],[112.5043795,34.3636097],[112.5061357,34.3629322],[112.507993,34.3619306],[112.510246,34.3602079],[112.5117369,34.3588061],[112.5144429,34.3560733],[112.5160891,34.3548055],[112.5174305,34.353998]]}},{"type":"Feature","properties":{"level":"expressway","ref":"S82","name":"郑民高速","routeKey":"expressway-S82","chainIndex":0,"sourceSegmentCount":204,"visualLengthKm":120.29,"sourceOsmCount":204},"geometry":{"type":"LineString","coordinates":[[113.8099248,34.6466016],[113.8132512,34.6467101],[113.8152379,34.6467565],[113.8170414,34.6467747],[113.819208,34.6469355],[113.8219488,34.6474273],[113.8246837,34.6483573],[113.8267218,34.6491782],[113.8293511,34.6502243],[113.8335194,34.6514634],[113.8358602,34.6518749],[113.8408819,34.6522913],[113.8426801,34.6525502],[113.850331,34.6527025],[113.8561423,34.6525574],[113.8620243,34.6524106],[113.8702337,34.6520552],[113.8774275,34.6518182],[113.8860093,34.652089],[113.8933385,34.6528677],[113.8969552,34.6532327],[113.8990679,34.6533555],[113.9054728,34.653953],[113.9093439,34.6543208],[113.9137104,34.6550379],[113.916678,34.6555142],[113.9203425,34.6562183],[113.9251123,34.6572973],[113.9285229,34.6582526],[113.9329191,34.65959],[113.9399175,34.6621276],[113.9432779,34.6632588],[113.9469767,34.6645979],[113.9509747,34.6660195],[113.9529501,34.6666907],[113.9549902,34.6673389],[113.9571889,34.6676841],[113.9598574,34.6683668],[113.9619809,34.668871],[113.9644652,34.6693557],[113.9665053,34.6696747],[113.9686541,34.6699554],[113.9756466,34.670842],[113.9811756,34.6714194],[113.9884599,34.6722134],[113.9941206,34.6730073],[113.9991231,34.67409],[114.0029973,34.6750145],[114.0057665,34.6758942],[114.0086489,34.6765943],[114.0130043,34.6780383],[114.0177477,34.6797492],[114.02882075,34.6833771],[114.0321915,34.6843523],[114.0361589,34.6854209],[114.0470577,34.6876322],[114.0491655,34.6881389],[114.0528589,34.6888783],[114.0555568,34.689497],[114.0580583,34.6901459],[114.0604449,34.6908243],[114.0627193,34.6914],[114.0652098,34.692195],[114.0713856,34.6941655],[114.074737,34.6952604],[114.0772197,34.6960759],[114.0796476,34.6968009],[114.0814317,34.6972942],[114.0832792,34.6977653],[114.0858804,34.6983622],[114.0880272,34.698807],[114.090379,34.6992309],[114.092821,34.6996219],[114.0950773,34.6999268],[114.0974131,34.7001888],[114.101346,34.7004796],[114.1035004,34.7006063],[114.1053457,34.700699],[114.1089647,34.7009267],[114.1116635,34.7010652],[114.1153162,34.7012582],[114.117144,34.7013589],[114.1192588,34.7014725],[114.1213068,34.701672],[114.1240507,34.701833],[114.1264299,34.7020226],[114.1289431,34.702274],[114.1310754,34.702553],[114.1329538,34.7028264],[114.15099875000001,34.70712375],[114.1550047,34.7082354],[114.1572563,34.7088847],[114.159142,34.7094337],[114.1614836,34.7101129],[114.1642202,34.7109053],[114.1662185,34.7114636],[114.1681482,34.7119443],[114.170655,34.7124815],[114.1728695,34.7128697],[114.1748625,34.7131579],[114.1779527,34.7135749],[114.1800049,34.7138625],[114.1852401,34.7145635],[114.1871633,34.7148215],[114.1893975,34.7151235],[114.1936968,34.7157],[114.1961066,34.7160186],[114.1981109,34.7162809],[114.2008555,34.7166381],[114.207251,34.7175733],[114.2093127,34.7178559],[114.2128618,34.7182945],[114.2153074,34.7185076],[114.2182733,34.7186877],[114.2206553,34.71866],[114.2232445,34.7186442],[114.2257163,34.7186813],[114.2276458,34.7187517],[114.2306347,34.7189304],[114.2325745,34.7191899],[114.2357201,34.7195549],[114.2397466,34.7202248],[114.2419726,34.7205732],[114.2460474,34.721086],[114.2486478,34.7212053],[114.2517173,34.7213838],[114.2545479,34.7214628],[114.2564847,34.7214632],[114.2585715,34.7214078],[114.2605653,34.7213229],[114.2626493,34.7212068],[114.2700964,34.7204847],[114.2722901,34.7202923],[114.2748718,34.7199881],[114.280302,34.7194644],[114.2826207,34.7191819],[114.2847037,34.7190314],[114.2884627,34.718823],[114.2909126,34.7187758],[114.2944032,34.7187984],[114.2974857,34.7188958],[114.3002848,34.7189187],[114.3122106,34.71789835],[114.3157336,34.7173019],[114.3183636,34.7167082],[114.3207168,34.7160879],[114.3235581,34.7152424],[114.329842,34.7133888],[114.3341222,34.7121256],[114.3395988,34.710608],[114.3457045,34.7093786],[114.354589,34.7079747],[114.3637991,34.7067877],[114.3678318,34.7059568],[114.3715344,34.7049987],[114.373824,34.7044052],[114.3790324,34.7026246],[114.3830135,34.7011916],[114.3863654,34.6997162],[114.3902021,34.6978168],[114.3931828,34.6964346],[114.3984249,34.6941353],[114.4030249,34.6919816],[114.4067725,34.6903142],[114.4106288,34.6888857],[114.4161199,34.6870771],[114.4215784,34.6856812],[114.4282264,34.6842256],[114.4328539,34.6830199],[114.4380571,34.6814339],[114.442299,34.6799349],[114.4451287,34.6788106],[114.450131,34.6767467],[114.4557687,34.6743623],[114.4616509,34.6719128],[114.468565,34.6690178],[114.4717858,34.6678012],[114.4761417,34.6664271],[114.4800306,34.6654277],[114.4831517,34.6647691],[114.4872814,34.6640536],[114.4902974,34.6637905],[114.4925057,34.6635753],[114.4950504,34.6634107],[114.4983383,34.6632803],[114.5019352,34.6631031],[114.5064215,34.6626034],[114.5087291,34.6623193],[114.5106884,34.6620272],[114.5148998,34.6612456],[114.5197174,34.6601647],[114.5216275,34.659618],[114.5277179,34.6576822],[114.5310918,34.6563836],[114.5362553,34.6541552],[114.5389938,34.6531855],[114.5411835,34.6524082],[114.5433112,34.6517213],[114.5462264,34.6508889],[114.5497403,34.6500391],[114.5532518,34.6494094],[114.5567803,34.6489073],[114.5606029,34.6485412],[114.5647299,34.6480669],[114.5670709,34.6477191],[114.5717386,34.6468266],[114.5746989,34.6461999],[114.5814394,34.6443565],[114.5841096,34.6434498],[114.5864367,34.6427634],[114.590562,34.6415806],[114.5923752,34.640976],[114.5950574,34.6400183],[114.5969242,34.6392459],[114.5999014,34.6380233],[114.6020257,34.6372068],[114.6042305,34.6364432],[114.606564,34.6356797],[114.6100724,34.6347748],[114.6129799,34.6341657],[114.6163058,34.633614],[114.6204418,34.6331461],[114.6242666,34.6328857],[114.6270615,34.6328371],[114.630028,34.6328195],[114.6322113,34.6327577],[114.6343732,34.6326297],[114.6379459,34.6322104],[114.6400809,34.631769],[114.6430796,34.6310142],[114.6453327,34.6303477],[114.6487498,34.6290808],[114.6528482,34.6274255],[114.6573007,34.6256069],[114.6598327,34.6246136],[114.661662,34.6239691],[114.6644354,34.623126],[114.6663451,34.6225654],[114.6716183,34.6211748],[114.6744776,34.620314],[114.6773905,34.6192633],[114.6794289,34.6184554],[114.6831036,34.616769],[114.6860486,34.6151576],[114.6931618,34.6110053],[114.6964225,34.609282],[114.6981841,34.6082687],[114.6997907,34.6074528],[114.7016663,34.6066127],[114.7036313,34.6058573],[114.7063154,34.6048991],[114.708374,34.604388],[114.7105224,34.6039707],[114.7123893,34.6037091],[114.7146866,34.6034961],[114.7168659,34.6034133],[114.7194354,34.6034618],[114.7219715,34.6036661],[114.7239975,34.6040554],[114.7267001,34.604582],[114.729341,34.6052086],[114.7319857,34.6059614],[114.7337582,34.6064292],[114.7361282,34.6067866],[114.7392073,34.6071454],[114.7413826,34.6072535],[114.7432789,34.6072381],[114.7452275,34.6071178],[114.747313,34.6068639],[114.7500354,34.6063561],[114.7521316,34.6058616],[114.7540708,34.6054267],[114.7568294,34.6049024],[114.7589189,34.6045823],[114.7613892,34.6042886],[114.7633432,34.6041065],[114.7652476,34.6039851],[114.7680008,34.6038096],[114.7712798,34.6036009],[114.7735906,34.6034475],[114.7756639,34.6032654],[114.7778191,34.6030137],[114.7797851,34.6027189],[114.7825854,34.6022101],[114.7847512,34.6017288],[114.7866851,34.6012464],[114.7886632,34.6007408],[114.7917693,34.5999372],[114.7947053,34.5993155],[114.7966781,34.5988614],[114.7991919,34.5984594],[114.8025925,34.5982905],[114.8046864,34.5983768],[114.8065693,34.598569],[114.8103645,34.5993311],[114.8144159,34.6004617],[114.8175662,34.6012654],[114.8225187,34.6025245],[114.8251406,34.6032027],[114.8270672,34.6036477],[114.8309715,34.6043494],[114.8338356,34.6047734],[114.8356643,34.6049669],[114.8377523,34.6051433],[114.8399716,34.6052447],[114.856162675,34.60712525],[114.8610519,34.6078988],[114.8636329,34.6080959],[114.8657187,34.6081344],[114.8692659,34.6079354],[114.8714509,34.6076431],[114.87583057500001,34.60686585],[114.8776547,34.6066227],[114.8795365,34.6063411],[114.881371,34.6061209],[114.8834483,34.6059311],[114.8856185,34.6057854],[114.8876502,34.6057008],[114.8904061,34.6056981],[114.8928761,34.605771],[114.8966247,34.6059927],[114.9019097,34.6061853],[114.9043922,34.6062826],[114.907576,34.6063002],[114.9094835,34.6063863],[114.9121171,34.6062711],[114.9146736,34.6061031],[114.9183844,34.6058215],[114.9213033,34.6055988],[114.9236113,34.6055729],[114.9256256,34.605623],[114.9286323,34.605807],[114.9308835,34.6060051],[114.9358295,34.6064422],[114.938312,34.6065532],[114.941364,34.6067192],[114.9436439,34.6066997],[114.9471287,34.6065613],[114.951058,34.6062869],[114.955854,34.606102],[114.9578744,34.6060756],[114.9598817,34.6061194],[114.96654425,34.606596350000004],[114.9704499,34.6067593],[114.9726156,34.606772],[114.9762926,34.6066636],[114.9808573,34.6063355],[114.9830326,34.6060866],[114.9852801,34.6058727],[114.9901017,34.6055376],[114.9924338,34.605308],[114.9948414,34.6050651],[114.9978626,34.6048],[115.0018648,34.6045323],[115.0043965,34.6044382],[115.0087479,34.6043128],[115.0121642,34.6044564],[115.0164867,34.6047328],[115.0203332,34.6051275],[115.0238418,34.6057538],[115.0302682,34.6068232],[115.0355154,34.6078185],[115.0406322,34.6089637],[115.0429159,34.6095794],[115.05593236666668,34.614094083333335],[115.060414,34.615721],[115.06377016666666,34.6168817],[115.0658395,34.6173917],[115.0679024,34.6175611],[115.0702014,34.6168887],[115.0730885,34.6147382]]}},{"type":"Feature","properties":{"level":"expressway","ref":"G3612","name":"平宜高速","routeKey":"expressway-G3612","chainIndex":0,"sourceSegmentCount":353,"visualLengthKm":121.31,"sourceOsmCount":353},"geometry":{"type":"LineString","coordinates":[[113.4404322,33.6305791],[113.4385875,33.6294678],[113.4350407,33.6275927],[113.4310873,33.6255061],[113.4263977,33.6231078],[113.424755,33.622195],[113.4221562,33.6206663],[113.4205435,33.6196246],[113.4182104,33.6179835],[113.4159596,33.6162162],[113.4144262,33.6149191],[113.4125149,33.6131197],[113.4110596,33.6116646],[113.4097306,33.6101988],[113.4084545,33.6086794],[113.4037558,33.6028068],[113.4024408,33.601109],[113.400796,33.5989248],[113.39924,33.5964102],[113.3982087,33.5944643],[113.3973567,33.5923861],[113.3963887,33.5900245],[113.3952307,33.5871704],[113.3933208,33.5814744],[113.3916313,33.5770062],[113.3897983,33.5734384],[113.3880132,33.5704914],[113.3857745,33.5673366],[113.3829255,33.5639696],[113.3811709,33.5623461],[113.3787584,33.5601177],[113.3774083,33.5589151],[113.3744552,33.5561434],[113.372574,33.5541941],[113.3712542,33.5527501],[113.3683711,33.5491778],[113.3662223,33.5461862],[113.364792,33.5441217],[113.3635677,33.5424617],[113.35804551666666,33.5364488],[113.3544182,33.5333919],[113.3523152,33.5316691],[113.3501372,33.5298777],[113.3485359,33.5285319],[113.3462638,33.5264105],[113.3448597,33.5249641],[113.3434096,33.5233897],[113.3422185,33.5219944],[113.3401134,33.5191842],[113.3389156,33.5174233],[113.3377236,33.5154938],[113.3364254,33.51306],[113.3350873,33.5104904],[113.3333355,33.5073534],[113.3319622,33.5050498],[113.3304002,33.5028321],[113.3287126,33.5006936],[113.3273106,33.4990493],[113.325681,33.4972966],[113.3239404,33.4955279],[113.3225691,33.4942557],[113.3211693,33.4930076],[113.3197464,33.4918396],[113.3171618,33.4900414],[113.3148819,33.4882832],[113.3133155,33.487281],[113.3114648,33.4861536],[113.3092196,33.4848604],[113.3070981,33.4837465],[113.304393,33.4824207],[113.3023306,33.4814056],[113.294990075,33.477838025000004],[113.2930152,33.4767804],[113.28921735,33.47490565],[113.2870686,33.4736066],[113.2822791,33.4703016],[113.2789788,33.4675786],[113.2774183,33.4662833],[113.2758828,33.4647614],[113.2744244,33.4630217],[113.2727069,33.4610059],[113.2712947,33.4590643],[113.27003,33.4572376],[113.2682417,33.4542278],[113.266085,33.4503379],[113.2609779,33.4405373],[113.2596821,33.4377395],[113.2563444,33.4312823],[113.2490715,33.4176638],[113.2372509,33.3949309],[113.2360994,33.3923615],[113.2345163,33.3893095],[113.2320022,33.3845394],[113.2297894,33.381267],[113.2274085,33.3780689],[113.2253568,33.3757013],[113.22229,33.3726748],[113.215921,33.3671154],[113.2138977,33.3653818],[113.2125639,33.3640808],[113.2076254,33.3600074],[113.2035113,33.3567382],[113.1998795,33.3542933],[113.1981943,33.3532859],[113.195894,33.3519935],[113.194263,33.3511656],[113.1922352,33.3501888],[113.1903622,33.3493613],[113.183684,33.3466511],[113.1797132,33.3449203],[113.1766337,33.3436672],[113.1720387,33.3418466],[113.1619247,33.3376729],[113.1597661,33.3369434],[113.1569458,33.3357653],[113.1551848,33.3350077],[113.1519984,33.3334574],[113.1457078,33.3301497],[113.1370005,33.3256218],[113.1337432,33.3239433],[113.1251135,33.3194965],[113.1220337,33.3180887],[113.111734475,33.313391975],[113.1058595,33.3106903],[113.1018823,33.3091328],[113.0999252,33.3084032],[113.0972412,33.3075186],[113.093462,33.3062319],[113.0902257,33.3052826],[113.0878383,33.3041099],[113.0847084,33.3021864],[113.0807241,33.2996277],[113.0779631,33.2981011],[113.0740949,33.2957263],[113.0725641,33.2947789],[113.070387,33.2933081],[113.06567749999999,33.290453600000006],[113.0640084,33.2895103],[113.0615625,33.2882044],[113.0592573,33.2871974],[113.0566976,33.2863834],[113.0537617,33.2857183],[113.0499827,33.2852098],[113.0472573,33.2848845],[113.0440738,33.2844843],[113.042077,33.2841476],[113.0377205,33.2836439],[113.02969715,33.282719725],[113.0264518,33.2822267],[113.02408,33.2819643],[113.0216732,33.2818168],[113.0194085,33.2815458],[113.0165664,33.2812051],[113.0134303,33.2808293],[113.0073835,33.2800411],[113.0030969,33.2794806],[113.0011048,33.2792736],[112.9976448,33.2785985],[112.994437,33.2776879],[112.9914267,33.2767921],[112.9850856,33.2749446],[112.9828218,33.2742469],[112.9808826,33.2735306],[112.96926666666666,33.26996095],[112.966971,33.2691947],[112.9643901,33.2683923],[112.9617675,33.2674978],[112.9580791,33.2659829],[112.9551368,33.2645959],[112.953339,33.2636506],[112.94661595,33.25948795],[112.9449645,33.2581495],[112.9435157,33.2569321],[112.941684,33.2555035],[112.9396566,33.2534802],[112.9383319,33.252049],[112.9360825,33.2497906],[112.9328121,33.2464426],[112.9312505,33.2451134],[112.9274695,33.2422534],[112.9258481,33.2411631],[112.92150585,33.23860045000001],[112.9196053,33.2376579],[112.91685,33.2361966],[112.9146563,33.2349732],[112.9101822,33.2326115],[112.9082221,33.2314828],[112.9030435,33.2285974],[112.9009301,33.2274524],[112.8964104,33.2249908],[112.8933847,33.2233667],[112.8887233,33.2208355],[112.8839738,33.2183004],[112.8811373,33.2167903],[112.8770425,33.2147192],[112.8750529,33.2136896],[112.8729128,33.2125472],[112.8693584,33.2111816],[112.8673767,33.2104626],[112.8639388,33.2094312],[112.859523,33.2082565],[112.8575442,33.2076441],[112.8557722,33.207088],[112.8534661,33.2061908],[112.8516844,33.2054941],[112.8489073,33.2043955],[112.8469714,33.2034618],[112.8452725,33.2025798],[112.83868107500001,33.19867725],[112.8356416,33.1968301],[112.8286229,33.1928974],[112.82304018333333,33.18955315],[112.8187478,33.1871002],[112.8145873,33.1846398],[112.8124058,33.1833675],[112.8090636,33.1812788],[112.8034727,33.1779994],[112.79835095000001,33.175045174999994],[112.7934392,33.1722419],[112.7847435,33.1669872],[112.7828473,33.1658893],[112.78097,33.1649293],[112.7786476,33.1635738],[112.7762403,33.1625341],[112.7740819,33.1616508],[112.7723052,33.1608407],[112.7700287,33.1599542],[112.7669173,33.158571],[112.7640367,33.1571654],[112.75069465,33.1489053],[112.7417637,33.1429619],[112.7365019,33.1395499],[112.7345132,33.1382037],[112.7327396,33.1368874],[112.7307833,33.1355567],[112.7287868,33.1339672],[112.7242594,33.1301779],[112.7213014,33.1276965],[112.718683,33.12541],[112.7171497,33.1235597],[112.7150463,33.1211649],[112.7130191,33.1187209],[112.711651,33.1164753],[112.7089596,33.1118833],[112.7081267,33.1100949],[112.7060787,33.1054307],[112.7047947,33.1030698],[112.7033129,33.1006524],[112.702183,33.0989387],[112.69625436666666,33.09192205],[112.694227,33.0898717],[112.6923568,33.0881937],[112.6862073,33.0831277],[112.6836592,33.0806906],[112.6817757,33.0786102],[112.679562,33.0759729],[112.6777249,33.0734965],[112.6753656,33.0696992],[112.6740976,33.0676242],[112.6718678,33.0633596],[112.6705189,33.0607713],[112.6695373,33.0586435],[112.6686608,33.0564743],[112.6674109,33.0525581],[112.6667411,33.0499381],[112.6665526,33.047893],[112.6661717,33.0443834],[112.6660748,33.0418954],[112.6661875,33.0386578],[112.6662442,33.0366592],[112.6668678,33.032813],[112.6673596,33.0308217],[112.668165,33.0278594],[112.6693362,33.0242625],[112.6703957,33.0206354],[112.6711398,33.0180367],[112.6717312,33.0159059],[112.6722472,33.013691],[112.6729805,33.0108782],[112.67331553333332,33.00887553333334],[112.67166122500001,32.999315475],[112.6707114,32.9974238],[112.6692689,32.9953731],[112.6669349,32.9928274],[112.6655606,32.9913877],[112.6637896,32.9894792],[112.65662300000001,32.98200036666666],[112.6553164,32.9806433],[112.6526052,32.978278],[112.6502997,32.9761442],[112.6488067,32.9749225],[112.6473001,32.9737243],[112.6448754,32.9720506],[112.6411447,32.9694506],[112.6375752,32.9670722],[112.6342589,32.9647473],[112.631613,32.9630123],[112.6292057,32.9614131],[112.6272501,32.9601013],[112.6251635,32.9587198],[112.6233389,32.9575567],[112.6214317,32.956188],[112.6167716,32.9524055],[112.6153994,32.9511193],[112.613385,32.9490557],[112.6114249,32.9467489],[112.6084211,32.9428845],[112.605138,32.9386072],[112.6032406,32.9361095],[112.6018852,32.9344433],[112.6006462,32.9329503],[112.599038,32.9312326],[112.597638,32.9298675],[112.5960035,32.9283724],[112.5946159,32.9271736],[112.5925205,32.9255301],[112.5905675,32.9241598],[112.5881742,32.922315],[112.5853195,32.9200685],[112.583096,32.9182334],[112.575376,32.9103378],[112.5734904,32.9079665],[112.5722109,32.9061918],[112.5694846,32.902514],[112.5682042,32.9007357]]}},{"type":"Feature","properties":{"level":"expressway","ref":"S37","name":"兰许高速","routeKey":"expressway-S37","chainIndex":0,"sourceSegmentCount":162,"visualLengthKm":114.31,"sourceOsmCount":162},"geometry":{"type":"LineString","coordinates":[[114.0098736,34.0163654],[114.0129025,34.0174445],[114.0159715,34.0188066],[114.0187388,34.0202044],[114.0208825,34.0213831],[114.0232588,34.0228822],[114.0265069,34.0251563],[114.0284876,34.0267004],[114.0305051,34.0283004],[114.032678,34.0303153],[114.034137,34.0318389],[114.0355305,34.0334503],[114.0370068,34.0352179],[114.0390886,34.0377441],[114.0429337,34.0422169],[114.0457744,34.0450788],[114.0481985,34.0473772],[114.0517914,34.0503538],[114.0553207,34.0530219],[114.0576975,34.054609],[114.0601182,34.0561504],[114.0616694,34.0570791],[114.0635641,34.0581718],[114.0678256,34.0605534],[114.07828154999999,34.0666376],[114.0798992,34.0677932],[114.0820472,34.0694102],[114.0840877,34.0711813],[114.0856969,34.072814],[114.0876907,34.0751893],[114.089014,34.0770363],[114.0904424,34.079448],[114.0912566,34.0811238],[114.0922104,34.0836288],[114.0932155,34.0869099],[114.0937706,34.089041],[114.0947609,34.0930695],[114.096962,34.1015224],[114.0989848,34.1064654],[114.10121,34.1110065],[114.1080567,34.1214624],[114.1177984,34.135425],[114.121677,34.1407258],[114.1248116,34.1452531],[114.13127595,34.16184375],[114.1318014,34.1656508],[114.1319188,34.1688655],[114.1318195,34.1718337],[114.1316323,34.1736919],[114.1309677,34.1778962],[114.1305283,34.1803523],[114.1302972,34.1823663],[114.1300938,34.1854449],[114.1301206,34.1874395],[114.1303709,34.190641],[114.1305263,34.1930848],[114.1311029,34.195878],[114.1321479,34.199028],[114.132731,34.2007763],[114.1338388,34.2034871],[114.1349653,34.2058052],[114.1362286,34.2080878],[114.1375885,34.2102549],[114.1408179,34.2146778],[114.1420651,34.2163901],[114.1432467,34.2181497],[114.1447648,34.2206762],[114.1461232,34.2232733],[114.1473705,34.2260698],[114.1483922,34.2288084],[114.1492936,34.2316697],[114.1498784,34.234071],[114.1503297,34.2365251],[114.1505784,34.2384371],[114.150911,34.2418607],[114.1513887,34.2472022],[114.1517693,34.2513126],[114.1519893,34.2533744],[114.1522441,34.2552499],[114.1527081,34.2576215],[114.1533545,34.2601559],[114.1539875,34.2622131],[114.1545991,34.2639931],[114.1552925,34.2657371],[114.156651,34.2686769],[114.1582091,34.2715368],[114.1600627,34.2744532],[114.1611303,34.2760091],[114.1623364,34.2775496],[114.1635979,34.2790832],[114.1648344,34.2807831],[114.1688142,34.2855157],[114.1727925,34.2902505],[114.1754103,34.2933108],[114.1768131,34.2948885],[114.178299,34.2964055],[114.181216,34.2991928],[114.1826966,34.3005267],[114.1847925,34.3022922],[114.1875272,34.3044307],[114.189158,34.3055917],[114.1939887,34.3089882],[114.1961484,34.3103341],[114.2053684,34.3167665],[114.2096849,34.3197594],[114.2112621,34.3210432],[114.2141112,34.3232662],[114.2160136,34.3249297],[114.2176498,34.3264758],[114.219353,34.3282434],[114.2208601,34.3300037],[114.2224107,34.3319402],[114.2239985,34.3341817],[114.2253846,34.3363761],[114.2268833,34.3391512],[114.2276015,34.3408105],[114.2300767,34.3473487],[114.2320996,34.3553208],[114.2348446,34.36452],[114.2357248,34.3666339],[114.23718,34.3697215],[114.2382551,34.3714596],[114.2414638,34.377053],[114.2448754,34.3811618],[114.2467469,34.3837649],[114.252176,34.3910529],[114.2547016,34.3955188],[114.2564034,34.3993915],[114.25781,34.4032244],[114.2596499,34.410428],[114.261759,34.4157562],[114.2646869,34.4215081],[114.2692465,34.4276493],[114.271628,34.4303464],[114.2734755,34.4322229],[114.2753602,34.4339976],[114.2767799,34.4352522],[114.2784248,34.4365595],[114.2800312,34.4378137],[114.2818317,34.4390797],[114.2839463,34.4404784],[114.285911,34.4416749],[114.2877594,34.4427305],[114.2894446,34.44359],[114.2913505,34.4445654],[114.2931893,34.4454191],[114.2950956,34.4462197],[114.297576,34.4471868],[114.2995176,34.4478837],[114.3013545,34.4484867],[114.3033136,34.4491721],[114.3081551,34.4504354],[114.3118758,34.4513938],[114.3162306,34.4525266],[114.3227889,34.4542263],[114.3264016,34.4551789],[114.3283649,34.4557731],[114.3301639,34.4563865],[114.3330638,34.4574608],[114.3356505,34.4585651],[114.3378842,34.4596383],[114.3412886,34.4614289],[114.3431715,34.4625546],[114.3460792,34.4644549],[114.3488705,34.4665177],[114.3540731,34.4711377],[114.3555084,34.4723842],[114.3569777,34.4735939],[114.3585819,34.4748533],[114.3602289,34.4760539],[114.3617454,34.477064],[114.3634914,34.4781843],[114.3655118,34.4793873],[114.3679518,34.4807315],[114.3706879,34.4820692],[114.3734523,34.4833105],[114.3769519,34.4849119],[114.3786871,34.4857965],[114.3804594,34.4867732],[114.3835193,34.488641],[114.3850491,34.4896513],[114.3865364,34.4907303],[114.3884383,34.4922029],[114.3900162,34.4935334],[114.3921762,34.4954259],[114.3941892,34.4971675],[114.3959828,34.4985545],[114.3984809,34.5003199],[114.4002237,34.5014541],[114.4026857,34.5028979],[114.4059166,34.50457],[114.4080514,34.505559],[114.4107706,34.5065221],[114.4131552,34.507386],[114.4155994,34.5081835],[114.4197777,34.5093836],[114.43027119999999,34.513175800000006],[114.4333631,34.5145752],[114.4386131,34.5171888],[114.4408574,34.5184137],[114.4431278,34.5196099],[114.4448684,34.5204622],[114.4478973,34.5218605],[114.4531298,34.5239434],[114.4558491,34.5248713],[114.4585944,34.5257776],[114.4609989,34.5267308],[114.4632179,34.5276961],[114.465021,34.5284996],[114.4668297,34.5294202],[114.4684298,34.5302651],[114.4709753,34.5318168],[114.4731587,34.5332172],[114.4750933,34.534602],[114.4775308,34.5364022],[114.4795785,34.5381862],[114.4816307,34.5403952],[114.4836137,34.542557],[114.4849293,34.5441517],[114.4860705,34.5456525],[114.490186,34.5514639],[114.4922817,34.554004],[114.4937146,34.5555688],[114.4958686,34.5578114],[114.497371,34.5592693],[114.5005444,34.562167],[114.5019874,34.5633576],[114.5034691,34.5645587],[114.5106107,34.5701714],[114.5143872,34.5731353],[114.53029004999999,34.58891605],[114.5317626,34.5909961],[114.533034,34.5929568],[114.5344448,34.5954121],[114.5355982,34.5975449],[114.5371914,34.6006977],[114.5382535,34.6029011],[114.5396966,34.6050956],[114.541263,34.6073518],[114.5537867,34.625932899999995],[114.5544594,34.6276904],[114.5555592,34.6298886],[114.5568895,34.632281],[114.5585632,34.634819],[114.559679,34.6363064],[114.560886,34.6378379],[114.562093,34.6393033],[114.5634931,34.6408083],[114.5653921,34.6427811],[114.5701321,34.6480884],[114.5721924,34.6509797],[114.5735918,34.6533041],[114.5747399,34.6552622],[114.5759627,34.6578235],[114.5768254,34.6599175],[114.5774824,34.661706],[114.5788261,34.6668812],[114.5792376,34.6692597],[114.579464,34.6711661],[114.5798404,34.6733184],[114.5801645,34.6758866],[114.5805087,34.6778462],[114.5810978,34.6803937],[114.5816042,34.6821382],[114.5823025,34.6841875],[114.5831299,34.6862694],[114.5839904,34.6881635],[114.5852712,34.6906263],[114.5867407,34.6930564],[114.5878818,34.6947579],[114.5890276,34.6963163],[114.5903647,34.6979761],[114.5919401,34.6997584],[114.5935618,34.7014563],[114.5954019,34.7031868],[114.5971395,34.7046805],[114.5998368,34.7067891],[114.6012997,34.7079615],[114.6035729,34.7094488],[114.6068317,34.7115405],[114.6139067,34.7160814],[114.6177896,34.7184454],[114.6199553,34.7199582],[114.6224413,34.721461],[114.6258231,34.7239956],[114.6273976,34.7254674],[114.6288538,34.7266429],[114.6314007,34.7291974],[114.6327953,34.730746],[114.6345794,34.7329194],[114.6356978,34.7344454],[114.637441,34.7370671],[114.6384818,34.7388567],[114.6407005,34.7426964],[114.6426068,34.7456169],[114.643805,34.7475024],[114.6451458,34.7491417],[114.6470216,34.7511003],[114.6484918,34.7528257],[114.6516916,34.755679],[114.6593196,34.7622799],[114.6611852,34.7640334],[114.6632363,34.7659612],[114.6656089,34.7685557],[114.6668921,34.7703406],[114.6697164,34.7742302],[114.6715089,34.7772207],[114.6731594,34.7804241],[114.6743485,34.783246],[114.6755642,34.7866447],[114.676842,34.7904338],[114.6783151,34.7946843],[114.6796185,34.7980917],[114.6807784,34.8015576],[114.6817784,34.8044703],[114.6834578,34.8092359],[114.6848295,34.8123628],[114.6862357,34.8153472],[114.6874844,34.8174461],[114.6887738,34.8194634],[114.6898554,34.8210182]]}}]}